# ************************************************************
# Sequel Pro SQL dump
# Version 4541
#
# http://www.sequelpro.com/
# https://github.com/sequelpro/sequelpro
#
# Host: localhost (MySQL 5.7.18)
# Database: mmb
# Generation Time: 2017-06-06 22:18:40 +0000
# ************************************************************


/*!40101 SET @OLD_CHARACTER_SET_CLIENT=@@CHARACTER_SET_CLIENT */;
/*!40101 SET @OLD_CHARACTER_SET_RESULTS=@@CHARACTER_SET_RESULTS */;
/*!40101 SET @OLD_COLLATION_CONNECTION=@@COLLATION_CONNECTION */;
/*!40101 SET NAMES utf8 */;
/*!40014 SET @OLD_FOREIGN_KEY_CHECKS=@@FOREIGN_KEY_CHECKS, FOREIGN_KEY_CHECKS=0 */;
/*!40101 SET @OLD_SQL_MODE=@@SQL_MODE, SQL_MODE='NO_AUTO_VALUE_ON_ZERO' */;
/*!40111 SET @OLD_SQL_NOTES=@@SQL_NOTES, SQL_NOTES=0 */;


# Dump of table DATABASECHANGELOG
# ------------------------------------------------------------

DROP TABLE IF EXISTS `DATABASECHANGELOG`;

CREATE TABLE `DATABASECHANGELOG` (
  `ID` varchar(255) NOT NULL,
  `AUTHOR` varchar(255) NOT NULL,
  `FILENAME` varchar(255) NOT NULL,
  `DATEEXECUTED` datetime NOT NULL,
  `ORDEREXECUTED` int(11) NOT NULL,
  `EXECTYPE` varchar(10) NOT NULL,
  `MD5SUM` varchar(35) DEFAULT NULL,
  `DESCRIPTION` varchar(255) DEFAULT NULL,
  `COMMENTS` varchar(255) DEFAULT NULL,
  `TAG` varchar(255) DEFAULT NULL,
  `LIQUIBASE` varchar(20) DEFAULT NULL,
  `CONTEXTS` varchar(255) DEFAULT NULL,
  `LABELS` varchar(255) DEFAULT NULL
) ENGINE=InnoDB DEFAULT CHARSET=utf8;

LOCK TABLES `DATABASECHANGELOG` WRITE;
/*!40000 ALTER TABLE `DATABASECHANGELOG` DISABLE KEYS */;

INSERT INTO `DATABASECHANGELOG` (`ID`, `AUTHOR`, `FILENAME`, `DATEEXECUTED`, `ORDEREXECUTED`, `EXECTYPE`, `MD5SUM`, `DESCRIPTION`, `COMMENTS`, `TAG`, `LIQUIBASE`, `CONTEXTS`, `LABELS`)
VALUES
	('00000000000001','jhipster','classpath:config/liquibase/changelog/00000000000000_initial_schema.xml','2016-09-05 00:20:21',1,'EXECUTED','7:ecad7c1efd6fe633b336965d78da0c01','createTable, createIndex (x2), createTable (x2), addPrimaryKey, addForeignKeyConstraint (x2), loadData, dropDefaultValue, loadData (x2), createTable (x2), addPrimaryKey, createIndex (x2), addForeignKeyConstraint','',NULL,'3.4.2',NULL,NULL),
	('20160824184900-1','jhipster','classpath:config/liquibase/changelog/20160824184900_added_entity_MrlRecommendGuardian.xml','2016-09-05 00:20:21',2,'EXECUTED','7:9e0e277ea17b12dba76682e04e347723','createTable, dropDefaultValue','',NULL,'3.4.2',NULL,NULL),
	('20160824184901-1','jhipster','classpath:config/liquibase/changelog/20160824184901_added_entity_MrlRecommendTraining.xml','2016-09-05 00:20:21',3,'EXECUTED','7:18df81611d9fd009fcd128dbcefcd3a6','createTable, dropDefaultValue','',NULL,'3.4.2',NULL,NULL),
	('20160824184902-1','jhipster','classpath:config/liquibase/changelog/20160824184902_added_entity_MrlRecommendHouse.xml','2016-09-05 00:20:21',4,'EXECUTED','7:dcebcadc4f90e0c4e55f1916d971d601','createTable, dropDefaultValue','',NULL,'3.4.2',NULL,NULL),
	('20160824184903-1','jhipster','classpath:config/liquibase/changelog/20160824184903_added_entity_MrlRecommendStudent.xml','2016-09-05 00:20:21',5,'EXECUTED','7:952957fd258c8229ad37526ee73ff292','createTable, dropDefaultValue','',NULL,'3.4.2',NULL,NULL),
	('20160824184904-1','jhipster','classpath:config/liquibase/changelog/20160824184904_added_entity_MamActivity.xml','2016-09-05 00:20:21',6,'EXECUTED','7:ebb35a4dcaa14fd4a213462a77cad65a','createTable, dropDefaultValue (x2)','',NULL,'3.4.2',NULL,NULL),
	('20160824184905-1','jhipster','classpath:config/liquibase/changelog/20160824184905_added_entity_MamStudentJoinActivity.xml','2016-09-05 00:20:21',7,'EXECUTED','7:d3922a08be1bf61708e6c709ec9a7760','createTable, dropDefaultValue (x2)','',NULL,'3.4.2',NULL,NULL),
	('20160824184906-1','jhipster','classpath:config/liquibase/changelog/20160824184906_added_entity_MamServiceDeal.xml','2016-09-05 00:20:21',8,'EXECUTED','7:9ea1e395c4975bb24d9487db60e6cbd1','createTable, dropDefaultValue','',NULL,'3.4.2',NULL,NULL),
	('20160824184907-1','jhipster','classpath:config/liquibase/changelog/20160824184907_added_entity_MamCreditDeal.xml','2016-09-05 00:20:21',9,'EXECUTED','7:a28ac1cd4d5a3d9da7bc64c0f1c87f0a','createTable, dropDefaultValue','',NULL,'3.4.2',NULL,NULL),
	('20160824184908-1','jhipster','classpath:config/liquibase/changelog/20160824184908_added_entity_MamInfoResource.xml','2016-09-05 00:20:21',10,'EXECUTED','7:448aef4769777d6ab6d17751b5c8f0e8','createTable, dropDefaultValue','',NULL,'3.4.2',NULL,NULL),
	('20160824184909-1','jhipster','classpath:config/liquibase/changelog/20160824184909_added_entity_MamBroadcast.xml','2016-09-05 00:20:21',11,'EXECUTED','7:d924ea3f6d2997e57c857edc12619bfd','createTable, dropDefaultValue','',NULL,'3.4.2',NULL,NULL),
	('20160824184910-1','jhipster','classpath:config/liquibase/changelog/20160824184910_added_entity_MamAdvertisement.xml','2016-09-05 00:20:21',12,'EXECUTED','7:7259c6ebe8d79b4015a852762b6b857e','createTable, dropDefaultValue','',NULL,'3.4.2',NULL,NULL),
	('20160824184936-1','jhipster','classpath:config/liquibase/changelog/20160824184936_added_entity_MadCountry.xml','2016-09-05 00:20:21',13,'EXECUTED','7:c21543c1444afb3ded9be737a829e683','createTable','',NULL,'3.4.2',NULL,NULL),
	('20160824184937-1','jhipster','classpath:config/liquibase/changelog/20160824184937_added_entity_MadProvince.xml','2016-09-05 00:20:21',14,'EXECUTED','7:ffb339bb8f5008c025e7c06027b78047','createTable','',NULL,'3.4.2',NULL,NULL),
	('20160824184938-1','jhipster','classpath:config/liquibase/changelog/20160824184938_added_entity_MadCity.xml','2016-09-05 00:20:21',15,'EXECUTED','7:5ef7ca667def62ccfc8ae12f4c06d75e','createTable','',NULL,'3.4.2',NULL,NULL),
	('20160824184939-1','jhipster','classpath:config/liquibase/changelog/20160824184939_added_entity_MadAddressTraining.xml','2016-09-05 00:20:21',16,'EXECUTED','7:e063fb182ed83d024e99062b23158a60','createTable','',NULL,'3.4.2',NULL,NULL),
	('20160824184940-1','jhipster','classpath:config/liquibase/changelog/20160824184940_added_entity_MglImage.xml','2016-09-05 00:20:21',17,'EXECUTED','7:fecd188d9e4816dff7677c83e084e03d','createTable, dropDefaultValue','',NULL,'3.4.2',NULL,NULL),
	('20160824184941-1','jhipster','classpath:config/liquibase/changelog/20160824184941_added_entity_MglMoreService.xml','2016-09-05 00:20:21',18,'EXECUTED','7:6b6df60198fb045ac1cb2b5e444bacfd','createTable','',NULL,'3.4.2',NULL,NULL),
	('20160824184942-1','jhipster','classpath:config/liquibase/changelog/20160824184942_added_entity_MbeUser.xml','2016-09-05 00:20:21',19,'EXECUTED','7:26cb3b871154ca18997bab408858d5e8','createTable','',NULL,'3.4.2',NULL,NULL),
	('20160824184943-1','jhipster','classpath:config/liquibase/changelog/20160824184943_added_entity_MbeGuardian.xml','2016-09-05 00:20:21',20,'EXECUTED','7:a363ce765294fc0d5021a2ad727cae3c','createTable','',NULL,'3.4.2',NULL,NULL),
	('20160824184944-1','jhipster','classpath:config/liquibase/changelog/20160824184944_added_entity_MbeTraining.xml','2016-09-05 00:20:21',21,'EXECUTED','7:cdcb7b3bcc17f53f1379e992df94c2ab','createTable','',NULL,'3.4.2',NULL,NULL),
	('20160824184945-1','jhipster','classpath:config/liquibase/changelog/20160824184945_added_entity_MbeRent.xml','2016-09-05 00:20:21',22,'EXECUTED','7:ee0ac5c60710b180aca67e28d0efd92a','createTable','',NULL,'3.4.2',NULL,NULL),
	('20160824184946-1','jhipster','classpath:config/liquibase/changelog/20160824184946_added_entity_MbeSchool.xml','2016-09-05 00:20:21',23,'EXECUTED','7:6114ce76f0d4eb812b52a079eaff9d81','createTable, dropDefaultValue','',NULL,'3.4.2',NULL,NULL),
	('20160824184947-1','jhipster','classpath:config/liquibase/changelog/20160824184947_added_entity_MbeHouse.xml','2016-09-05 00:20:21',24,'EXECUTED','7:9110cb1fb12c2767468f65d67c3deed4','createTable','',NULL,'3.4.2',NULL,NULL),
	('20160824184948-1','jhipster','classpath:config/liquibase/changelog/20160824184948_added_entity_MrlHouseNearSchool.xml','2016-09-05 00:20:21',25,'EXECUTED','7:7d310b2a48d5da42536244ffdc53ccbb','createTable, dropDefaultValue','',NULL,'3.4.2',NULL,NULL),
	('20160824184949-1','jhipster','classpath:config/liquibase/changelog/20160824184949_added_entity_MbeRoom.xml','2016-09-05 00:20:21',26,'EXECUTED','7:df59625899b947e2614d9117bbc0cb3e','createTable','',NULL,'3.4.2',NULL,NULL),
	('20160824184950-1','jhipster','classpath:config/liquibase/changelog/20160824184950_added_entity_MbeStudent.xml','2016-09-05 00:20:21',27,'EXECUTED','7:37648a7bfb64a81834408d376eb5a969','createTable','',NULL,'3.4.2',NULL,NULL),
	('20160824184951-1','jhipster','classpath:config/liquibase/changelog/20160824184951_added_entity_MrlStudentApplySchool.xml','2016-09-05 00:20:21',28,'EXECUTED','7:6d374242f192ffc2ac5e4447a2b5961c','createTable, dropDefaultValue','',NULL,'3.4.2',NULL,NULL),
	('20160824184952-1','jhipster','classpath:config/liquibase/changelog/20160824184952_added_entity_MbeSale.xml','2016-09-05 00:20:21',29,'EXECUTED','7:80698cb2cc3d76568e0f558b9a0e4b93','createTable','',NULL,'3.4.2',NULL,NULL),
	('20160824184953-1','jhipster','classpath:config/liquibase/changelog/20160824184953_added_entity_MrlCommentGuardian.xml','2016-09-05 00:20:21',30,'EXECUTED','7:b459deba768746904050bf45a1f1bc02','createTable, dropDefaultValue','',NULL,'3.4.2',NULL,NULL),
	('20160824184954-1','jhipster','classpath:config/liquibase/changelog/20160824184954_added_entity_MrlCommentTraining.xml','2016-09-05 00:20:21',31,'EXECUTED','7:79d2bc56509d98dd9c4e306801b54f2e','createTable, dropDefaultValue','',NULL,'3.4.2',NULL,NULL),
	('20160824184955-1','jhipster','classpath:config/liquibase/changelog/20160824184955_added_entity_MrlCommentHouse.xml','2016-09-05 00:20:21',32,'EXECUTED','7:4e3af4aa3f946da46b829a3f1bfcba08','createTable, dropDefaultValue','',NULL,'3.4.2',NULL,NULL),
	('20160824184956-1','jhipster','classpath:config/liquibase/changelog/20160824184956_added_entity_MrlCommentStudent.xml','2016-09-05 00:20:21',33,'EXECUTED','7:89b43f8ed83d0d595ecc199ca7d38ebc','createTable, dropDefaultValue','',NULL,'3.4.2',NULL,NULL),
	('20160824184957-1','jhipster','classpath:config/liquibase/changelog/20160824184957_added_entity_MrlComplainGuardian.xml','2016-09-05 00:20:21',34,'EXECUTED','7:b225d9c73988a4de61da27f80a3d9e9e','createTable, dropDefaultValue','',NULL,'3.4.2',NULL,NULL),
	('20160824184958-1','jhipster','classpath:config/liquibase/changelog/20160824184958_added_entity_MrlComplainTraining.xml','2016-09-05 00:20:21',35,'EXECUTED','7:356739ef2016b7ef83ecfcc9049632b5','createTable, dropDefaultValue','',NULL,'3.4.2',NULL,NULL),
	('20160824184959-1','jhipster','classpath:config/liquibase/changelog/20160824184959_added_entity_MrlComplainHouse.xml','2016-09-05 00:20:21',36,'EXECUTED','7:7ba0f5671ae7cc0485cd54fa79b6224a','createTable, dropDefaultValue','',NULL,'3.4.2',NULL,NULL),
	('20160824184900-2','jhipster','classpath:config/liquibase/changelog/20160824184900_added_entity_constraints_MrlRecommendGuardian.xml','2016-09-05 00:20:21',37,'EXECUTED','7:523a0fd78cbd53a450a58315d07b51f2','addForeignKeyConstraint (x2)','',NULL,'3.4.2',NULL,NULL),
	('20160824184901-2','jhipster','classpath:config/liquibase/changelog/20160824184901_added_entity_constraints_MrlRecommendTraining.xml','2016-09-05 00:20:21',38,'EXECUTED','7:16100593816babbb51bbf4d07c1f6e18','addForeignKeyConstraint (x2)','',NULL,'3.4.2',NULL,NULL),
	('20160824184902-2','jhipster','classpath:config/liquibase/changelog/20160824184902_added_entity_constraints_MrlRecommendHouse.xml','2016-09-05 00:20:21',39,'EXECUTED','7:5f2414f691ae46afcd088cf9adaf172b','addForeignKeyConstraint (x2)','',NULL,'3.4.2',NULL,NULL),
	('20160824184903-2','jhipster','classpath:config/liquibase/changelog/20160824184903_added_entity_constraints_MrlRecommendStudent.xml','2016-09-05 00:20:21',40,'EXECUTED','7:ac49fa4bed5baa413c9f39ecc755a125','addForeignKeyConstraint (x2)','',NULL,'3.4.2',NULL,NULL),
	('20160824184905-2','jhipster','classpath:config/liquibase/changelog/20160824184905_added_entity_constraints_MamStudentJoinActivity.xml','2016-09-05 00:20:21',41,'EXECUTED','7:419ec02bcf3b878b739f2713962d134c','addForeignKeyConstraint (x2)','',NULL,'3.4.2',NULL,NULL),
	('20160824184906-2','jhipster','classpath:config/liquibase/changelog/20160824184906_added_entity_constraints_MamServiceDeal.xml','2016-09-05 00:20:21',42,'EXECUTED','7:1aa588f0d070d1c2a28915af253f0a41','addForeignKeyConstraint (x3)','',NULL,'3.4.2',NULL,NULL),
	('20160824184907-2','jhipster','classpath:config/liquibase/changelog/20160824184907_added_entity_constraints_MamCreditDeal.xml','2016-09-05 00:20:21',43,'EXECUTED','7:ac4fda6eab6c90449d3d4cbff0beec10','addForeignKeyConstraint','',NULL,'3.4.2',NULL,NULL),
	('20160824184937-2','jhipster','classpath:config/liquibase/changelog/20160824184937_added_entity_constraints_MadProvince.xml','2016-09-05 00:20:21',44,'EXECUTED','7:15661e2beab9c2412e5b0a72a7d0237f','addForeignKeyConstraint','',NULL,'3.4.2',NULL,NULL),
	('20160824184938-2','jhipster','classpath:config/liquibase/changelog/20160824184938_added_entity_constraints_MadCity.xml','2016-09-05 00:20:21',45,'EXECUTED','7:21438baf5742d2c78990264e4d467fe0','addForeignKeyConstraint','',NULL,'3.4.2',NULL,NULL),
	('20160824184939-2','jhipster','classpath:config/liquibase/changelog/20160824184939_added_entity_constraints_MadAddressTraining.xml','2016-09-05 00:20:22',46,'EXECUTED','7:e4f99d2b5fba92816231020ebd2e884f','addForeignKeyConstraint (x2)','',NULL,'3.4.2',NULL,NULL),
	('20160824184942-2','jhipster','classpath:config/liquibase/changelog/20160824184942_added_entity_constraints_MbeUser.xml','2016-09-05 00:20:22',47,'EXECUTED','7:cf62fce13787d9a6b598a762b44a8d30','addForeignKeyConstraint (x3)','',NULL,'3.4.2',NULL,NULL),
	('20160824184943-2','jhipster','classpath:config/liquibase/changelog/20160824184943_added_entity_constraints_MbeGuardian.xml','2016-09-05 00:20:22',48,'EXECUTED','7:ecbc5fdb715401f495073f900c5b9420','addForeignKeyConstraint (x3)','',NULL,'3.4.2',NULL,NULL),
	('20160824184944-2','jhipster','classpath:config/liquibase/changelog/20160824184944_added_entity_constraints_MbeTraining.xml','2016-09-05 00:20:22',49,'EXECUTED','7:7cbd9dc26b189d1e4c41930272fbd1eb','addForeignKeyConstraint (x2)','',NULL,'3.4.2',NULL,NULL),
	('20160824184945-2','jhipster','classpath:config/liquibase/changelog/20160824184945_added_entity_constraints_MbeRent.xml','2016-09-05 00:20:22',50,'EXECUTED','7:6a2a2bd4038bbed5b27cb6495169c3fb','addForeignKeyConstraint (x2)','',NULL,'3.4.2',NULL,NULL),
	('20160824184946-2','jhipster','classpath:config/liquibase/changelog/20160824184946_added_entity_constraints_MbeSchool.xml','2016-09-05 00:20:22',51,'EXECUTED','7:ba072eb01828683f2d492402777f3028','addForeignKeyConstraint','',NULL,'3.4.2',NULL,NULL),
	('20160824184947-2','jhipster','classpath:config/liquibase/changelog/20160824184947_added_entity_constraints_MbeHouse.xml','2016-09-05 00:20:22',52,'EXECUTED','7:fe9b2948c7f93a6042960648c5070921','addForeignKeyConstraint (x3)','',NULL,'3.4.2',NULL,NULL),
	('20160824184948-2','jhipster','classpath:config/liquibase/changelog/20160824184948_added_entity_constraints_MrlHouseNearSchool.xml','2016-09-05 00:20:22',53,'EXECUTED','7:3439f093018bd95906e2ad785a45e120','addForeignKeyConstraint (x2)','',NULL,'3.4.2',NULL,NULL),
	('20160824184949-2','jhipster','classpath:config/liquibase/changelog/20160824184949_added_entity_constraints_MbeRoom.xml','2016-09-05 00:20:22',54,'EXECUTED','7:0a6d821c0b77ece5b7215eeca48fa496','addForeignKeyConstraint','',NULL,'3.4.2',NULL,NULL),
	('20160824184950-2','jhipster','classpath:config/liquibase/changelog/20160824184950_added_entity_constraints_MbeStudent.xml','2016-09-05 00:20:22',55,'EXECUTED','7:5d169ac6a318be39b1d24e01c624935e','addForeignKeyConstraint (x4)','',NULL,'3.4.2',NULL,NULL),
	('20160824184951-2','jhipster','classpath:config/liquibase/changelog/20160824184951_added_entity_constraints_MrlStudentApplySchool.xml','2016-09-05 00:20:22',56,'EXECUTED','7:01d2f70decb00d6c8204ff0edce4e6c8','addForeignKeyConstraint (x2)','',NULL,'3.4.2',NULL,NULL),
	('20160824184952-2','jhipster','classpath:config/liquibase/changelog/20160824184952_added_entity_constraints_MbeSale.xml','2016-09-05 00:20:22',57,'EXECUTED','7:f95d42ea7ff12f58b1fca31f875b9f31','addForeignKeyConstraint (x2)','',NULL,'3.4.2',NULL,NULL),
	('20160824184953-2','jhipster','classpath:config/liquibase/changelog/20160824184953_added_entity_constraints_MrlCommentGuardian.xml','2016-09-05 00:20:22',58,'EXECUTED','7:e0ba6c9fb775fce3cbd0feeb623f070e','addForeignKeyConstraint (x2)','',NULL,'3.4.2',NULL,NULL),
	('20160824184954-2','jhipster','classpath:config/liquibase/changelog/20160824184954_added_entity_constraints_MrlCommentTraining.xml','2016-09-05 00:20:22',59,'EXECUTED','7:9019b5e68e44c6309e01fa1a76c802fc','addForeignKeyConstraint (x3)','',NULL,'3.4.2',NULL,NULL),
	('20160824184955-2','jhipster','classpath:config/liquibase/changelog/20160824184955_added_entity_constraints_MrlCommentHouse.xml','2016-09-05 00:20:22',60,'EXECUTED','7:cd6a6077ea21358bb55c4d70f847b1ed','addForeignKeyConstraint (x3)','',NULL,'3.4.2',NULL,NULL),
	('20160824184956-2','jhipster','classpath:config/liquibase/changelog/20160824184956_added_entity_constraints_MrlCommentStudent.xml','2016-09-05 00:20:22',61,'EXECUTED','7:cbd1f46305310dc4331a08b70d4d7079','addForeignKeyConstraint (x3)','',NULL,'3.4.2',NULL,NULL),
	('20160824184957-2','jhipster','classpath:config/liquibase/changelog/20160824184957_added_entity_constraints_MrlComplainGuardian.xml','2016-09-05 00:20:22',62,'EXECUTED','7:99b34de9486c314fa75703853c86617f','addForeignKeyConstraint (x2)','',NULL,'3.4.2',NULL,NULL),
	('20160824184958-2','jhipster','classpath:config/liquibase/changelog/20160824184958_added_entity_constraints_MrlComplainTraining.xml','2016-09-05 00:20:22',63,'EXECUTED','7:adb56cc16cf962826a84cb255c66df3b','addForeignKeyConstraint (x2)','',NULL,'3.4.2',NULL,NULL),
	('20160824184959-2','jhipster','classpath:config/liquibase/changelog/20160824184959_added_entity_constraints_MrlComplainHouse.xml','2016-09-05 00:20:22',64,'EXECUTED','7:c6bfa08518ff2ae0ae431b245f1564c8','addForeignKeyConstraint (x2)','',NULL,'3.4.2',NULL,NULL);

/*!40000 ALTER TABLE `DATABASECHANGELOG` ENABLE KEYS */;
UNLOCK TABLES;


# Dump of table DATABASECHANGELOGLOCK
# ------------------------------------------------------------

DROP TABLE IF EXISTS `DATABASECHANGELOGLOCK`;

CREATE TABLE `DATABASECHANGELOGLOCK` (
  `ID` int(11) NOT NULL,
  `LOCKED` bit(1) NOT NULL,
  `LOCKGRANTED` datetime DEFAULT NULL,
  `LOCKEDBY` varchar(255) DEFAULT NULL,
  PRIMARY KEY (`ID`)
) ENGINE=InnoDB DEFAULT CHARSET=utf8;

LOCK TABLES `DATABASECHANGELOGLOCK` WRITE;
/*!40000 ALTER TABLE `DATABASECHANGELOGLOCK` DISABLE KEYS */;

INSERT INTO `DATABASECHANGELOGLOCK` (`ID`, `LOCKED`, `LOCKGRANTED`, `LOCKEDBY`)
VALUES
	(1,b'0',NULL,NULL);

/*!40000 ALTER TABLE `DATABASECHANGELOGLOCK` ENABLE KEYS */;
UNLOCK TABLES;


# Dump of table jhi_authority
# ------------------------------------------------------------

DROP TABLE IF EXISTS `jhi_authority`;

CREATE TABLE `jhi_authority` (
  `name` varchar(50) NOT NULL,
  PRIMARY KEY (`name`)
) ENGINE=InnoDB DEFAULT CHARSET=utf8;

LOCK TABLES `jhi_authority` WRITE;
/*!40000 ALTER TABLE `jhi_authority` DISABLE KEYS */;

INSERT INTO `jhi_authority` (`name`)
VALUES
	('ROLE_ADMIN'),
	('ROLE_USER');

/*!40000 ALTER TABLE `jhi_authority` ENABLE KEYS */;
UNLOCK TABLES;


# Dump of table jhi_persistent_audit_event
# ------------------------------------------------------------

DROP TABLE IF EXISTS `jhi_persistent_audit_event`;

CREATE TABLE `jhi_persistent_audit_event` (
  `event_id` bigint(20) NOT NULL AUTO_INCREMENT,
  `principal` varchar(50) NOT NULL,
  `event_date` timestamp NULL DEFAULT NULL,
  `event_type` varchar(255) DEFAULT NULL,
  PRIMARY KEY (`event_id`),
  KEY `idx_persistent_audit_event` (`principal`,`event_date`)
) ENGINE=InnoDB DEFAULT CHARSET=utf8;

LOCK TABLES `jhi_persistent_audit_event` WRITE;
/*!40000 ALTER TABLE `jhi_persistent_audit_event` DISABLE KEYS */;

INSERT INTO `jhi_persistent_audit_event` (`event_id`, `principal`, `event_date`, `event_type`)
VALUES
	(1,'admin','2016-09-05 23:26:21','AUTHENTICATION_SUCCESS'),
	(2,'admin','2016-09-06 22:21:49','AUTHENTICATION_SUCCESS'),
	(3,'admin','2016-09-17 15:51:53','AUTHENTICATION_SUCCESS'),
	(4,'admin','2016-09-18 02:04:38','AUTHENTICATION_SUCCESS'),
	(5,'luyao1','2016-09-18 17:29:20','AUTHENTICATION_SUCCESS'),
	(6,'luyao1','2016-09-18 20:28:17','AUTHENTICATION_SUCCESS'),
	(7,'luyao1','2016-09-22 14:14:17','AUTHENTICATION_SUCCESS'),
	(8,'admin','2016-09-23 14:26:26','AUTHENTICATION_SUCCESS'),
	(9,'admin','2016-09-23 14:27:06','AUTHENTICATION_SUCCESS'),
	(10,'luyao1','2016-09-23 15:22:42','AUTHENTICATION_SUCCESS'),
	(11,'luyao1','2016-09-26 17:27:52','AUTHENTICATION_SUCCESS'),
	(12,'luyao1','2016-09-26 17:29:12','AUTHENTICATION_SUCCESS'),
	(13,'admin','2016-09-29 12:16:04','AUTHENTICATION_SUCCESS'),
	(14,'admin','2016-09-29 12:16:04','AUTHENTICATION_SUCCESS'),
	(15,'luyao101','2016-10-01 22:06:11','AUTHENTICATION_SUCCESS'),
	(16,'luyao101','2016-10-01 22:09:17','AUTHENTICATION_SUCCESS'),
	(17,'luyao11','2016-10-01 22:30:47','AUTHENTICATION_SUCCESS'),
	(18,'luyao101','2016-10-01 22:31:00','AUTHENTICATION_SUCCESS'),
	(19,'luyao101','2016-10-02 12:22:28','AUTHENTICATION_SUCCESS'),
	(20,'luyao101','2016-10-02 12:26:31','AUTHENTICATION_SUCCESS'),
	(21,'luyao100','2016-10-02 12:41:35','AUTHENTICATION_SUCCESS'),
	(22,'luyao100','2016-10-02 12:48:21','AUTHENTICATION_SUCCESS'),
	(23,'luyao101','2016-10-02 12:49:32','AUTHENTICATION_SUCCESS'),
	(24,'luyao100','2016-10-02 15:12:53','AUTHENTICATION_SUCCESS'),
	(25,'luyao101','2016-10-02 16:38:56','AUTHENTICATION_SUCCESS'),
	(26,'admin','2016-10-02 17:19:36','AUTHENTICATION_SUCCESS'),
	(27,'luyao101','2016-10-02 17:20:48','AUTHENTICATION_SUCCESS'),
	(28,'luyao101','2016-10-02 17:28:51','AUTHENTICATION_SUCCESS'),
	(29,'luyao80','2016-10-02 19:32:50','AUTHENTICATION_SUCCESS'),
	(30,'luyao80','2016-10-02 19:33:31','AUTHENTICATION_SUCCESS'),
	(31,'luyao81','2016-10-02 20:59:11','AUTHENTICATION_SUCCESS'),
	(32,'luyao82','2016-10-02 22:03:10','AUTHENTICATION_SUCCESS'),
	(33,'luyao83','2016-10-02 22:32:06','AUTHENTICATION_SUCCESS'),
	(34,'luyao84','2016-10-02 22:32:41','AUTHENTICATION_SUCCESS'),
	(35,'luyao85','2016-10-02 22:38:14','AUTHENTICATION_SUCCESS'),
	(36,'admin','2016-10-02 22:40:22','AUTHENTICATION_SUCCESS'),
	(37,'luyao102','2016-10-03 11:17:42','AUTHENTICATION_SUCCESS'),
	(38,'yaolu103','2016-10-03 13:43:03','AUTHENTICATION_FAILURE'),
	(39,'luyao103','2016-10-03 13:43:16','AUTHENTICATION_FAILURE'),
	(40,'luyao103','2016-10-03 13:43:21','AUTHENTICATION_FAILURE'),
	(41,'luyao103','2016-10-03 14:13:20','AUTHENTICATION_SUCCESS'),
	(42,'luyao104@hotmail.com','2016-10-03 19:44:07','AUTHENTICATION_FAILURE'),
	(43,'luyao104','2016-10-03 19:44:14','AUTHENTICATION_SUCCESS'),
	(44,'luyao104','2016-10-03 19:47:35','AUTHENTICATION_SUCCESS'),
	(45,'luyao111','2016-10-04 23:59:59','AUTHENTICATION_SUCCESS'),
	(46,'luyao112','2016-10-05 00:02:28','AUTHENTICATION_SUCCESS'),
	(47,'luyao1','2016-10-05 15:34:37','AUTHENTICATION_SUCCESS'),
	(48,'admin','2016-10-05 15:35:07','AUTHENTICATION_SUCCESS'),
	(49,'luyao13','2016-10-05 16:55:46','AUTHENTICATION_SUCCESS'),
	(50,'luyao74','2016-10-05 16:56:34','AUTHENTICATION_SUCCESS'),
	(51,'yaolu75','2016-10-05 17:30:31','AUTHENTICATION_FAILURE'),
	(52,'luyao75','2016-10-05 17:30:37','AUTHENTICATION_SUCCESS'),
	(53,'luyao101','2016-10-06 14:05:20','AUTHENTICATION_SUCCESS'),
	(54,'luyao1','2016-10-06 14:21:58','AUTHENTICATION_SUCCESS'),
	(55,'admin','2016-10-06 19:24:16','AUTHENTICATION_SUCCESS'),
	(56,'admin','2016-10-07 13:54:37','AUTHENTICATION_SUCCESS'),
	(57,'luyao101','2016-10-07 16:32:36','AUTHENTICATION_SUCCESS'),
	(58,'luyao141','2016-10-07 16:34:31','AUTHENTICATION_SUCCESS'),
	(59,'admin','2016-10-07 22:54:19','AUTHENTICATION_SUCCESS'),
	(60,'luyao1','2016-10-07 23:43:45','AUTHENTICATION_SUCCESS'),
	(61,'admin','2016-10-08 15:37:53','AUTHENTICATION_SUCCESS'),
	(62,'admin','2016-10-10 13:54:46','AUTHENTICATION_SUCCESS'),
	(63,'luyao102','2016-10-10 16:52:45','AUTHENTICATION_FAILURE'),
	(64,'luyao102','2016-10-10 16:53:15','AUTHENTICATION_SUCCESS'),
	(65,'admin','2016-10-14 15:23:03','AUTHENTICATION_SUCCESS'),
	(66,'luyao102','2016-10-17 11:01:17','AUTHENTICATION_SUCCESS'),
	(67,'luyao102','2016-10-18 15:34:21','AUTHENTICATION_SUCCESS'),
	(68,'admin','2016-10-18 18:17:59','AUTHENTICATION_SUCCESS'),
	(69,'admin','2016-10-18 23:11:03','AUTHENTICATION_SUCCESS'),
	(70,'luyao102','2016-10-19 09:18:49','AUTHENTICATION_SUCCESS'),
	(71,'luyao102','2016-10-19 09:45:20','AUTHENTICATION_SUCCESS'),
	(72,'luyao102','2016-10-19 09:46:48','AUTHENTICATION_SUCCESS'),
	(73,'luyao','2016-10-20 22:10:15','AUTHENTICATION_FAILURE'),
	(74,'luyao102','2016-10-20 22:10:20','AUTHENTICATION_SUCCESS'),
	(75,'luyao1','2016-10-20 22:28:12','AUTHENTICATION_FAILURE'),
	(76,'luyao8','2016-10-20 22:28:19','AUTHENTICATION_SUCCESS'),
	(77,'luyao12','2016-10-20 23:12:48','AUTHENTICATION_SUCCESS'),
	(78,'luyao12','2016-10-21 09:30:31','AUTHENTICATION_SUCCESS'),
	(79,'luyao12','2016-10-21 09:31:27','AUTHENTICATION_SUCCESS'),
	(80,'luyao12','2016-10-21 12:08:35','AUTHENTICATION_SUCCESS'),
	(81,'luyao11','2016-10-21 21:07:23','AUTHENTICATION_SUCCESS'),
	(82,'luyao101','2016-10-22 21:08:55','AUTHENTICATION_SUCCESS'),
	(83,'luyao12','2016-10-22 21:25:32','AUTHENTICATION_SUCCESS'),
	(84,'luyao106','2016-10-22 21:34:40','AUTHENTICATION_SUCCESS'),
	(85,'yaolu12','2016-10-22 21:51:27','AUTHENTICATION_FAILURE'),
	(86,'luyao12','2016-10-22 21:51:36','AUTHENTICATION_SUCCESS'),
	(87,'luyao101','2016-10-22 21:59:20','AUTHENTICATION_SUCCESS'),
	(88,'luyao12','2016-10-22 22:18:14','AUTHENTICATION_SUCCESS'),
	(89,'luyao101','2016-10-22 22:23:30','AUTHENTICATION_SUCCESS'),
	(90,'luyao101','2016-10-23 10:06:38','AUTHENTICATION_SUCCESS'),
	(91,'luyao12','2016-10-23 11:19:01','AUTHENTICATION_SUCCESS'),
	(92,'luyao101','2016-10-23 12:48:38','AUTHENTICATION_SUCCESS'),
	(93,'luyao101','2016-10-23 18:50:06','AUTHENTICATION_SUCCESS'),
	(94,'luyao12','2016-10-24 01:12:33','AUTHENTICATION_SUCCESS'),
	(95,'luyao101','2016-10-24 14:25:32','AUTHENTICATION_SUCCESS'),
	(96,'luyao102','2016-10-24 16:14:13','AUTHENTICATION_SUCCESS'),
	(97,'luyao101','2016-10-25 18:03:22','AUTHENTICATION_SUCCESS'),
	(98,'luyao111','2016-10-26 08:48:30','AUTHENTICATION_SUCCESS'),
	(99,'luyao12','2016-10-26 09:13:06','AUTHENTICATION_SUCCESS'),
	(100,'luyao101','2016-10-26 09:20:35','AUTHENTICATION_SUCCESS'),
	(101,'admin','2016-10-26 17:52:18','AUTHENTICATION_SUCCESS'),
	(102,'luyao101','2016-10-26 17:53:40','AUTHENTICATION_SUCCESS'),
	(103,'luyao101','2016-10-27 22:27:21','AUTHENTICATION_SUCCESS'),
	(104,'luyao101','2016-10-28 11:51:02','AUTHENTICATION_SUCCESS'),
	(105,'luyao101','2016-10-29 13:59:04','AUTHENTICATION_SUCCESS'),
	(106,'admin','2016-10-29 14:04:00','AUTHENTICATION_SUCCESS'),
	(107,'luyao101','2016-10-29 16:50:05','AUTHENTICATION_SUCCESS'),
	(108,'luyao102','2016-10-29 20:34:07','AUTHENTICATION_SUCCESS'),
	(109,'luyao101','2016-10-29 20:34:51','AUTHENTICATION_SUCCESS'),
	(110,'admin','2016-10-30 14:11:37','AUTHENTICATION_SUCCESS'),
	(111,'luyao101','2016-10-30 17:42:51','AUTHENTICATION_SUCCESS'),
	(112,'luyao1','2016-10-30 17:45:01','AUTHENTICATION_FAILURE'),
	(113,'luyao4','2016-10-30 17:46:28','AUTHENTICATION_SUCCESS'),
	(114,'luyao101','2016-10-30 17:46:49','AUTHENTICATION_SUCCESS'),
	(115,'luyao4','2016-10-30 17:47:17','AUTHENTICATION_SUCCESS'),
	(116,'admin','2016-10-30 17:53:12','AUTHENTICATION_SUCCESS'),
	(117,'luyao101','2016-10-30 17:57:36','AUTHENTICATION_SUCCESS'),
	(118,'admin','2016-10-30 21:00:32','AUTHENTICATION_SUCCESS'),
	(119,'luyao101','2016-11-01 20:06:59','AUTHENTICATION_SUCCESS'),
	(120,'admin','2016-11-02 08:18:33','AUTHENTICATION_SUCCESS'),
	(121,'luyao101','2016-11-02 10:09:57','AUTHENTICATION_SUCCESS'),
	(122,'admin','2016-11-02 16:25:15','AUTHENTICATION_FAILURE'),
	(123,'admin','2016-11-02 16:25:20','AUTHENTICATION_SUCCESS'),
	(124,'luyao101','2016-11-02 16:44:50','AUTHENTICATION_SUCCESS'),
	(125,'luyao101','2016-11-03 22:06:56','AUTHENTICATION_SUCCESS'),
	(126,'admin','2016-11-03 22:13:09','AUTHENTICATION_SUCCESS'),
	(127,'luyao101','2016-11-03 22:34:09','AUTHENTICATION_SUCCESS'),
	(128,'luyao101','2016-11-04 13:25:24','AUTHENTICATION_SUCCESS'),
	(129,'luyao101','2016-11-04 13:29:15','AUTHENTICATION_SUCCESS'),
	(130,'luyao101','2016-11-04 13:29:15','AUTHENTICATION_SUCCESS'),
	(131,'luyao44','2016-11-04 13:40:23','AUTHENTICATION_SUCCESS'),
	(132,'luyao101','2016-11-04 14:09:30','AUTHENTICATION_SUCCESS'),
	(133,'luyao101','2016-11-04 14:35:36','AUTHENTICATION_SUCCESS'),
	(134,'luyao200','2016-11-04 15:22:03','AUTHENTICATION_SUCCESS'),
	(135,'luyao101','2016-11-04 15:23:02','AUTHENTICATION_SUCCESS'),
	(136,'luyao200','2016-11-04 15:28:02','AUTHENTICATION_SUCCESS'),
	(137,'luyao4','2016-11-04 15:45:04','AUTHENTICATION_SUCCESS'),
	(138,'luyao200','2016-11-04 15:45:35','AUTHENTICATION_SUCCESS'),
	(139,'admin','2016-11-04 15:46:08','AUTHENTICATION_SUCCESS'),
	(140,'luyao200','2016-11-04 15:48:40','AUTHENTICATION_SUCCESS'),
	(141,'admin','2016-11-04 15:57:29','AUTHENTICATION_SUCCESS'),
	(142,'admin','2016-11-06 16:31:26','AUTHENTICATION_SUCCESS'),
	(143,'luyao101','2016-11-06 20:42:54','AUTHENTICATION_SUCCESS'),
	(144,'admin','2016-11-06 21:16:44','AUTHENTICATION_SUCCESS'),
	(145,'luyao101','2016-11-07 16:42:14','AUTHENTICATION_SUCCESS'),
	(146,'luyao101','2016-11-07 17:48:43','AUTHENTICATION_SUCCESS'),
	(147,'admin','2016-11-08 18:01:16','AUTHENTICATION_SUCCESS'),
	(148,'luyao101','2016-11-08 18:05:33','AUTHENTICATION_SUCCESS'),
	(149,'luyao','2016-11-08 21:55:35','AUTHENTICATION_FAILURE'),
	(150,'luyao101','2016-11-08 21:55:39','AUTHENTICATION_SUCCESS'),
	(151,'admin','2016-11-08 21:57:41','AUTHENTICATION_SUCCESS'),
	(152,'luyao101','2016-11-08 22:01:17','AUTHENTICATION_SUCCESS'),
	(153,'luyao101','2016-11-09 17:55:18','AUTHENTICATION_SUCCESS'),
	(154,'luyao101','2016-11-09 21:20:39','AUTHENTICATION_SUCCESS'),
	(155,'luyao101','2016-11-09 21:27:25','AUTHENTICATION_SUCCESS'),
	(156,'luyao101','2016-11-09 21:28:01','AUTHENTICATION_SUCCESS'),
	(157,'luyao101','2016-11-09 21:28:15','AUTHENTICATION_SUCCESS'),
	(158,'luyao101','2016-11-09 21:28:25','AUTHENTICATION_SUCCESS'),
	(159,'luyao101','2016-11-09 23:02:18','AUTHENTICATION_SUCCESS'),
	(160,'luyao101','2016-11-09 23:02:26','AUTHENTICATION_SUCCESS'),
	(161,'luyao101','2016-11-09 23:02:39','AUTHENTICATION_SUCCESS'),
	(162,'luyao101','2016-11-09 23:02:48','AUTHENTICATION_SUCCESS'),
	(163,'luyao101','2016-11-09 23:03:01','AUTHENTICATION_SUCCESS'),
	(164,'luyao101','2016-11-10 08:45:35','AUTHENTICATION_FAILURE'),
	(165,'luyao101','2016-11-10 08:45:42','AUTHENTICATION_SUCCESS'),
	(166,'admin','2016-11-10 08:46:20','AUTHENTICATION_SUCCESS'),
	(167,'admin','2016-11-10 08:50:01','AUTHENTICATION_SUCCESS'),
	(168,'luyao101','2016-11-10 08:50:12','AUTHENTICATION_SUCCESS'),
	(169,'luyao101','2016-11-10 09:22:22','AUTHENTICATION_SUCCESS'),
	(170,'luyao101','2016-11-10 09:29:01','AUTHENTICATION_SUCCESS'),
	(171,'luyao202','2016-11-10 09:30:17','AUTHENTICATION_SUCCESS'),
	(172,'luyao202','2016-11-10 09:30:30','AUTHENTICATION_SUCCESS'),
	(173,'luyao101','2016-11-10 09:30:44','AUTHENTICATION_SUCCESS'),
	(174,'luyao101','2016-11-10 09:31:01','AUTHENTICATION_SUCCESS'),
	(175,'luyao101','2016-11-10 09:32:24','AUTHENTICATION_SUCCESS'),
	(176,'luyao202','2016-11-10 09:32:41','AUTHENTICATION_SUCCESS'),
	(177,'luyao202','2016-11-10 09:32:53','AUTHENTICATION_SUCCESS'),
	(178,'luyao203','2016-11-10 09:33:46','AUTHENTICATION_SUCCESS'),
	(179,'luyao203','2016-11-10 09:34:06','AUTHENTICATION_SUCCESS'),
	(180,'luyao203','2016-11-10 09:35:19','AUTHENTICATION_SUCCESS'),
	(181,'admin','2016-11-10 09:48:31','AUTHENTICATION_SUCCESS'),
	(182,'luyao101','2016-11-10 09:54:50','AUTHENTICATION_SUCCESS'),
	(183,'admin','2016-11-10 10:46:25','AUTHENTICATION_SUCCESS'),
	(184,'admin','2016-11-10 11:09:43','AUTHENTICATION_SUCCESS'),
	(185,'luyao101','2016-11-11 21:04:41','AUTHENTICATION_SUCCESS'),
	(186,'luyao101','2016-11-11 21:05:36','AUTHENTICATION_SUCCESS'),
	(187,'luyao101','2016-11-12 11:48:43','AUTHENTICATION_SUCCESS'),
	(188,'luyao101','2016-11-12 11:48:49','AUTHENTICATION_SUCCESS'),
	(189,'admin','2016-11-12 12:00:00','AUTHENTICATION_SUCCESS'),
	(190,'luyao101','2016-11-12 13:38:45','AUTHENTICATION_SUCCESS'),
	(191,'luyao101','2016-11-12 13:39:31','AUTHENTICATION_SUCCESS'),
	(192,'admin','2016-11-12 13:52:21','AUTHENTICATION_SUCCESS'),
	(193,'luyao101','2016-11-12 17:58:46','AUTHENTICATION_SUCCESS'),
	(194,'luyao101','2016-11-15 19:01:27','AUTHENTICATION_SUCCESS'),
	(195,'luyao101','2016-11-16 21:08:54','AUTHENTICATION_SUCCESS'),
	(196,'luyao101','2016-11-16 21:09:57','AUTHENTICATION_SUCCESS'),
	(197,'luyao101','2016-11-17 14:05:07','AUTHENTICATION_SUCCESS'),
	(198,'admin','2016-11-17 16:16:17','AUTHENTICATION_SUCCESS'),
	(199,'admin','2016-11-17 16:16:25','AUTHENTICATION_SUCCESS'),
	(200,'luyao101','2016-11-17 16:19:30','AUTHENTICATION_SUCCESS'),
	(201,'luyao101','2016-11-17 21:37:08','AUTHENTICATION_SUCCESS'),
	(202,'luyao101','2016-11-17 22:30:46','AUTHENTICATION_SUCCESS'),
	(203,'luyao101','2016-11-18 14:03:34','AUTHENTICATION_SUCCESS'),
	(204,'luyao101','2016-11-19 11:08:58','AUTHENTICATION_SUCCESS'),
	(205,'luyao101','2016-11-20 01:00:54','AUTHENTICATION_SUCCESS'),
	(206,'admin','2016-11-21 10:51:53','AUTHENTICATION_SUCCESS'),
	(207,'luyao101','2016-11-21 14:52:37','AUTHENTICATION_SUCCESS'),
	(208,'admin','2016-11-24 14:05:47','AUTHENTICATION_SUCCESS'),
	(209,'luyao','2016-11-24 15:23:58','AUTHENTICATION_FAILURE'),
	(210,'luyao101','2016-11-24 15:24:09','AUTHENTICATION_SUCCESS'),
	(211,'luyao101','2016-11-27 13:01:55','AUTHENTICATION_SUCCESS'),
	(212,'luyao101','2016-11-27 13:48:41','AUTHENTICATION_SUCCESS'),
	(213,'luyao101','2016-11-27 14:26:41','AUTHENTICATION_SUCCESS'),
	(214,'luyao101','2016-11-27 14:31:18','AUTHENTICATION_SUCCESS'),
	(215,'luyao101','2016-11-27 14:49:36','AUTHENTICATION_SUCCESS'),
	(216,'luyao101','2016-11-27 14:49:57','AUTHENTICATION_SUCCESS'),
	(217,'luyao101','2016-11-27 14:50:53','AUTHENTICATION_SUCCESS'),
	(218,'luyao101','2016-11-27 14:51:04','AUTHENTICATION_SUCCESS'),
	(219,'luyao101','2016-11-27 14:52:52','AUTHENTICATION_SUCCESS'),
	(220,'luyao101','2016-11-27 14:54:23','AUTHENTICATION_SUCCESS'),
	(221,'luyao101','2016-11-27 14:54:52','AUTHENTICATION_SUCCESS'),
	(222,'luyao101','2016-11-27 14:55:00','AUTHENTICATION_SUCCESS'),
	(223,'luyao101','2016-11-27 14:59:30','AUTHENTICATION_SUCCESS'),
	(224,'admin','2016-11-27 15:07:54','AUTHENTICATION_SUCCESS'),
	(225,'luyao101','2016-11-27 15:33:10','AUTHENTICATION_SUCCESS'),
	(226,'luyao101','2016-11-27 15:33:33','AUTHENTICATION_SUCCESS'),
	(227,'luyao101','2016-11-27 15:35:13','AUTHENTICATION_SUCCESS'),
	(228,'luyao101','2016-11-27 16:01:13','AUTHENTICATION_SUCCESS'),
	(229,'luyao101','2016-11-27 16:02:18','AUTHENTICATION_SUCCESS'),
	(230,'luyao101','2016-11-27 16:05:04','AUTHENTICATION_SUCCESS'),
	(231,'luyao101','2016-11-27 16:37:41','AUTHENTICATION_SUCCESS'),
	(232,'luyao101','2016-11-27 16:45:23','AUTHENTICATION_SUCCESS'),
	(233,'luyao101','2016-11-27 16:46:02','AUTHENTICATION_SUCCESS'),
	(234,'luyao101','2016-11-27 16:49:03','AUTHENTICATION_SUCCESS'),
	(235,'luyao101','2016-11-27 16:49:11','AUTHENTICATION_SUCCESS'),
	(236,'luyao101','2016-11-27 16:49:24','AUTHENTICATION_SUCCESS'),
	(237,'luyao101','2016-11-27 16:52:20','AUTHENTICATION_SUCCESS'),
	(238,'luyao101','2016-11-27 17:19:15','AUTHENTICATION_SUCCESS'),
	(239,'luyao101','2016-11-27 17:19:40','AUTHENTICATION_SUCCESS'),
	(240,'luyao101','2016-11-27 17:20:17','AUTHENTICATION_SUCCESS'),
	(241,'luyao101','2016-11-27 17:22:30','AUTHENTICATION_SUCCESS'),
	(242,'luyao101','2016-11-27 17:22:56','AUTHENTICATION_SUCCESS'),
	(243,'luyao101','2016-11-27 17:23:41','AUTHENTICATION_SUCCESS'),
	(244,'luyao101','2016-11-27 17:23:47','AUTHENTICATION_SUCCESS'),
	(245,'luyao101','2016-11-27 18:55:58','AUTHENTICATION_SUCCESS'),
	(246,'luyao101','2016-11-27 19:02:35','AUTHENTICATION_SUCCESS'),
	(247,'luyao101','2016-11-27 19:22:16','AUTHENTICATION_SUCCESS'),
	(248,'luyao101','2016-11-27 19:22:24','AUTHENTICATION_SUCCESS'),
	(249,'luyao101','2016-11-27 19:28:43','AUTHENTICATION_SUCCESS'),
	(250,'luyao101','2016-11-27 19:31:28','AUTHENTICATION_SUCCESS'),
	(251,'luyao101','2016-11-27 19:31:38','AUTHENTICATION_SUCCESS'),
	(252,'luyao101','2016-11-27 19:31:44','AUTHENTICATION_SUCCESS'),
	(253,'luyao101','2016-11-27 21:59:28','AUTHENTICATION_SUCCESS'),
	(254,'luyao101','2016-11-29 10:06:53','AUTHENTICATION_SUCCESS'),
	(255,'luyao101','2016-11-29 10:07:15','AUTHENTICATION_SUCCESS'),
	(256,'luyao101','2016-11-29 10:07:23','AUTHENTICATION_SUCCESS'),
	(257,'luyao101','2016-11-29 22:55:24','AUTHENTICATION_SUCCESS'),
	(258,'luyao101','2016-11-29 22:55:36','AUTHENTICATION_SUCCESS'),
	(259,'luyao101','2016-11-29 22:55:54','AUTHENTICATION_SUCCESS'),
	(260,'luyao101','2016-11-29 23:01:57','AUTHENTICATION_SUCCESS'),
	(261,'luyao101','2016-11-29 23:02:25','AUTHENTICATION_SUCCESS'),
	(262,'luyao101','2016-11-30 12:08:24','AUTHENTICATION_SUCCESS'),
	(263,'luyao101','2016-11-30 15:17:26','AUTHENTICATION_SUCCESS'),
	(264,'luyao101','2016-11-30 16:11:12','AUTHENTICATION_SUCCESS'),
	(265,'admin','2016-11-30 17:39:54','AUTHENTICATION_SUCCESS'),
	(266,'luyao101','2016-12-02 15:38:12','AUTHENTICATION_SUCCESS'),
	(267,'luyao101','2016-12-06 16:54:25','AUTHENTICATION_SUCCESS'),
	(268,'luyao101','2016-12-06 16:58:24','AUTHENTICATION_SUCCESS'),
	(269,'luyao502','2016-12-09 14:01:21','AUTHENTICATION_SUCCESS'),
	(270,'luyao101','2016-12-09 14:05:41','AUTHENTICATION_SUCCESS'),
	(271,'admin','2016-12-09 14:19:08','AUTHENTICATION_SUCCESS'),
	(272,'luyao101','2016-12-09 14:20:45','AUTHENTICATION_SUCCESS'),
	(273,'admin','2016-12-09 14:21:27','AUTHENTICATION_SUCCESS'),
	(274,'luyao101','2016-12-09 14:30:21','AUTHENTICATION_SUCCESS'),
	(275,'admin','2016-12-09 14:53:53','AUTHENTICATION_SUCCESS'),
	(276,'luyao67','2016-12-09 16:51:41','AUTHENTICATION_SUCCESS'),
	(277,'admin','2016-12-09 17:03:49','AUTHENTICATION_SUCCESS'),
	(278,'mike1','2016-12-12 17:34:15','AUTHENTICATION_FAILURE'),
	(279,'admin','2016-12-12 17:34:29','AUTHENTICATION_SUCCESS'),
	(280,'luyao101','2016-12-12 21:17:03','AUTHENTICATION_SUCCESS'),
	(281,'admin','2016-12-12 21:19:06','AUTHENTICATION_SUCCESS'),
	(282,'luyao101','2016-12-12 23:06:50','AUTHENTICATION_SUCCESS'),
	(283,'luyao101','2016-12-12 23:11:57','AUTHENTICATION_SUCCESS'),
	(284,'luyao101','2016-12-23 18:55:24','AUTHENTICATION_SUCCESS'),
	(285,'luyao101','2016-12-31 16:08:34','AUTHENTICATION_SUCCESS'),
	(286,'luyao101','2017-01-04 14:02:42','AUTHENTICATION_FAILURE'),
	(287,'luyao101','2017-01-04 14:03:03','AUTHENTICATION_SUCCESS'),
	(288,'admin','2017-01-04 14:03:49','AUTHENTICATION_SUCCESS'),
	(289,'admin','2017-01-04 14:08:01','AUTHENTICATION_SUCCESS'),
	(290,'admin','2017-01-04 14:24:18','AUTHENTICATION_SUCCESS'),
	(291,'admin','2017-01-04 17:50:19','AUTHENTICATION_SUCCESS'),
	(292,'admin','2017-01-04 18:09:39','AUTHENTICATION_SUCCESS'),
	(293,'admin','2017-01-04 18:09:58','AUTHENTICATION_SUCCESS'),
	(294,'luyao101','2017-01-08 13:37:52','AUTHENTICATION_SUCCESS'),
	(295,'luyao303','2017-01-08 16:53:42','AUTHENTICATION_SUCCESS'),
	(296,'luyao303','2017-01-08 17:45:27','AUTHENTICATION_SUCCESS'),
	(297,'admin','2017-01-15 15:19:22','AUTHENTICATION_SUCCESS'),
	(298,'luyao315','2017-01-22 12:26:55','AUTHENTICATION_SUCCESS'),
	(299,'luyao315','2017-01-22 21:22:25','AUTHENTICATION_SUCCESS'),
	(300,'luyao315','2017-01-23 00:17:20','AUTHENTICATION_SUCCESS'),
	(301,'luyao101','2017-01-24 21:36:11','AUTHENTICATION_SUCCESS'),
	(302,'luyao315','2017-01-24 21:40:04','AUTHENTICATION_SUCCESS'),
	(303,'luyao315','2017-01-27 15:58:03','AUTHENTICATION_SUCCESS'),
	(304,'luyao315','2017-01-27 16:00:40','AUTHENTICATION_SUCCESS'),
	(305,'luyao315','2017-01-28 22:47:18','AUTHENTICATION_SUCCESS'),
	(306,'luyao101','2017-01-29 16:25:10','AUTHENTICATION_SUCCESS'),
	(307,'luyao315','2017-01-29 23:26:20','AUTHENTICATION_SUCCESS'),
	(308,'luyao202','2017-01-30 18:57:17','AUTHENTICATION_SUCCESS'),
	(309,'luyao317','2017-01-31 17:09:05','AUTHENTICATION_SUCCESS'),
	(310,'luyao315','2017-01-31 17:50:17','AUTHENTICATION_SUCCESS'),
	(311,'luyao101','2017-02-02 13:23:37','AUTHENTICATION_SUCCESS'),
	(312,'admin','2017-02-02 15:40:21','AUTHENTICATION_SUCCESS'),
	(313,'luyao317','2017-02-03 15:30:33','AUTHENTICATION_SUCCESS'),
	(314,'luyao315','2017-02-03 15:58:04','AUTHENTICATION_SUCCESS'),
	(315,'luyao315','2017-02-03 16:38:33','AUTHENTICATION_SUCCESS'),
	(316,'luyao315','2017-02-03 17:07:42','AUTHENTICATION_SUCCESS'),
	(317,'luyao101','2017-02-04 10:43:58','AUTHENTICATION_SUCCESS'),
	(318,'admin','2017-02-04 12:38:34','AUTHENTICATION_SUCCESS'),
	(319,'luyao315','2017-02-04 17:35:06','AUTHENTICATION_SUCCESS'),
	(320,'admin','2017-02-05 11:23:15','AUTHENTICATION_SUCCESS'),
	(321,'luyao101','2017-02-05 13:56:52','AUTHENTICATION_SUCCESS'),
	(322,'luyao101','2017-02-05 16:09:41','AUTHENTICATION_SUCCESS'),
	(323,'admin','2017-02-05 19:55:44','AUTHENTICATION_SUCCESS'),
	(324,'luyao315','2017-02-06 14:08:12','AUTHENTICATION_SUCCESS'),
	(325,'luyao315','2017-02-06 14:08:22','AUTHENTICATION_SUCCESS'),
	(326,'luyao315','2017-02-06 15:12:10','AUTHENTICATION_SUCCESS'),
	(327,'luyao101','2017-02-07 09:46:17','AUTHENTICATION_SUCCESS'),
	(328,'luyao102','2017-02-07 16:13:19','AUTHENTICATION_SUCCESS'),
	(329,'luyao101','2017-02-08 16:31:09','AUTHENTICATION_SUCCESS'),
	(330,'admin','2017-02-08 16:33:24','AUTHENTICATION_SUCCESS'),
	(331,'luyao101','2017-02-09 14:33:42','AUTHENTICATION_SUCCESS'),
	(332,'luyao325','2017-02-11 14:33:45','AUTHENTICATION_SUCCESS'),
	(333,'luyao329','2017-02-11 21:30:36','AUTHENTICATION_SUCCESS'),
	(334,'luyao327','2017-02-11 21:31:57','AUTHENTICATION_SUCCESS'),
	(335,'luyao326','2017-02-11 21:51:10','AUTHENTICATION_SUCCESS'),
	(336,'luyao324','2017-02-11 22:12:40','AUTHENTICATION_SUCCESS'),
	(337,'luyao323','2017-02-11 22:14:56','AUTHENTICATION_SUCCESS'),
	(338,'luyao321','2017-02-11 23:05:34','AUTHENTICATION_SUCCESS'),
	(339,'luyao321','2017-02-11 23:37:41','AUTHENTICATION_SUCCESS'),
	(340,'luyao329','2017-02-12 13:47:00','AUTHENTICATION_SUCCESS'),
	(341,'luyao315','2017-02-14 15:07:09','AUTHENTICATION_SUCCESS'),
	(342,'luyao101','2017-02-14 16:37:43','AUTHENTICATION_SUCCESS'),
	(343,'luyao315','2017-02-14 17:54:57','AUTHENTICATION_SUCCESS'),
	(344,'luyao315','2017-02-15 23:18:02','AUTHENTICATION_SUCCESS'),
	(345,'luyao101','2017-02-16 15:17:02','AUTHENTICATION_SUCCESS'),
	(346,'admin','2017-02-16 17:16:04','AUTHENTICATION_SUCCESS'),
	(347,'luyao102','2017-03-13 22:24:12','AUTHENTICATION_SUCCESS'),
	(348,'luyao101','2017-03-14 16:07:14','AUTHENTICATION_SUCCESS'),
	(349,'admin','2017-03-14 18:12:06','AUTHENTICATION_SUCCESS'),
	(350,'luyao101','2017-03-16 14:27:35','AUTHENTICATION_SUCCESS'),
	(351,'admin','2017-04-07 16:50:07','AUTHENTICATION_SUCCESS'),
	(352,'luyao101','2017-04-07 18:28:54','AUTHENTICATION_SUCCESS'),
	(353,'luyao','2017-04-10 14:20:07','AUTHENTICATION_FAILURE'),
	(354,'luyao2','2017-04-10 14:20:20','AUTHENTICATION_SUCCESS'),
	(355,'luyao19','2017-04-10 14:46:50','AUTHENTICATION_SUCCESS'),
	(356,'admin','2017-04-10 14:47:58','AUTHENTICATION_SUCCESS'),
	(357,'luyao10','2017-04-10 14:54:44','AUTHENTICATION_SUCCESS'),
	(358,'admin','2017-04-10 14:55:36','AUTHENTICATION_SUCCESS'),
	(359,'luyao10','2017-04-10 14:58:46','AUTHENTICATION_SUCCESS'),
	(360,'luyao19','2017-04-10 14:59:26','AUTHENTICATION_SUCCESS'),
	(361,'luyao19','2017-04-10 15:07:14','AUTHENTICATION_SUCCESS'),
	(362,'luyao10','2017-04-10 15:08:13','AUTHENTICATION_SUCCESS'),
	(363,'luyao3','2017-04-10 15:15:08','AUTHENTICATION_SUCCESS'),
	(364,'luyao19','2017-04-10 15:18:42','AUTHENTICATION_SUCCESS'),
	(365,'luyao2','2017-04-10 15:37:01','AUTHENTICATION_SUCCESS'),
	(366,'luyao2','2017-04-10 15:45:28','AUTHENTICATION_SUCCESS'),
	(367,'luyao2','2017-04-10 16:17:15','AUTHENTICATION_SUCCESS'),
	(368,'luyao2','2017-04-10 16:18:07','AUTHENTICATION_SUCCESS'),
	(369,'luyao2','2017-04-10 16:44:06','AUTHENTICATION_SUCCESS'),
	(370,'Bob','2017-04-10 17:53:21','AUTHENTICATION_FAILURE'),
	(371,'luyao101','2017-04-29 14:33:24','AUTHENTICATION_SUCCESS'),
	(372,'admin','2017-04-29 15:20:25','AUTHENTICATION_SUCCESS'),
	(373,'luyao101','2017-04-29 15:49:59','AUTHENTICATION_SUCCESS'),
	(374,'luyao1','2017-05-13 10:06:57','AUTHENTICATION_FAILURE'),
	(375,'luyao101','2017-05-13 10:07:01','AUTHENTICATION_SUCCESS'),
	(376,'admin','2017-05-13 16:40:36','AUTHENTICATION_SUCCESS'),
	(377,'luyao1','2017-05-16 16:16:18','AUTHENTICATION_FAILURE'),
	(378,'luyao101','2017-05-16 16:16:24','AUTHENTICATION_SUCCESS'),
	(379,'luyao101','2017-05-16 16:38:30','AUTHENTICATION_SUCCESS'),
	(380,'luy','2017-05-16 16:57:06','AUTHENTICATION_FAILURE'),
	(381,'luyao1','2017-05-16 16:58:27','AUTHENTICATION_FAILURE'),
	(382,'luyao1','2017-05-16 16:58:29','AUTHENTICATION_FAILURE'),
	(383,'luyao1','2017-05-16 17:02:37','AUTHENTICATION_FAILURE'),
	(384,'luyao101','2017-05-16 17:40:46','AUTHENTICATION_SUCCESS'),
	(385,'luyao101','2017-05-16 21:25:21','AUTHENTICATION_SUCCESS'),
	(386,'luyao101','2017-05-16 21:40:37','AUTHENTICATION_SUCCESS'),
	(387,'luyao102','2017-05-23 15:23:51','AUTHENTICATION_SUCCESS'),
	(388,'luyao101','2017-05-23 15:25:30','AUTHENTICATION_SUCCESS');

/*!40000 ALTER TABLE `jhi_persistent_audit_event` ENABLE KEYS */;
UNLOCK TABLES;


# Dump of table jhi_persistent_audit_evt_data
# ------------------------------------------------------------

DROP TABLE IF EXISTS `jhi_persistent_audit_evt_data`;

CREATE TABLE `jhi_persistent_audit_evt_data` (
  `event_id` bigint(20) NOT NULL,
  `name` varchar(150) NOT NULL,
  `value` varchar(255) DEFAULT NULL,
  PRIMARY KEY (`event_id`,`name`),
  KEY `idx_persistent_audit_evt_data` (`event_id`),
  CONSTRAINT `fk_evt_pers_audit_evt_data` FOREIGN KEY (`event_id`) REFERENCES `jhi_persistent_audit_event` (`event_id`)
) ENGINE=InnoDB DEFAULT CHARSET=utf8;

LOCK TABLES `jhi_persistent_audit_evt_data` WRITE;
/*!40000 ALTER TABLE `jhi_persistent_audit_evt_data` DISABLE KEYS */;

INSERT INTO `jhi_persistent_audit_evt_data` (`event_id`, `name`, `value`)
VALUES
	(38,'message','Bad credentials'),
	(38,'type','org.springframework.security.authentication.BadCredentialsException'),
	(39,'message','Bad credentials'),
	(39,'type','org.springframework.security.authentication.BadCredentialsException'),
	(40,'message','Bad credentials'),
	(40,'type','org.springframework.security.authentication.BadCredentialsException'),
	(42,'message','Bad credentials'),
	(42,'type','org.springframework.security.authentication.BadCredentialsException'),
	(51,'message','Bad credentials'),
	(51,'type','org.springframework.security.authentication.BadCredentialsException'),
	(63,'message','Bad credentials'),
	(63,'type','org.springframework.security.authentication.BadCredentialsException'),
	(73,'message','Bad credentials'),
	(73,'type','org.springframework.security.authentication.BadCredentialsException'),
	(75,'message','Bad credentials'),
	(75,'type','org.springframework.security.authentication.BadCredentialsException'),
	(85,'message','Bad credentials'),
	(85,'type','org.springframework.security.authentication.BadCredentialsException'),
	(112,'message','Bad credentials'),
	(112,'type','org.springframework.security.authentication.BadCredentialsException'),
	(122,'message','Bad credentials'),
	(122,'type','org.springframework.security.authentication.BadCredentialsException'),
	(149,'message','Bad credentials'),
	(149,'type','org.springframework.security.authentication.BadCredentialsException'),
	(164,'message','Bad credentials'),
	(164,'type','org.springframework.security.authentication.BadCredentialsException'),
	(209,'message','Bad credentials'),
	(209,'type','org.springframework.security.authentication.BadCredentialsException'),
	(278,'message','Bad credentials'),
	(278,'type','org.springframework.security.authentication.BadCredentialsException'),
	(286,'message','Bad credentials'),
	(286,'type','org.springframework.security.authentication.BadCredentialsException'),
	(353,'message','Bad credentials'),
	(353,'type','org.springframework.security.authentication.BadCredentialsException'),
	(370,'message','Bad credentials'),
	(370,'type','org.springframework.security.authentication.BadCredentialsException'),
	(374,'message','Bad credentials'),
	(374,'type','org.springframework.security.authentication.BadCredentialsException'),
	(377,'message','Bad credentials'),
	(377,'type','org.springframework.security.authentication.BadCredentialsException'),
	(380,'message','Bad credentials'),
	(380,'type','org.springframework.security.authentication.BadCredentialsException'),
	(381,'message','Bad credentials'),
	(381,'type','org.springframework.security.authentication.BadCredentialsException'),
	(382,'message','Bad credentials'),
	(382,'type','org.springframework.security.authentication.BadCredentialsException'),
	(383,'message','Bad credentials'),
	(383,'type','org.springframework.security.authentication.BadCredentialsException');

/*!40000 ALTER TABLE `jhi_persistent_audit_evt_data` ENABLE KEYS */;
UNLOCK TABLES;


# Dump of table jhi_user
# ------------------------------------------------------------

DROP TABLE IF EXISTS `jhi_user`;

CREATE TABLE `jhi_user` (
  `id` bigint(20) NOT NULL AUTO_INCREMENT,
  `login` varchar(50) NOT NULL,
  `password_hash` varchar(60) DEFAULT NULL,
  `first_name` varchar(50) DEFAULT NULL,
  `last_name` varchar(50) DEFAULT NULL,
  `email` varchar(100) DEFAULT NULL,
  `activated` bit(1) NOT NULL,
  `lang_key` varchar(5) DEFAULT NULL,
  `activation_key` varchar(20) DEFAULT NULL,
  `reset_key` varchar(20) DEFAULT NULL,
  `created_by` varchar(50) NOT NULL,
  `created_date` timestamp NOT NULL DEFAULT CURRENT_TIMESTAMP ON UPDATE CURRENT_TIMESTAMP,
  `reset_date` timestamp NULL DEFAULT NULL,
  `last_modified_by` varchar(50) DEFAULT NULL,
  `last_modified_date` timestamp NULL DEFAULT NULL,
  PRIMARY KEY (`id`),
  UNIQUE KEY `login` (`login`),
  UNIQUE KEY `idx_user_login` (`login`),
  UNIQUE KEY `email` (`email`),
  UNIQUE KEY `idx_user_email` (`email`)
) ENGINE=InnoDB DEFAULT CHARSET=utf8;

LOCK TABLES `jhi_user` WRITE;
/*!40000 ALTER TABLE `jhi_user` DISABLE KEYS */;

INSERT INTO `jhi_user` (`id`, `login`, `password_hash`, `first_name`, `last_name`, `email`, `activated`, `lang_key`, `activation_key`, `reset_key`, `created_by`, `created_date`, `reset_date`, `last_modified_by`, `last_modified_date`)
VALUES
	(1,'system','$2a$10$mE.qmcV0mFU5NcKh73TZx.z4ueI/.bDWbj0T1BYyqP481kGGarKLG','System','System','system@localhost',b'1','en',NULL,NULL,'system','2016-09-05 00:20:20',NULL,'system',NULL),
	(2,'anonymoususer','$2a$10$j8S5d7Sr7.8VTOYNviDPOeWX8KcYILUVJBsYV83Y5NtECayypx9lO','Anonymous','User','anonymous@localhost',b'1','en',NULL,NULL,'system','2016-09-05 00:20:20',NULL,'system',NULL),
	(3,'admin','$2a$10$gSAhZrxMllrbgj/kkK9UceBPpChGWJA7SYIb1Mqo.n5aNLq1/oRrC','Administrator','Administrator','admin@localhost',b'1','en',NULL,NULL,'system','2016-09-05 00:20:20',NULL,'system',NULL),
	(4,'user','$2a$10$VEjxo0jq2YG9Rbk2HmX9S.k1uZBGYUHdUcid3g/vfiEl7lwWgOH/K','User','User','user@localhost',b'1','en',NULL,NULL,'system','2016-09-05 00:20:20',NULL,'system',NULL),
	(5,'luyao1','$2a$10$VC6o8umLJNV3Lg6T0F0BeO2m7/X6F.v2XIsEWs7Rpkwp8fpm24uFO',NULL,NULL,'luyao_viva2@hotmail.com',b'1','en','87593331616824148806','61408542591826666637','anonymousUser','2016-11-17 16:05:21','2016-10-08 10:09:35','anonymousUser','2016-10-08 10:09:35'),
	(6,'luyao2','$2a$10$E8DTSg8vr9X7vmzvRgZ8DeaGBPc/g/n3WdsrNHp0vb9MddBg7TqsG',NULL,NULL,'luyao2@hotmail.com',b'1','en','46849851028889503119',NULL,'anonymousUser','2016-09-05 00:35:02',NULL,'luyao2','2017-04-10 16:17:43'),
	(7,'luyao3','$2a$10$q1Yhlc/S/F7C1aTfsxkdFOruOAyXiXeIgHWW3EN0Df2DxNmfp/y0q',NULL,NULL,'luyao3@hotmail.com',b'1','en','26367117181026842468',NULL,'anonymousUser','2016-09-05 00:35:07',NULL,'anonymousUser','2016-09-05 00:35:07'),
	(8,'luyao4','$2a$10$m75KkZ.y2NVMDyknW8oyz.4UoKcW/h36G6bGV3gQOWlJeBk8clEei',NULL,NULL,'luyao4@hotmail.com',b'1','en','10940749080669350410',NULL,'anonymousUser','2016-09-05 00:35:12',NULL,'anonymousUser','2016-09-05 00:35:12'),
	(9,'luyao5','$2a$10$UDR7LQrAkkYPIeZdXsN7D.BdVraXy3BwtYKmiEPkHsPyISlaehfke',NULL,NULL,'luyao5@hotmail.com',b'1','en','39204046321330807954',NULL,'anonymousUser','2016-09-05 00:35:16',NULL,'anonymousUser','2016-09-05 00:35:16'),
	(10,'luyao6','$2a$10$7LtghQP7IyHp//jfAGG51efcwXPRr3C.gD4750Hk6jCc/bpQ52dRe',NULL,NULL,'luyao6@hotmail.com',b'1','en','33789902604311989696',NULL,'anonymousUser','2016-09-05 00:35:20',NULL,'anonymousUser','2016-09-05 00:35:20'),
	(11,'luyao7','$2a$10$YXHJCDjJTDsCz/xEohnLJOtmXdRAmWo3KTafAx.nq1lSsGRNfhao2',NULL,NULL,'luyao7@hotmail.com',b'1','en','47600871374961535589',NULL,'anonymousUser','2016-09-05 00:35:25',NULL,'anonymousUser','2016-09-05 00:35:25'),
	(12,'luyao8','$2a$10$RWRVL//C2xij2p7apa9UD.3I6Da5h6B.EIFCAXpvPEVpDZHpNPU3.',NULL,NULL,'luyao8@hotmail.com',b'1','en','56017432893259904480',NULL,'anonymousUser','2016-09-05 00:35:29',NULL,'anonymousUser','2016-09-05 00:35:29'),
	(13,'luyao9','$2a$10$TjkpB2fCGAWZBE2.i8rTb.Wf04hANbD5t4axNKb5bfCDjBdmqxSwa',NULL,NULL,'luyao9@hotmail.com',b'1','en','58053367208659953989',NULL,'anonymousUser','2016-09-05 00:35:33',NULL,'anonymousUser','2016-09-05 00:35:33'),
	(14,'luyao10','$2a$10$3XmidMaPAvjQpr3rBATKL.9XzLdkmgfc1pu84Q0mv5UKjSDqjpqHC',NULL,NULL,'luyao10@hotmail.com',b'1','en','41482761044308253043',NULL,'anonymousUser','2016-09-05 00:35:41',NULL,'anonymousUser','2016-09-05 00:35:41'),
	(15,'luyao11','$2a$10$SJwz.JAVWuFjCqvluafIZuIT1VQCyD3S3WWp5FHsDXRBhbCvgzk8K',NULL,NULL,'luyao11@hotmail.com',b'1','en','00325594048600444156',NULL,'anonymousUser','2016-09-05 00:35:46',NULL,'anonymousUser','2016-09-05 00:35:46'),
	(16,'luyao12','$2a$10$5SieEY/F.R70I5614MztqewxxfzOJHiwYYEKTr4Nwi9mbFMLvpyrC',NULL,NULL,'luyao12@hotmail.com',b'1','en','18041396800249905856',NULL,'anonymousUser','2016-09-05 00:35:50',NULL,'anonymousUser','2016-09-05 00:35:50'),
	(17,'luyao13','$2a$10$zI4vAw9wgFIHN93cFfNplesd9FlMyc6gkrlubkeLjEZFZQDuSzX7u',NULL,NULL,'luyao13@hotmail.com',b'1','en','12061995123266703473',NULL,'anonymousUser','2016-09-05 00:35:54',NULL,'anonymousUser','2016-09-05 00:35:54'),
	(18,'luyao14','$2a$10$m5oHKkzcD4Zm0anvG8LpOuB72o0S.E/A0rGzHv8BAtQBPoegmNowa',NULL,NULL,'luyao14@hotmail.com',b'1','en','34778718376466877403',NULL,'anonymousUser','2016-09-05 00:35:57',NULL,'anonymousUser','2016-09-05 00:35:57'),
	(19,'luyao15','$2a$10$g.bHmHogOg4EFUzZr414lem5z6t1rs5hi/aB4a8K4mavrfUF.TPkK',NULL,NULL,'luyao15@hotmail.com',b'1','en','48907584302119143903',NULL,'anonymousUser','2016-09-05 00:36:01',NULL,'anonymousUser','2016-09-05 00:36:01'),
	(20,'luyao16','$2a$10$UyLEyKEXqzok0CyrHNPd3Oq4D3CymGmPxceqxl4vFYuCfuuHpUhLG',NULL,NULL,'luyao16@hotmail.com',b'1','en','74334099976570424709',NULL,'anonymousUser','2016-09-05 00:36:06',NULL,'anonymousUser','2016-09-05 00:36:06'),
	(21,'luyao17','$2a$10$GYRgbGZqFucUWE6CI99cY.zBFA5/hIRJlCOCums9vgnxQJIr3N8Cq',NULL,NULL,'luyao17@hotmail.com',b'1','en','47776861295674343996',NULL,'anonymousUser','2016-09-05 00:36:11',NULL,'anonymousUser','2016-09-05 00:36:11'),
	(22,'luyao18','$2a$10$U/jgBIpbUYy4Azpd/JhcFORHSSmxg1PevTkvq8NrJDSzXIYSz1fkq',NULL,NULL,'luyao18@hotmail.com',b'1','en','00551928005583616729',NULL,'anonymousUser','2016-09-05 00:36:17',NULL,'anonymousUser','2016-09-05 00:36:17'),
	(23,'luyao19','$2a$10$DrLtVPXvIvmW75E0i6EnD.vdbA8uEwnRuFkYqGDBzm8UqDQOcTlN.',NULL,NULL,'luyao19@hotmail.com',b'1','en','56821259962457055554',NULL,'anonymousUser','2016-09-05 00:36:23',NULL,'anonymousUser','2016-09-05 00:36:23'),
	(24,'luyao20','$2a$10$Jlz0dTppd3yLn3Wufr.o3uJ7tuinslxq372EOJxVP2ZWSbh0Kpc.q',NULL,NULL,'luyao20@hotmail.com',b'1','en','26517115583992967891',NULL,'anonymousUser','2016-09-05 00:36:31',NULL,'anonymousUser','2016-09-05 00:36:31'),
	(25,'luyao21','$2a$10$dEUJ3lcylbT6m//fj9XB8eimZ1NKL5c3tNcIkFHOfZoYqrlyyPmKm',NULL,NULL,'luyao21@hotmail.com',b'1','en','45322199507248547621',NULL,'anonymousUser','2016-09-05 00:36:36',NULL,'anonymousUser','2016-09-05 00:36:36'),
	(26,'luyao22','$2a$10$i8SsxbMkSgPzoeaX9UH0O.nF2EGP1sfI5rNvXw5JBq2zPYaSjbNcu',NULL,NULL,'luyao22@hotmail.com',b'1','en','82342702837263291467',NULL,'anonymousUser','2016-09-05 00:36:41',NULL,'anonymousUser','2016-09-05 00:36:41'),
	(27,'luyao23','$2a$10$7iw7j8LSfloZA3cREsqqBebqmslniidMSMv3n/1jtuuP3QPHDEG7a',NULL,NULL,'luyao23@hotmail.com',b'1','en','42338042200743077347',NULL,'anonymousUser','2016-09-05 00:36:46',NULL,'anonymousUser','2016-09-05 00:36:46'),
	(28,'luyao24','$2a$10$on8rRAimTmHpYgBqqy92MeqhY5h3bWbS1Ujto3YUjRUeNVc2V86Ma',NULL,NULL,'luyao24@hotmail.com',b'1','en','85474050237757117580',NULL,'anonymousUser','2016-09-05 00:36:51',NULL,'anonymousUser','2016-09-05 00:36:51'),
	(29,'luyao25','$2a$10$wQaYX2kqJ/CUTzejRI9G6uwu4ZCsTJlXrCw1l7aDU9/V6bVhEP4Km',NULL,NULL,'luyao25@hotmail.com',b'1','en','56561431790956808803',NULL,'anonymousUser','2016-09-05 00:36:55',NULL,'anonymousUser','2016-09-05 00:36:55'),
	(30,'luyao26','$2a$10$XUFrOyxBHfn0.lgeVHXJpejPJvaUYI09RQ72wunzcksWOEGQPVRZ.',NULL,NULL,'luyao26@hotmail.com',b'1','en','61136269002246260492',NULL,'anonymousUser','2016-09-05 00:37:00',NULL,'anonymousUser','2016-09-05 00:37:00'),
	(31,'luyao27','$2a$10$g/9Hj0NxoHvmO2Tn0W/uMey8zGlo/nC3Jx2ZXPmQt.TNWPImKyZk6',NULL,NULL,'luyao27@hotmail.com',b'1','en','51027060512901648462',NULL,'anonymousUser','2016-09-05 00:37:04',NULL,'anonymousUser','2016-09-05 00:37:04'),
	(32,'luyao28','$2a$10$sFjQZsXn67fg7W4GEijOoOWH07IWARmR2p3ijU1FLhI044uYWiCMC',NULL,NULL,'luyao28@hotmail.com',b'1','en','04993847558395006427',NULL,'anonymousUser','2016-09-05 00:37:09',NULL,'anonymousUser','2016-09-05 00:37:09'),
	(33,'luyao29','$2a$10$T/lCqhLcxLWRqi0v6KgY4uaOZ46fuY1S1VhEcIfXpiYxTp7tVUOx.',NULL,NULL,'luyao29@hotmail.com',b'1','en','68819918561528465915',NULL,'anonymousUser','2016-09-05 00:37:13',NULL,'anonymousUser','2016-09-05 00:37:13'),
	(34,'luyao30','$2a$10$CgMAWHMhIdGJd9kKKOaOIuQiYVWWQBT16fx0ZwK4dxXFdPhfpmcYK',NULL,NULL,'luyao30@hotmail.com',b'1','en','36833006386061968755',NULL,'anonymousUser','2016-09-05 00:37:21',NULL,'anonymousUser','2016-09-05 00:37:21'),
	(35,'luyao31','$2a$10$UvsaYl9U9VD.jDqIuwgH4O2O3hYuM3hqMqjBO2lvDJ3VzaH8g7W4a',NULL,NULL,'luyao31@hotmail.com',b'1','en','59213225492378101282',NULL,'anonymousUser','2016-09-05 00:37:43',NULL,'anonymousUser','2016-09-05 00:37:43'),
	(36,'luyao32','$2a$10$m2Ik/MyGXRQUwBtxAS5gVeKXtcNFBct95hq.RSWqFg.j1djBRbdsi',NULL,NULL,'luyao32@hotmail.com',b'1','en','72823156230942511172',NULL,'anonymousUser','2016-10-05 16:54:54',NULL,'anonymousUser','2016-09-14 11:54:19'),
	(37,'luyao33','$2a$10$Lhc6nuZ0nHry7ggMVr7tWe9tsd8TvplTDE9D3c7Hlxb6tV8eVW.Ci',NULL,NULL,'luyao33@hotmail.com',b'1','en','66700594372829645309',NULL,'anonymousUser','2016-10-05 16:54:55',NULL,'anonymousUser','2016-09-14 11:54:42'),
	(38,'luyao34','$2a$10$.ADlpLlH6kJ.g3om6ogrTe.d2TuT/SL4g6tRWuLvNczjIlRZ0e02K',NULL,NULL,'luyao34@hotmail.com',b'1','en','12432748037601247385',NULL,'anonymousUser','2016-10-05 16:54:55',NULL,'anonymousUser','2016-09-14 11:54:46'),
	(39,'luyao35','$2a$10$VIoNPg2VRcEfvShW.9EgtOYJOm1vMfRratoIDoq4T2eErmDuU02Q.',NULL,NULL,'luyao35@hotmail.com',b'1','en','82934852371389758489',NULL,'anonymousUser','2016-10-05 16:54:56',NULL,'anonymousUser','2016-09-14 11:54:52'),
	(40,'luyao36','$2a$10$J/wk3UHR9Jc.rSCJQG5A5usFOgBALX3cDaCj9ttPxGl5zT/H0kFM.',NULL,NULL,'luyao36@hotmail.com',b'1','en','58191522566670967524',NULL,'anonymousUser','2016-10-05 16:54:56',NULL,'anonymousUser','2016-09-14 11:56:32'),
	(41,'luyao37','$2a$10$BhLkAbCIHtXw5NRAmbPWROtF1FlkKo2nhZOgeKP5GXZDX63MxMB/i',NULL,NULL,'luyao37@hotmail.com',b'1','en','58393396582542360677',NULL,'anonymousUser','2016-10-05 16:54:57',NULL,'anonymousUser','2016-09-14 11:56:37'),
	(42,'luyao38','$2a$10$ahuq9d/..syniIaTzUixFuY84H582rCoNfL.EHssVQyq4BuxDPAwu',NULL,NULL,'luyao38@hotmail.com',b'1','en','89142303903962401976',NULL,'anonymousUser','2016-10-05 16:54:58',NULL,'anonymousUser','2016-09-14 11:56:44'),
	(43,'luyao39','$2a$10$D/oVwz059yAinw.qlByapOCUVrdNJ0kTdq92RNNTzq.dmNlxC.QLy',NULL,NULL,'luyao39@hotmail.com',b'1','en','53673792730686859257',NULL,'anonymousUser','2016-10-05 16:54:58',NULL,'anonymousUser','2016-09-14 11:56:50'),
	(44,'luyao40','$2a$10$.QLZ1Zhu7dNho4BrnZWYyOeWLiFFRhe69bwPXC9Goi0VSiFHROYsa',NULL,NULL,'luyao40@hotmail.com',b'1','en','42109189898460825826',NULL,'anonymousUser','2016-10-05 16:55:00',NULL,'anonymousUser','2016-09-14 11:57:00'),
	(45,'luyao41','$2a$10$p6yaYOvtuVBqobjO9WCjKuHLXA/JSwVa6PQiRnWIe24K9ztR7V0HW',NULL,NULL,'luyao41@hotmail.com',b'1','en','86980104599351373879',NULL,'anonymousUser','2016-10-05 16:55:00',NULL,'anonymousUser','2016-09-14 11:57:06'),
	(46,'luyao42','$2a$10$KZyeGo7e6twunP.kyecucuH.KcyPWekuK4CJr3FxnHgZ5b7kZqWUe',NULL,NULL,'luyao42@hotmail.com',b'1','en','61011960784808196318',NULL,'anonymousUser','2016-10-05 16:55:01',NULL,'anonymousUser','2016-09-14 11:57:11'),
	(47,'luyao43','$2a$10$gIhA7mietM3kgBsItVOgyOI/KTuh7twfKH/e4HArCbFdr/L0NFxDm',NULL,NULL,'luyao43@hotmail.com',b'1','en','85412818737499797217',NULL,'anonymousUser','2016-10-05 16:55:02',NULL,'anonymousUser','2016-09-14 11:57:16'),
	(48,'luyao44','$2a$10$yqRJz2TzaMs9ffQsv.vVV.LlXQVwwk9XZ2Y.XMkG.nqitwxQ5hZZ.',NULL,NULL,'luyao44@hotmail.com',b'1','en','09341397109054912870',NULL,'anonymousUser','2016-10-05 16:55:02',NULL,'anonymousUser','2016-09-14 11:57:21'),
	(49,'luyao45','$2a$10$on8Ph5mIfsjsOKSJ.1m1PuK.vxzAvNRYb4daX/dpeZ3CBKgyoEHA.',NULL,NULL,'luyao45@hotmail.com',b'1','en','07640987399705145513',NULL,'anonymousUser','2016-10-05 16:55:03',NULL,'anonymousUser','2016-09-14 11:57:27'),
	(50,'luyao46','$2a$10$hykEfyJ1eOMZJAiVqQbDqu7gRqydnt6wBfYjpMexIOmHOt5m5ZkXm',NULL,NULL,'luyao46@hotmail.com',b'1','en','61449107473188779132',NULL,'anonymousUser','2016-10-05 16:55:03',NULL,'anonymousUser','2016-09-14 11:57:32'),
	(51,'luyao47','$2a$10$.3OXWpqzoHJt0onm2LLLI.zKJCH5neSscUnv6dT7uP/HUoCvl0nui',NULL,NULL,'luyao47@hotmail.com',b'1','en','88393586503550010775',NULL,'anonymousUser','2016-10-05 16:55:04',NULL,'anonymousUser','2016-09-14 12:02:59'),
	(52,'luyao48','$2a$10$ke9qzOnQ1nZmd0zGlVf.Q.v.8pP25D/2O31.06gURMxvbFaRtZ.pi',NULL,NULL,'luyao48@hotmail.com',b'1','en','81774403921548041232',NULL,'anonymousUser','2016-10-05 16:55:05',NULL,'anonymousUser','2016-09-14 12:03:04'),
	(53,'luyao49','$2a$10$eDwIvx2HmhnufN4cDGjxRe4ycxocl4IrsjhX4G1tBBZRehMnUvMhu',NULL,NULL,'luyao49@hotmail.com',b'1','en','25016634577672489293',NULL,'anonymousUser','2016-10-05 16:55:05',NULL,'anonymousUser','2016-09-14 12:03:10'),
	(54,'luyao50','$2a$10$A3/RFh7NarXV.aOfotDwhetJhRsNB.OZJDQsfS4dU1Yn/K9pLzDD6',NULL,NULL,'luyao50@hotmail.com',b'1','en','73061254374967261242',NULL,'anonymousUser','2016-10-05 16:55:06',NULL,'anonymousUser','2016-09-14 12:03:16'),
	(55,'luyao51','$2a$10$oRYfiBQ68bw/jsdfDNwPOekXwd1zoN0DWYY0wLZznqNrVCtmypr0W',NULL,NULL,'luyao51@hotmail.com',b'1','en','98882326714416866176',NULL,'anonymousUser','2016-10-05 16:55:07',NULL,'anonymousUser','2016-09-14 12:03:22'),
	(56,'luyao52','$2a$10$u0plLutgH4I5THmJ7d6ryem9nFV6PUNNI.2Fv/pFm6XaPhNCg8zfK',NULL,NULL,'luyao52@hotmail.com',b'1','en','52330056133837025882',NULL,'anonymousUser','2016-10-05 16:55:07',NULL,'anonymousUser','2016-09-14 12:03:26'),
	(57,'luyao53','$2a$10$W5FbYWCKPVHZIx8X1thkNeDF2b9BAhUCRzHcjdsku6zQdLq8Qb9ia',NULL,NULL,'luyao53@hotmail.com',b'1','en','16819262385746664674',NULL,'anonymousUser','2016-10-05 16:55:08',NULL,'anonymousUser','2016-09-14 12:03:31'),
	(58,'luyao54','$2a$10$sUkO9fLBS./vh8FeU8Gov..Ag6xLtydr2HjcxJ2qOTxHslLhrHTwm',NULL,NULL,'luyao54@hotmail.com',b'1','en','08326185615230466918',NULL,'anonymousUser','2016-10-05 16:55:08',NULL,'anonymousUser','2016-09-14 12:03:36'),
	(59,'luyao55','$2a$10$0u7rbJDdFlA2lRxlOAvD1u1HELBNHmaGUTAwz9QRv41ibS3DNLxr.',NULL,NULL,'luyao55@hotmail.com',b'1','en','88963223942019451664',NULL,'anonymousUser','2016-10-05 16:55:10',NULL,'anonymousUser','2016-09-14 12:03:40'),
	(60,'luyao56','$2a$10$e.ngsgHbCHSnzHftE61RAuIVVEkXtvqnbfKRXlf3uedtlt0kjhXb.',NULL,NULL,'luyao56@hotmail.com',b'1','en','26237986178099053868',NULL,'anonymousUser','2016-10-05 16:55:11',NULL,'anonymousUser','2016-09-14 12:03:45'),
	(61,'luyao57','$2a$10$hfPwzIM3s6HZIbUXoT/yyul02zYTPxXV.IhCoOJezEP3Ym3rgmTM.',NULL,NULL,'luyao57@hotmail.com',b'1','en','31710933159990731198',NULL,'anonymousUser','2016-10-05 16:55:11',NULL,'anonymousUser','2016-09-14 12:03:50'),
	(62,'luyao58','$2a$10$7FLZqE2GySWiIvoZL0lEHOgADoyrWGAM5I3gQaWSwxKpevU.gSQIG',NULL,NULL,'luyao58@hotmail.com',b'1','en','79743277145356689566',NULL,'anonymousUser','2016-10-05 16:55:12',NULL,'anonymousUser','2016-09-14 12:03:54'),
	(63,'luyao59','$2a$10$TnKzih7TkLuyXzw8ld4MOeYHsEWbbpTwWKEM8hECi/5BkB317pMxm',NULL,NULL,'luyao59@hotmail.com',b'1','en','82925843919025072828',NULL,'anonymousUser','2016-10-05 16:55:12',NULL,'anonymousUser','2016-09-14 12:04:02'),
	(64,'luyao60','$2a$10$SujV9v/MtxFnRvZGyEIxs.KknkHnWFEO8k7qhFJptVfpgoJwMoHdm',NULL,NULL,'luyao60@hotmail.com',b'1','en','14021419600679281835',NULL,'anonymousUser','2016-10-05 16:55:13',NULL,'anonymousUser','2016-09-14 12:04:09'),
	(65,'luyao61','$2a$10$xIFP3bDj7rgfTQ7Xc6elQurWUUC0OO5tuyXjsuhujoAqTabzONCFa',NULL,NULL,'luyao61@hotmail.com',b'1','en','31433243027059416395',NULL,'anonymousUser','2016-10-05 16:55:13',NULL,'anonymousUser','2016-09-14 12:04:16'),
	(66,'luyao62','$2a$10$MURy5bR186m5yaUhrRMPLuh0Ky3t5dxlQhzS3JbGGXN/eJHFu1C5u',NULL,NULL,'luyao62@hotmail.com',b'1','en','17108396290767577123',NULL,'anonymousUser','2016-10-05 16:55:14',NULL,'anonymousUser','2016-09-14 12:04:20'),
	(67,'luyao63','$2a$10$.w02kbnGXHmPrTYrRmozIuWKYI6ArAc/0OLpGY.DQByHJvyKoIbe.',NULL,NULL,'luyao63@hotmail.com',b'1','en','31047098704736594430',NULL,'anonymousUser','2016-10-05 16:55:14',NULL,'anonymousUser','2016-09-14 12:04:23'),
	(68,'luyao64','$2a$10$qMnLFIdqWDA7ShzVp3TRAecIOjqecvycKkhjYKvpRu0WPltIEbg0e',NULL,NULL,'luyao64@hotmail.com',b'1','en','73279758525713885016',NULL,'anonymousUser','2016-10-05 16:55:15',NULL,'anonymousUser','2016-09-14 12:04:26'),
	(69,'luyao65','$2a$10$MHQhr6SB2W/TmQ8nrwMRAOsUKwWEV55PTNRXpa0Vxfz2aD92Od03u',NULL,NULL,'luyao65@hotmail.com',b'1','en','61437381919665245050',NULL,'anonymousUser','2016-10-05 16:55:16',NULL,'anonymousUser','2016-09-14 12:04:29'),
	(70,'luyao66','$2a$10$TIeRtT3/r8K4GFKNCi9xZu.g1t3tS05tYRom2oT5BTlx7YVL.EoEy',NULL,NULL,'luyao66@hotmail.com',b'1','en','79900063674269793916',NULL,'anonymousUser','2016-10-05 16:55:18',NULL,'anonymousUser','2016-09-14 12:04:33'),
	(71,'luyao67','$2a$10$XFhTycglKo0EgOXVxGefV.gs6g/GElPNEhlkzCLrjgXnNRzNVjk5O',NULL,NULL,'luyao67@hotmail.com',b'1','en','92969211606220603558',NULL,'anonymousUser','2016-10-05 16:55:17',NULL,'anonymousUser','2016-09-14 12:04:36'),
	(72,'luyao68','$2a$10$Fz0wt5GUyB3uDcNXZ6R/pOb.Qs5bGxms91eRu/F5XVggHyQG4rg0e',NULL,NULL,'luyao68@hotmail.com',b'1','en','87786605717950605954',NULL,'anonymousUser','2016-10-05 16:55:19',NULL,'anonymousUser','2016-09-14 12:04:40'),
	(73,'luyao69','$2a$10$npqo6EJ6kgS2soeCDJv4b.Sk0c7PEODAGmAVNTtzik4gmgFYt9dN6',NULL,NULL,'luyao69@hotmail.com',b'1','en','21293901914490305543',NULL,'anonymousUser','2016-10-05 16:55:20',NULL,'anonymousUser','2016-09-14 12:04:44'),
	(74,'luyao70','$2a$10$MLvVU87gYbS9je1G8YZTuuknDpy.Tf2SbKUqHi/lvygUSY1bF/Kri',NULL,NULL,'luyao70@hotmail.com',b'1','en','02573745804777738176',NULL,'anonymousUser','2016-10-05 16:55:21',NULL,'anonymousUser','2016-09-14 12:04:52'),
	(75,'luyao71','$2a$10$ydCEuQ7r7bbwCuRIBX6L.uTBdhhafvS80QVIWRrZUbIEYAjjZn2l2',NULL,NULL,'luyao71@hotmail.com',b'1','en','28017825476864679242',NULL,'anonymousUser','2016-10-05 16:55:21',NULL,'anonymousUser','2016-09-15 13:50:44'),
	(76,'luyao72','$2a$10$qfrbsnFLPaav8NfRitzw.uXzFhlqlxu/.c4R85XTO8DMOKRzNVfwK',NULL,NULL,'luyao72@hotmail.com',b'1','en','08640099627859465307',NULL,'anonymousUser','2016-10-05 16:55:22',NULL,'anonymousUser','2016-09-15 15:03:18'),
	(77,'luyao73','$2a$10$c2QgYg9LSZiD56g4.1kJFOKCpaX3fNLl2SdISf3Z9PenOcDsKbIWG',NULL,NULL,'luyao73@hotmail.com',b'1','en','51048251278711814890',NULL,'anonymousUser','2016-10-05 16:55:22',NULL,'anonymousUser','2016-09-15 15:03:24'),
	(78,'luyao74','$2a$10$F/3U9iaXnXiBcz.wM6v1Xu8q/lIobd0i/0LBBFbk2ggVMGtnarax2',NULL,NULL,'luyao74@hotmail.com',b'1','en','69379887826803557018',NULL,'anonymousUser','2016-10-05 16:55:23',NULL,'anonymousUser','2016-09-15 15:03:29'),
	(79,'luyao75','$2a$10$GllrN8/6xB4vlhI2Ec7Uh.s/BLvxbfsbOJQvF8fKeBVo9INI6GVaG',NULL,NULL,'luyao75@hotmail.com',b'1','en','06864469493062176350',NULL,'anonymousUser','2016-10-05 16:55:24',NULL,'anonymousUser','2016-09-15 15:03:34'),
	(80,'luyao76','$2a$10$QT8qe7UYzRjQIeooT9CHk.AHSaPGqMI.tX.gMCKLJYjg86Z/B0Ffm',NULL,NULL,'luyao76@hotmail.com',b'1','en','63848377963838213100',NULL,'anonymousUser','2016-10-02 19:32:10',NULL,'anonymousUser','2016-09-15 15:03:39'),
	(81,'luyao77','$2a$10$4PeQ.pAZqSOQTKX4GB7hWORnWDiyas0R55Zi.8SG.KPltoIQqKPhC',NULL,NULL,'luyao77@hotmail.com',b'1','en','59738903649587307414',NULL,'anonymousUser','2016-10-02 19:32:12',NULL,'anonymousUser','2016-09-15 15:03:45'),
	(82,'luyao78','$2a$10$tgR.SrDD4AR9y9dC6dG40ubo5ShpTM/hvL9w/XhXEMDWZCjIAd2vm',NULL,NULL,'luyao78@hotmail.com',b'1','en','37369665380593407199',NULL,'anonymousUser','2016-10-02 19:32:13',NULL,'anonymousUser','2016-09-15 15:03:52'),
	(83,'luyao79','$2a$10$qbyGsB6u52JcdMRmN.ZfL.zTO4zhZgsAgC/L2S3mYVCQrWEtaPTJa',NULL,NULL,'luyao79@hotmail.com',b'1','en','52691420304586320982',NULL,'anonymousUser','2016-10-02 19:32:13',NULL,'anonymousUser','2016-09-15 15:03:57'),
	(84,'luyao80','$2a$10$0G1maZIP9ctZH1.BJSTizOl1NjxuTLLx3R/eddMTYRO5TH27UjxBW',NULL,NULL,'luyao80@hotmail.com',b'1','en','42802874967512238028',NULL,'anonymousUser','2016-10-02 19:32:14',NULL,'anonymousUser','2016-09-15 15:04:05'),
	(85,'luyao81','$2a$10$S./eiXYMd7VVUJsUQDc08edfFN0Y2DFU0iPMUj2n16LU64J91U0ce',NULL,NULL,'luyao81@hotmail.com',b'1','en','33009171211089186920',NULL,'anonymousUser','2016-10-02 19:32:15',NULL,'anonymousUser','2016-09-15 15:04:12'),
	(86,'luyao82','$2a$10$gbXuI4JRn.kzN2IafZykcuwjH4uSL3.6u3nQ/OaMzGXZHmy1Y3i0G',NULL,NULL,'luyao82@hotmail.com',b'1','en','79422814939591983705',NULL,'anonymousUser','2016-10-02 19:32:15',NULL,'anonymousUser','2016-09-15 15:04:17'),
	(87,'luyao83','$2a$10$65hz9lw.3iERTL2nZxKYwOgBl1GsRaa8lDBILlXvu2rHXPhZUyqP.',NULL,NULL,'luyao83@hotmail.com',b'1','en','12106463879676878273',NULL,'anonymousUser','2016-10-02 19:32:16',NULL,'anonymousUser','2016-09-15 15:04:22'),
	(88,'luyao84','$2a$10$8RofoCNXJKEzGqVnX5.ZRuMAZ0uiOIwpPUHX2xnYRzOWG9qfSV7zi',NULL,NULL,'luyao84@hotmail.com',b'1','en','83816307472499647735',NULL,'anonymousUser','2016-10-02 19:32:20',NULL,'anonymousUser','2016-09-15 15:04:29'),
	(89,'luyao85','$2a$10$bRa7ludwRvLayNK1/PIA0.Q4uk3t1nQAmZfkCpsQ1ZxlhL.5Rq2Cy',NULL,NULL,'luyao85@hotmail.com',b'1','en','10064250729989388986',NULL,'anonymousUser','2016-10-02 19:32:21',NULL,'anonymousUser','2016-09-15 15:04:34'),
	(90,'luyao86','$2a$10$zrxoRJ2g1YJ6vwd4iKvuwO3D9Sd9NNMhKOkJxTeTZanyVvUI3Lo8i',NULL,NULL,'luyao86@hotmail.com',b'1','en','01461844642278816454',NULL,'anonymousUser','2016-10-02 19:32:22',NULL,'anonymousUser','2016-09-15 15:04:40'),
	(91,'luyao87','$2a$10$0Tsa7hcNpLtSXiAta2GuAejyPGgChIRrVR9BVV9ChENOrTy0TftoS',NULL,NULL,'luyao87@hotmail.com',b'1','en','89737787128464120101',NULL,'anonymousUser','2016-10-02 19:32:23',NULL,'anonymousUser','2016-09-15 15:04:45'),
	(92,'luyao88','$2a$10$Xk4y1ocqe4keHHMmWMRUnOWE5MKN0qv5jUTtgO9wDfqUvBCOSW.He',NULL,NULL,'luyao88@hotmail.com',b'1','en','89341325486891177669',NULL,'anonymousUser','2016-10-02 19:32:24',NULL,'anonymousUser','2016-09-15 15:04:52'),
	(93,'luyao89','$2a$10$SUJ9YH.e/7EjMnGR5KaXJuHFPQK6IpaCQRO0uPuUJxS8jmHlC.zzm',NULL,NULL,'luyao89@hotmail.com',b'1','en','11590984212175225711',NULL,'anonymousUser','2016-10-02 19:32:24',NULL,'anonymousUser','2016-09-15 15:04:58'),
	(94,'luyao90','$2a$10$w1FvKhH66zx.j3NNWPHGTObiAZH2vZRpxOVe.HVG0fQ6cVVFsjdEO',NULL,NULL,'luyao90@hotmail.com',b'1','en','36932621158447870010',NULL,'anonymousUser','2016-10-02 19:32:25',NULL,'anonymousUser','2016-09-15 15:05:10'),
	(95,'luyao91','$2a$10$EWM0c5fJw1/5SZQerg00UOEcCP9YJ9aGN0aS8wRvzb3/xu0eJxfGC',NULL,NULL,'luyao91@hotmail.com',b'1','en','38788187523938471093',NULL,'anonymousUser','2016-10-02 19:32:26',NULL,'anonymousUser','2016-09-15 15:05:15'),
	(96,'luyao92','$2a$10$5HvrSEsCXt7VMq195pI.7uT9gSclliOItJK9SIDLfjMDrP.YnV9n2',NULL,NULL,'luyao92@hotmail.com',b'1','en','48350045506022543654',NULL,'anonymousUser','2016-10-02 19:32:27',NULL,'anonymousUser','2016-09-15 15:05:21'),
	(97,'luyao93','$2a$10$x0XiZBLXf35waU47K0zDcutRRF76tyAED5J6mj4EmQOf.ZEnIZR0q',NULL,NULL,'luyao93@hotmail.com',b'1','en','16549597432586603201',NULL,'anonymousUser','2016-10-02 19:32:28',NULL,'anonymousUser','2016-09-15 15:05:27'),
	(98,'luyao94','$2a$10$7KyBrYao/6a/dEM12XhCyeyd29to.djEU7puBbub5ncCiHiBYZxzi',NULL,NULL,'luyao94@hotmail.com',b'1','en','88442476436522781658',NULL,'anonymousUser','2016-10-02 19:32:29',NULL,'anonymousUser','2016-09-15 15:05:33'),
	(99,'luyao95','$2a$10$FsV3SY2cmB8RKtmA.lwl7Oj5iO.gxM8f5bssFcSrCrVbiHI2TAJl.',NULL,NULL,'luyao95@hotmail.com',b'1','en','27550440356093212831',NULL,'anonymousUser','2016-10-02 19:32:33',NULL,'anonymousUser','2016-09-15 15:05:38'),
	(100,'luyao96','$2a$10$RZ2rVQbb1clKt5kqca5uQeG55bx3mOEuM/0ZrsZWfol0Gi6PKc.i6',NULL,NULL,'luyao96@hotmail.com',b'1','en','40182511280000468399',NULL,'anonymousUser','2016-10-02 19:32:38',NULL,'anonymousUser','2016-09-15 15:05:43'),
	(101,'luyao97','$2a$10$0Pvb3z4u543gzxR22joNaeQGFdziX6QpKpAlHkD1OaE6kHjM1Mdfe',NULL,NULL,'luyao97@hotmail.com',b'1','en','76274034159370126966',NULL,'anonymousUser','2016-10-02 19:32:39',NULL,'anonymousUser','2016-09-15 15:05:49'),
	(102,'luyao98','$2a$10$3PxYLzoVuuOA853GQL3uw.RlN6DFByKFXZDMzTf5bD6A0kQBwGvDC',NULL,NULL,'luyao98@hotmail.com',b'1','en','53562469073715779954',NULL,'anonymousUser','2016-10-02 19:32:39',NULL,'anonymousUser','2016-09-15 15:05:56'),
	(103,'luyao99','$2a$10$SFm5DCzGqc9ab1WeUiiMxedsCxKMeYGmDa/24GYhusb1oavqu9WxW',NULL,NULL,'luyao99@hotmail.com',b'1','en','22627573053623944614',NULL,'anonymousUser','2016-10-02 19:32:41',NULL,'anonymousUser','2016-09-15 15:06:01'),
	(104,'luyao100','$2a$10$A22Mk8vKC3kQmdyFEhhrFOCmWZU99XGLs/iHmPxrcQ90pHsnyJZWi',NULL,NULL,'luyao100@hotmail.com',b'1','en','13574700103392461033',NULL,'anonymousUser','2016-10-02 12:41:29',NULL,'anonymousUser','2016-09-15 15:06:09'),
	(105,'luyao101','$2a$10$ZRWqF708goeiE4vFMGEh5eJWItoRCIsLGrBRmaC0vmiGdFh1BxMUS',NULL,NULL,'luyao101@hotmail.com',b'1','en',NULL,NULL,'anonymousUser','2016-10-02 12:40:55',NULL,'anonymousUser','2016-10-01 22:05:57'),
	(106,'luyao102','$2a$10$ZIGJ1nZmj43LyoWDMnrvhuNyduudyb7mxULt3vlm5fRqDXt131R4e',NULL,NULL,'luyao102@hotmail.com',b'1','en',NULL,NULL,'anonymousUser','2016-10-03 11:17:13',NULL,'anonymousUser','2016-10-03 11:17:32'),
	(107,'luyao103','$2a$10$jBtCAxdZg1CPDHnPpyhuROmBvUL1KhgPJW6op0Br7vmbCq/PhoAPe',NULL,NULL,'luyao103@hotmail.com',b'1','zh-cn','51456796798120647303',NULL,'anonymousUser','2016-10-03 14:13:09',NULL,'anonymousUser','2016-10-03 13:43:59'),
	(108,'luyao104','$2a$10$oSOGJ4elve3H.Jc93yVXB.wp4iWUUgH2NTvmSspiky/zx7kCUdYVS',NULL,NULL,'luyao104@hotmail.com',b'1','en',NULL,NULL,'anonymousUser','2016-10-03 19:43:42',NULL,'anonymousUser','2016-10-03 19:44:01'),
	(109,'luyao106','$2a$10$kLCHjW3jelSPpHBz9h94.OkYKDrwX65B37bjQHvma7SE/lj7aQ/KO',NULL,NULL,'luyao_viva1@hotmail.com',b'1','en','90630299274974204618',NULL,'anonymousUser','2016-10-05 23:02:00',NULL,'anonymousUser','2016-10-04 10:16:57'),
	(110,'luyao107','$2a$10$DO0YzE3Qiujrd4L/BpKgvuHcxq0CaH2OmHByXIp5r8fslSDwOO3B.',NULL,NULL,'luyao_viva3@hotmail.com',b'1','en','14812274942403095610',NULL,'anonymousUser','2016-10-05 16:55:27',NULL,'anonymousUser','2016-10-04 22:10:00'),
	(111,'luyao108','$2a$10$.iXe84hUxZxXAuDG/En/t.Vw2sMDkQ/2QNqjMcKzTSM5YU9IqkX72',NULL,NULL,'luyao_viva4@hotmail.com',b'1','en','40440666415832229437',NULL,'luyao102','2016-10-05 16:55:27',NULL,'luyao102','2016-10-04 22:39:37'),
	(112,'luyao109','$2a$10$/WaELy.1FdP5NMSXaPH0H.sva.ldMn9RBde2T2UGDmerPmWIc011q',NULL,NULL,'luyao_viva5@hotmail.com',b'1','en','98890994587663089155',NULL,'anonymousUser','2016-10-05 16:55:28',NULL,'anonymousUser','2016-10-04 22:42:31'),
	(113,'luyao110','$2a$10$BfJJkCseolDfY21c.0uNYet6RU7X9rFVrQTsZIMh85/2qe93nlsVu',NULL,NULL,'luyao_viva6@hotmail.com',b'1','en','36574217692665900820',NULL,'anonymousUser','2016-10-05 16:55:29',NULL,'anonymousUser','2016-10-04 23:40:16'),
	(114,'luyao111','$2a$10$PNQk8c2yv3F9hKk0QIPIf.ctaD1KFh8El.h1nbcy3i.D9Bi9olKBC',NULL,NULL,'luyao_viva7@hotmail.com',b'1','en',NULL,NULL,'anonymousUser','2016-10-05 00:01:07',NULL,'anonymousUser','2016-10-04 23:59:46'),
	(115,'luyao112','$2a$10$Kp5Tp6nubR8.fRrHCnBDi.CmpQyfWtW6ymKg2gR/.6u5UBVTcFMuq',NULL,NULL,'luyao_viva8@hotmail.com',b'1','en',NULL,NULL,'anonymousUser','2016-10-05 21:48:49',NULL,'anonymousUser','2016-10-05 00:02:18'),
	(116,'luyao133','$2a$10$Bk1ZFNL.Ji.IYZ7qRdulnucAUn6scrbeuBqYgnwpJiKMWVAZ/HYHa',NULL,NULL,'luyao_viva9@hotmail.com',b'0','en','81685369438175996382',NULL,'anonymousUser','2016-10-06 00:24:28',NULL,'anonymousUser','2016-10-05 23:24:24'),
	(117,'luyao1222','$2a$10$8taYerbLaCVv0Up.6E68ReVmN9kRBCX5wYuPLTcckNn4i2Oy/OQDO',NULL,NULL,'luyao_viva11@hotmail.com',b'0','en','01382907414699583677',NULL,'anonymousUser','2016-10-06 14:20:55',NULL,'anonymousUser','2016-10-06 00:24:35'),
	(118,'luyao140','$2a$10$47xeXjKANW3k3GvUJuAncuXycHgQ4cYYRcgIWMatbffeKWoLg/mHy',NULL,NULL,'luyao140@hotmail.com',b'0','zh-cn','43898951733946985612',NULL,'anonymousUser','2016-10-06 22:51:46',NULL,'anonymousUser','2016-10-06 22:51:46'),
	(119,'luyao141','$2a$10$sTWwsMJoDTVCGQzU/UuONOGDjwhHAlriWEzRKzWmPCWTQVZyY4nZq',NULL,NULL,'luyao141@hotmail.com',b'1','zh-cn','18412736886536785577',NULL,'anonymousUser','2016-10-07 16:34:27',NULL,'anonymousUser','2016-10-06 22:57:58'),
	(120,'luyao142','$2a$10$lRxh4jwbdIRXMaHBR6XXfeYFjJg2HBcZaMBmktPe2QPcT.2shWFni',NULL,NULL,'luyao142@hotmail.com',b'0','zh-cn','00785804575056785376',NULL,'anonymousUser','2016-10-06 23:06:07',NULL,'anonymousUser','2016-10-06 23:06:07'),
	(121,'luyao151','$2a$10$VamVmJCazP6GalTIJYb4xeiE6XVT7f.Nxq4yginTDDuSul8Z82DC2',NULL,NULL,'yaolu0796@gmail.com',b'1','en',NULL,'55083732810757473988','anonymousUser','2016-10-08 10:03:19','2016-10-08 10:07:42','anonymousUser','2016-10-08 10:07:42'),
	(122,'luyao153','$2a$10$ivhHeLixE5zb.eXDFo/MiuriuzxHlgpGzHLP5gTecuLhjZtkM.s66',NULL,NULL,'luyao153@hotmail.com',b'0','en','63315835039012852303',NULL,'anonymousUser','2016-10-11 20:34:54',NULL,'anonymousUser','2016-10-11 20:34:54'),
	(123,'luyao200','$2a$10$K/SC71D4/ACmt2P9UCvhN.yLZEex8IPbH1u4cylULSBCf4ZIMVOo2',NULL,NULL,'luyao200@hotmail.com',b'1','zh-cn',NULL,NULL,'anonymousUser','2016-11-04 15:21:23',NULL,'anonymousUser','2016-11-04 15:21:53'),
	(124,'luyao202','$2a$10$mV8BC9fqrsTpuvYXxYateO.xMejBcABrEWbtz9hN/jnPAi/0NzPAW',NULL,NULL,'luyao202@hotmail.com',b'1','zh-cn',NULL,NULL,'anonymousUser','2016-11-10 09:29:34',NULL,'anonymousUser','2016-11-10 09:30:09'),
	(125,'luyao203','$2a$10$dcw5vHHfSHT1z7fugyQTludvJ9YbSXIRr4IcK.IE0T6037ZpXZRP.',NULL,NULL,'luyao203@hotmail.com',b'1','en',NULL,NULL,'anonymousUser','2016-11-10 09:33:20',NULL,'luyao101','2016-11-10 09:33:37'),
	(126,'luyao204','$2a$10$djezBBARqzIuzjZprIe6De5Tulvd7K5VyJe1uT3nkjxKAIXtJXgxa',NULL,NULL,'luyao_viva12@hotmail.com',b'0','en','80507735565026168582',NULL,'anonymousUser','2016-11-17 16:10:04',NULL,'anonymousUser','2016-11-17 16:05:38'),
	(127,'luyao205','$2a$10$CZ/aycaTu.YJMJAGcdD4luYd4p/8wWxlwHFEWIPLI5T5yuAASMPJi',NULL,NULL,'luyao_viva112@hotmail.com',b'1','en',NULL,NULL,'anonymousUser','2016-11-17 18:35:47',NULL,'anonymousUser','2016-11-17 16:10:35'),
	(128,'luyao212','$2a$10$Qm5TawX8sVbwVO52XrnxauzTCcxj0WOYrk07qwxR15/mH1SlBQO2a',NULL,NULL,'luyao_viva1212@hotmail.com',b'0','en','10015228866891050851',NULL,'anonymousUser','2016-11-17 21:15:05',NULL,'anonymousUser','2016-11-17 18:36:21'),
	(129,'luyao301','$2a$10$8m0yXA81QI54eH.GFOjoZ.BhwXhO.KUyeowN/jghKuk3DtXBHiHAy',NULL,NULL,'luyao_viva21@hotmail.com',b'1','en',NULL,NULL,'anonymousUser','2016-11-17 21:50:31',NULL,'anonymousUser','2016-11-17 21:16:07'),
	(130,'luyao302','$2a$10$mbyo1XFPUJsptDkBJkK7QuSipgasVbAhdM4wgVBbVU0Cxkte2vOE2',NULL,NULL,'luyao_viva12121@hotmail.com',b'0','en','89114005587216577797',NULL,'anonymousUser','2017-01-08 16:50:03',NULL,'anonymousUser','2016-11-17 21:51:53'),
	(131,'luyao333','$2a$10$QDXLaQ8zVjhDrv2kMSbKbO8pVGAG4IxN0SbG1PU5b9mxJnggpjQbK',NULL,NULL,'luyao_viva121@hotmail.com',b'0','en','20763078023920948468',NULL,'anonymousUser','2016-12-06 16:56:12',NULL,'anonymousUser','2016-12-06 16:56:12'),
	(132,'luyao502','$2a$10$V63nV4/VbNX0OzCfkfbieetHs5tvyc54pHAcMNALtGLs2Q7erlp5.',NULL,NULL,'luyao502@hotmail.com',b'1','zh-cn',NULL,NULL,'anonymousUser','2016-12-09 14:00:26',NULL,'anonymousUser','2016-12-09 14:01:03'),
	(133,'luyao303','$2a$10$NYJA20FwxP4W8EBeDMq6feX0wiJPMribQGXIT8JuVzcGEDyAwjSMu',NULL,NULL,'luyao_viva412@hotmail.com',b'1','zh-cn',NULL,NULL,'anonymousUser','2017-01-08 18:04:30',NULL,'anonymousUser','2017-01-08 16:52:46'),
	(134,'luyao304','$2a$10$qB0CirYy0my1reg2dIytw.ZHrnLmxPJaDa2jb9nUMT1jaD4CMrsiK',NULL,NULL,'luyao_viva413@hotmail.com',b'1','zh-cn','22356039805154724218',NULL,'anonymousUser','2017-02-11 20:27:32',NULL,'anonymousUser','2017-01-08 18:04:44'),
	(135,'luyao305','$2a$10$s1b8ZwXXqdsWcurBq5.FbeMTcdQ5wfM9BIVmdPpl6fGXWs1c1ACdW',NULL,NULL,'luyao_viva414@hotmail.com',b'1','zh-cn','61231633707574178479',NULL,'anonymousUser','2017-02-11 20:27:32',NULL,'anonymousUser','2017-01-08 18:31:44'),
	(136,'luyao306','$2a$10$Z44EZjPYPXatpIqhsEPMsuZZJxvjJDiHpDmJ/zlDPKODAqdS85mCC',NULL,NULL,'luyao_viva415@hotmail.com',b'1','zh-cn','95808738581390888895',NULL,'anonymousUser','2017-02-11 20:27:31',NULL,'anonymousUser','2017-01-08 18:50:30'),
	(137,'luyao307','$2a$10$/E55nDG8IyTnaDqSj/5xJO7R.vg56R.T6w7XO6c.OcfPA4A601OPu',NULL,NULL,'luyao_viva545@hotmail.com',b'1','zh-cn','39304654700909383997',NULL,'anonymousUser','2017-02-11 20:27:30',NULL,'anonymousUser','2017-01-08 19:12:46'),
	(138,'luyao311','$2a$10$MS4f4y9t3u8GdLRPDEoT7u84njVqicC.s8xyJIpUX/lv6e6V7KR1S',NULL,NULL,'luyao_viva512@hotmail.com',b'1','zh-cn','72113353055857306026',NULL,'anonymousUser','2017-02-11 20:27:29',NULL,'anonymousUser','2017-01-15 17:25:22'),
	(139,'luyao312','$2a$10$uBBmtkQZFUPV3GpQkUswlOCR7KegjQgndCLPPYklAx2IUe.40lQd.',NULL,NULL,'luyao_viva513@hotmail.com',b'1','zh-cn','26429184367648164200',NULL,'anonymousUser','2017-02-11 20:27:29',NULL,'anonymousUser','2017-01-15 17:54:15'),
	(140,'luyao313','$2a$10$qAxRILjOTXrkV8XFki.UUOEvCMp2rRarGJN6W6wuH..G62N6HGo2W',NULL,NULL,'luyao_viva514@hotmail.com',b'1','zh-cn','18067892783500277884',NULL,'anonymousUser','2017-02-11 20:27:28',NULL,'anonymousUser','2017-01-15 23:22:23'),
	(141,'luyao314','$2a$10$EkumNuLBF0Y64dTRL4qXnOGeGCE8rluuBaJBawldE3Y/wiSYoICyy',NULL,NULL,'luyao_viva515@hotmail.com',b'1','zh-cn','01551728323486107385',NULL,'anonymousUser','2017-02-11 20:27:27',NULL,'anonymousUser','2017-01-22 11:53:37'),
	(142,'luyao315','$2a$10$RFMIy99OarBbMsvPrWG/vumbdDBxs0jYQEk7oFh43ZyQO1Wg0w/Oa',NULL,NULL,'luyao_viva516@hotmail.com',b'1','zh-cn',NULL,NULL,'anonymousUser','2017-01-31 17:04:24',NULL,'luyao315','2017-01-23 00:17:29'),
	(143,'luyao316','$2a$10$svpbdI2w0WdFbaDzY77Ou.osFTM1IHMAzpkuQWbGjqM23WjN8EXba',NULL,NULL,'luyao_viva517@hotmail.co',b'1','zh-cn','64809195001540041200',NULL,'anonymousUser','2017-02-11 20:27:26',NULL,'anonymousUser','2017-01-31 17:05:03'),
	(144,'luyao317','$2a$10$2baFeXHfFqqHjkdGVlDDWO9ze4y6kOCY5jwxdb.Asx8v7gtFKU4we',NULL,NULL,'luyao_viva1121@hotmail.com',b'1','zh-cn',NULL,NULL,'anonymousUser','2017-02-09 20:04:10',NULL,'luyao101','2017-01-31 17:08:01'),
	(145,'luyao318','$2a$10$s8TccaHfLoG.uSko2QU0lusLkDxU3L.B1EptnHrfqfJf8hjf2ZGvW',NULL,NULL,'luyao_viva517@hotmail.com',b'1','zh-cn','82964369938977092420',NULL,'anonymousUser','2017-02-11 20:27:25',NULL,'anonymousUser','2017-02-09 20:04:33'),
	(146,'luyao319','$2a$10$7CydrJ4Ex7fMGvwyFNaXzuDazB78R781jKhAfUjh5K1EvwWyHD5Bi',NULL,NULL,'luyao_viva518@hotmail.com',b'1','zh-cn','62841328032770778491',NULL,'anonymousUser','2017-02-11 20:27:24',NULL,'anonymousUser','2017-02-09 20:09:17'),
	(147,'luyao320','$2a$10$3E.97y1/.t6H1E7hwCCGb.rihPweSR2tHWMpzyRpxGB3ifLs4ZwK2',NULL,NULL,'luyao320@hotmail.com',b'1','zh-cn','04288492194636173180',NULL,'anonymousUser','2017-02-11 20:27:23',NULL,'anonymousUser','2017-02-10 09:20:42'),
	(148,'luyao321','$2a$10$WANzRiUmCvo35Sobv0U5i.NG98aNCDbTb0eLBa3cxjr8PFQKMOQ1m',NULL,NULL,'luyao312@hotmail.com',b'1','zh-cn','56667736654813069200',NULL,'anonymousUser','2017-02-11 20:27:22',NULL,'anonymousUser','2017-02-10 09:29:50'),
	(149,'luyao322','$2a$10$yApj196YRsIbHtIenuqa6O4Ej7SLUznlZHr0fbAG3GxNxtcVHNmjC',NULL,NULL,'luyao322@hotmail.com',b'1','zh-cn','11334556036368420112',NULL,'anonymousUser','2017-02-11 20:27:22',NULL,'anonymousUser','2017-02-11 12:15:11'),
	(150,'luyao323','$2a$10$X7BqiP3Kr2pP6hSqwNZuoOZpE9FpkxEAJkwrNtoKsAgYDeePSmYuG',NULL,NULL,'luyao_viva324@hotmail.com',b'1','zh-cn',NULL,NULL,'anonymousUser','2017-02-11 13:46:35',NULL,'admin','2017-02-11 12:29:29'),
	(151,'luyao324','$2a$10$97EjMZZsokamRBHks3jT6eIhK4qwDwRZpT8fksW.mQ6KvoWwE/okK',NULL,NULL,'luyao_viva325@hotmail.com',b'1','en','44970238804876913177',NULL,'anonymousUser','2017-02-11 22:12:09',NULL,'anonymousUser','2017-02-11 13:46:41'),
	(152,'luyao325','$2a$10$jazOqADG7aP/S3Y1YqbnPu9I7WkAMJbtxu6XlmclsWN4XgJCgzO0.',NULL,NULL,'luyao_viva326@hotmail.com',b'1','zh-cn',NULL,NULL,'anonymousUser','2017-02-11 17:56:04',NULL,'anonymousUser','2017-02-11 14:33:32'),
	(153,'luyao326','$2a$10$LU89JCVhVOHhqhOj3sseFO1/kSN4XyWSzTTkCJrn7ZLLNa62ToCgy',NULL,NULL,'luyao326@hotmail.com',b'1','en','06006818660740033374',NULL,'anonymousUser','2017-02-11 20:27:19',NULL,'anonymousUser','2017-02-11 16:57:32'),
	(154,'luyao327','$2a$10$4BLsaDt0nVjNhbSrsA/S6OhUjWfuupt9Fz0ddGD2tg4cUy.0XaNaK',NULL,NULL,'luyao_viva327@hotmail.com',b'1','en',NULL,NULL,'anonymousUser','2017-02-11 17:58:26',NULL,'luyao325','2017-02-11 17:57:34'),
	(155,'luyao328','$2a$10$uIkX78aaxYn3VQYtG.TaYevfGeHvT1d/bxTEEl3r00xqY9V8NE0uq',NULL,NULL,'luyao_viva328@hotmail.com',b'1','zh-cn','74579001912398994507',NULL,'anonymousUser','2017-02-11 20:27:18',NULL,'anonymousUser','2017-02-11 17:59:11'),
	(156,'luyao329','$2a$10$q7g8rOzkRCtt08efEPJyn.yL7O/ZePmzvm2P5m0v8naIb666J/cjO',NULL,NULL,'luyao_viva@hotmail.com',b'1','zh-cn',NULL,NULL,'anonymousUser','2017-02-12 13:48:45',NULL,'anonymousUser','2017-02-11 18:02:16'),
	(157,'john','$2a$10$vKsa628Ccz1zAMQ28lJAb.0gYVENMi8edpfCx9lv9vQuBlf1CZOVG',NULL,NULL,'kimchiegg@outlook.com',b'0','en','83442564206854226804',NULL,'anonymousUser','2017-04-10 17:26:55',NULL,'anonymousUser','2017-04-10 17:26:55'),
	(158,'mike','$2a$10$XSXtRF/.tY5l7/i7pEqmxeQyO0.MWns1T9CoYSUa5tla4kCMSsVli',NULL,NULL,'kimchiegg101@gmail.com',b'0','en','47507752587593262294',NULL,'anonymousUser','2017-04-10 17:31:13',NULL,'anonymousUser','2017-04-10 17:31:13'),
	(159,'luyao666','$2a$10$6x/Q1XBum7/bwMCe7bvV6uJhg1FnIiphMasmS85I3QrO82m5Pe3iO',NULL,NULL,'luyao666@hotmail.com',b'0','zh-cn','01596533509598102177',NULL,'anonymousUser','2017-04-29 12:10:57',NULL,'anonymousUser','2017-04-29 12:10:57');

/*!40000 ALTER TABLE `jhi_user` ENABLE KEYS */;
UNLOCK TABLES;


# Dump of table jhi_user_authority
# ------------------------------------------------------------

DROP TABLE IF EXISTS `jhi_user_authority`;

CREATE TABLE `jhi_user_authority` (
  `user_id` bigint(20) NOT NULL,
  `authority_name` varchar(50) NOT NULL,
  PRIMARY KEY (`user_id`,`authority_name`),
  KEY `fk_authority_name` (`authority_name`),
  CONSTRAINT `fk_authority_name` FOREIGN KEY (`authority_name`) REFERENCES `jhi_authority` (`name`),
  CONSTRAINT `fk_user_id` FOREIGN KEY (`user_id`) REFERENCES `jhi_user` (`id`)
) ENGINE=InnoDB DEFAULT CHARSET=utf8;

LOCK TABLES `jhi_user_authority` WRITE;
/*!40000 ALTER TABLE `jhi_user_authority` DISABLE KEYS */;

INSERT INTO `jhi_user_authority` (`user_id`, `authority_name`)
VALUES
	(1,'ROLE_ADMIN'),
	(3,'ROLE_ADMIN'),
	(1,'ROLE_USER'),
	(3,'ROLE_USER'),
	(4,'ROLE_USER'),
	(5,'ROLE_USER'),
	(6,'ROLE_USER'),
	(7,'ROLE_USER'),
	(8,'ROLE_USER'),
	(9,'ROLE_USER'),
	(10,'ROLE_USER'),
	(11,'ROLE_USER'),
	(12,'ROLE_USER'),
	(13,'ROLE_USER'),
	(14,'ROLE_USER'),
	(15,'ROLE_USER'),
	(16,'ROLE_USER'),
	(17,'ROLE_USER'),
	(18,'ROLE_USER'),
	(19,'ROLE_USER'),
	(20,'ROLE_USER'),
	(21,'ROLE_USER'),
	(22,'ROLE_USER'),
	(23,'ROLE_USER'),
	(24,'ROLE_USER'),
	(25,'ROLE_USER'),
	(26,'ROLE_USER'),
	(27,'ROLE_USER'),
	(28,'ROLE_USER'),
	(29,'ROLE_USER'),
	(30,'ROLE_USER'),
	(31,'ROLE_USER'),
	(32,'ROLE_USER'),
	(33,'ROLE_USER'),
	(34,'ROLE_USER'),
	(35,'ROLE_USER'),
	(36,'ROLE_USER'),
	(37,'ROLE_USER'),
	(38,'ROLE_USER'),
	(39,'ROLE_USER'),
	(40,'ROLE_USER'),
	(41,'ROLE_USER'),
	(42,'ROLE_USER'),
	(43,'ROLE_USER'),
	(44,'ROLE_USER'),
	(45,'ROLE_USER'),
	(46,'ROLE_USER'),
	(47,'ROLE_USER'),
	(48,'ROLE_USER'),
	(49,'ROLE_USER'),
	(50,'ROLE_USER'),
	(51,'ROLE_USER'),
	(52,'ROLE_USER'),
	(53,'ROLE_USER'),
	(54,'ROLE_USER'),
	(55,'ROLE_USER'),
	(56,'ROLE_USER'),
	(57,'ROLE_USER'),
	(58,'ROLE_USER'),
	(59,'ROLE_USER'),
	(60,'ROLE_USER'),
	(61,'ROLE_USER'),
	(62,'ROLE_USER'),
	(63,'ROLE_USER'),
	(64,'ROLE_USER'),
	(65,'ROLE_USER'),
	(66,'ROLE_USER'),
	(67,'ROLE_USER'),
	(68,'ROLE_USER'),
	(69,'ROLE_USER'),
	(70,'ROLE_USER'),
	(71,'ROLE_USER'),
	(72,'ROLE_USER'),
	(73,'ROLE_USER'),
	(74,'ROLE_USER'),
	(75,'ROLE_USER'),
	(76,'ROLE_USER'),
	(77,'ROLE_USER'),
	(78,'ROLE_USER'),
	(79,'ROLE_USER'),
	(80,'ROLE_USER'),
	(81,'ROLE_USER'),
	(82,'ROLE_USER'),
	(83,'ROLE_USER'),
	(84,'ROLE_USER'),
	(85,'ROLE_USER'),
	(86,'ROLE_USER'),
	(87,'ROLE_USER'),
	(88,'ROLE_USER'),
	(89,'ROLE_USER'),
	(90,'ROLE_USER'),
	(91,'ROLE_USER'),
	(92,'ROLE_USER'),
	(93,'ROLE_USER'),
	(94,'ROLE_USER'),
	(95,'ROLE_USER'),
	(96,'ROLE_USER'),
	(97,'ROLE_USER'),
	(98,'ROLE_USER'),
	(99,'ROLE_USER'),
	(100,'ROLE_USER'),
	(101,'ROLE_USER'),
	(102,'ROLE_USER'),
	(103,'ROLE_USER'),
	(104,'ROLE_USER'),
	(105,'ROLE_USER'),
	(106,'ROLE_USER'),
	(107,'ROLE_USER'),
	(108,'ROLE_USER'),
	(109,'ROLE_USER'),
	(110,'ROLE_USER'),
	(111,'ROLE_USER'),
	(112,'ROLE_USER'),
	(113,'ROLE_USER'),
	(114,'ROLE_USER'),
	(115,'ROLE_USER'),
	(116,'ROLE_USER'),
	(117,'ROLE_USER'),
	(118,'ROLE_USER'),
	(119,'ROLE_USER'),
	(120,'ROLE_USER'),
	(121,'ROLE_USER'),
	(122,'ROLE_USER'),
	(123,'ROLE_USER'),
	(124,'ROLE_USER'),
	(125,'ROLE_USER'),
	(126,'ROLE_USER'),
	(127,'ROLE_USER'),
	(128,'ROLE_USER'),
	(129,'ROLE_USER'),
	(130,'ROLE_USER'),
	(131,'ROLE_USER'),
	(132,'ROLE_USER'),
	(133,'ROLE_USER'),
	(134,'ROLE_USER'),
	(135,'ROLE_USER'),
	(136,'ROLE_USER'),
	(137,'ROLE_USER'),
	(138,'ROLE_USER'),
	(139,'ROLE_USER'),
	(140,'ROLE_USER'),
	(141,'ROLE_USER'),
	(142,'ROLE_USER'),
	(143,'ROLE_USER'),
	(144,'ROLE_USER'),
	(145,'ROLE_USER'),
	(146,'ROLE_USER'),
	(147,'ROLE_USER'),
	(148,'ROLE_USER'),
	(149,'ROLE_USER'),
	(150,'ROLE_USER'),
	(151,'ROLE_USER'),
	(152,'ROLE_USER'),
	(153,'ROLE_USER'),
	(154,'ROLE_USER'),
	(155,'ROLE_USER'),
	(156,'ROLE_USER'),
	(157,'ROLE_USER'),
	(158,'ROLE_USER'),
	(159,'ROLE_USER');

/*!40000 ALTER TABLE `jhi_user_authority` ENABLE KEYS */;
UNLOCK TABLES;


# Dump of table mad_address_training
# ------------------------------------------------------------

DROP TABLE IF EXISTS `mad_address_training`;

CREATE TABLE `mad_address_training` (
  `id` bigint(20) NOT NULL AUTO_INCREMENT,
  `name` varchar(255) DEFAULT NULL,
  `unit` varchar(255) DEFAULT NULL,
  `street` varchar(255) DEFAULT NULL,
  `postcode` varchar(255) DEFAULT NULL,
  `city_id` bigint(20) DEFAULT NULL,
  `training_service_id` bigint(20) DEFAULT NULL,
  PRIMARY KEY (`id`),
  KEY `fk_mad_address_training_city_id` (`city_id`),
  KEY `fk_mad_address_training_training_service_id` (`training_service_id`),
  CONSTRAINT `fk_mad_address_training_city_id` FOREIGN KEY (`city_id`) REFERENCES `mad_city` (`id`),
  CONSTRAINT `fk_mad_address_training_training_service_id` FOREIGN KEY (`training_service_id`) REFERENCES `mbe_training` (`id`)
) ENGINE=InnoDB DEFAULT CHARSET=utf8;

LOCK TABLES `mad_address_training` WRITE;
/*!40000 ALTER TABLE `mad_address_training` DISABLE KEYS */;

INSERT INTO `mad_address_training` (`id`, `name`, `unit`, `street`, `postcode`, `city_id`, `training_service_id`)
VALUES
	(1,'lambton','11','265','M2j3mp',1,1),
	(2,'lambton','11','265','M2j3mp',1,1),
	(3,'lambton','11','265','M2j3mp',1,1),
	(4,'lambton','11','265','M2j3mp',1,2),
	(5,'lambton','11','265','M2j3mp',1,2),
	(7,'ssss11','ss11','sss11','sss11',3,61),
	(8,'toronto school','11','51 vcardasdlf','1231',1,62),
	(9,'11','11','11','11',2,62),
	(11,NULL,NULL,'51 cairna side','1231',1,63);

/*!40000 ALTER TABLE `mad_address_training` ENABLE KEYS */;
UNLOCK TABLES;


# Dump of table mad_city
# ------------------------------------------------------------

DROP TABLE IF EXISTS `mad_city`;

CREATE TABLE `mad_city` (
  `id` bigint(20) NOT NULL AUTO_INCREMENT,
  `city_name` varchar(255) DEFAULT NULL,
  `city_name_ch` varchar(255) DEFAULT NULL,
  `province_id` bigint(20) DEFAULT NULL,
  PRIMARY KEY (`id`),
  KEY `fk_mad_city_province_id` (`province_id`),
  CONSTRAINT `fk_mad_city_province_id` FOREIGN KEY (`province_id`) REFERENCES `mad_province` (`id`)
) ENGINE=InnoDB DEFAULT CHARSET=utf8;

LOCK TABLES `mad_city` WRITE;
/*!40000 ALTER TABLE `mad_city` DISABLE KEYS */;

INSERT INTO `mad_city` (`id`, `city_name`, `city_name_ch`, `province_id`)
VALUES
	(1,'Toronto','',1),
	(2,'Missisaga','',2),
	(3,'Waterloo','',1),
	(4,'Gulph','',1);

/*!40000 ALTER TABLE `mad_city` ENABLE KEYS */;
UNLOCK TABLES;


# Dump of table mad_country
# ------------------------------------------------------------

DROP TABLE IF EXISTS `mad_country`;

CREATE TABLE `mad_country` (
  `id` bigint(20) NOT NULL AUTO_INCREMENT,
  `country_name` varchar(255) DEFAULT NULL,
  `region_name_ch` varchar(255) DEFAULT NULL,
  PRIMARY KEY (`id`)
) ENGINE=InnoDB DEFAULT CHARSET=utf8;

LOCK TABLES `mad_country` WRITE;
/*!40000 ALTER TABLE `mad_country` DISABLE KEYS */;

INSERT INTO `mad_country` (`id`, `country_name`, `region_name_ch`)
VALUES
	(1,'Canada',''),
	(2,'USA',''),
	(3,'Australia','');

/*!40000 ALTER TABLE `mad_country` ENABLE KEYS */;
UNLOCK TABLES;


# Dump of table mad_province
# ------------------------------------------------------------

DROP TABLE IF EXISTS `mad_province`;

CREATE TABLE `mad_province` (
  `id` bigint(20) NOT NULL AUTO_INCREMENT,
  `province_name` varchar(255) DEFAULT NULL,
  `province_name_ch` varchar(255) DEFAULT NULL,
  `country_id` bigint(20) DEFAULT NULL,
  PRIMARY KEY (`id`),
  KEY `fk_mad_province_country_id` (`country_id`),
  CONSTRAINT `fk_mad_province_country_id` FOREIGN KEY (`country_id`) REFERENCES `mad_country` (`id`)
) ENGINE=InnoDB DEFAULT CHARSET=utf8;

LOCK TABLES `mad_province` WRITE;
/*!40000 ALTER TABLE `mad_province` DISABLE KEYS */;

INSERT INTO `mad_province` (`id`, `province_name`, `province_name_ch`, `country_id`)
VALUES
	(1,'Ontario','',1),
	(2,'British Columbia','',1);

/*!40000 ALTER TABLE `mad_province` ENABLE KEYS */;
UNLOCK TABLES;


# Dump of table mam_activity
# ------------------------------------------------------------

DROP TABLE IF EXISTS `mam_activity`;

CREATE TABLE `mam_activity` (
  `id` bigint(20) NOT NULL AUTO_INCREMENT,
  `title` varchar(255) DEFAULT NULL,
  `number_student` int(11) DEFAULT NULL,
  `number_student_joined` int(11) DEFAULT NULL,
  `sequence` int(11) DEFAULT NULL,
  `created_date` timestamp NULL DEFAULT NULL,
  `deadline_date` timestamp NULL DEFAULT NULL,
  `amount` double DEFAULT NULL,
  `description` varchar(255) DEFAULT NULL,
  `condition_admission` varchar(255) DEFAULT NULL,
  `active` bit(1) DEFAULT NULL,
  `waiting` bit(1) DEFAULT NULL,
  `preorder` bit(1) DEFAULT NULL,
  `deleted` bit(1) DEFAULT NULL,
  PRIMARY KEY (`id`)
) ENGINE=InnoDB DEFAULT CHARSET=utf8;

LOCK TABLES `mam_activity` WRITE;
/*!40000 ALTER TABLE `mam_activity` DISABLE KEYS */;

INSERT INTO `mam_activity` (`id`, `title`, `number_student`, `number_student_joined`, `sequence`, `created_date`, `deadline_date`, `amount`, `description`, `condition_admission`, `active`, `waiting`, `preorder`, `deleted`)
VALUES
	(1,' ',3,0,1,'2016-09-01 00:07:07','2016-10-08 00:00:00',100,'20%','120%',b'1',b'0',b'0',b'0'),
	(2,' ',6,0,2,'2016-09-02 00:07:07','2016-10-08 00:00:00',100,'20%','220%',b'1',b'0',b'0',b'0'),
	(3,' ',12,0,3,'2016-09-03 00:07:07','2016-10-08 00:00:00',100,'20%','320%',b'1',b'0',b'0',b'0'),
	(4,' ',22,0,4,'2016-09-04 00:07:07','2016-10-08 00:00:00',100,'20%','420%',b'1',b'0',b'0',b'0'),
	(5,' ',18,0,5,'2016-09-05 00:07:07','2016-10-08 00:00:00',100,'','520%',b'1',b'0',b'1',b'0'),
	(6,' ',120,0,6,'2016-09-07 14:54:37','2016-10-07 14:54:41',100,'20%','20%',b'0',b'0',b'0',b'0'),
	(7,' ',3,0,1,'2016-09-08 00:07:07','2016-10-08 00:00:00',100,'20%11','20%',b'0',b'0',b'0',b'0'),
	(8,' ',6,0,2,'2016-09-09 00:07:07','2016-10-08 00:00:00',100,'20%','20%',b'0',b'0',b'0',b'0'),
	(9,' ',12,0,3,'2016-09-10 00:07:07','2016-10-08 00:00:00',100,'20%','20%',b'0',b'0',b'0',b'0'),
	(10,' ',18,0,4,'2016-09-11 00:07:07','2016-10-08 00:00:00',100,'20%','20%',b'0',b'0',b'0',b'0'),
	(11,' ',18,0,5,'2016-09-12 00:07:07','2016-10-08 00:00:00',100,'20%','20%',b'0',b'0',b'0',b'0'),
	(12,'Waiting',0,0,6,'2016-09-13 14:54:37','2016-10-07 14:54:41',100,'20%','20%',b'0',b'0',b'0',b'0'),
	(13,'0',123,0,7,'2016-10-02 22:41:50','2016-10-11 22:41:56',100,'20%','20%',b'0',b'0',b'0',b'0'),
	(14,'',3,0,8,'2016-12-01 00:00:00','2016-12-20 00:00:00',100,'20%','20%',b'0',b'0',b'0',b'0'),
	(15,'12',12,12,12,'2017-01-12 00:00:00','2017-01-20 00:00:00',100,'20%','20%',b'0',b'1',b'0',b'0'),
	(16,'',3,0,1,'2016-09-06 00:07:07','2016-10-08 00:00:00',100,'20%','20%',b'0',b'0',b'0',b'0');

/*!40000 ALTER TABLE `mam_activity` ENABLE KEYS */;
UNLOCK TABLES;


# Dump of table mam_advertisement
# ------------------------------------------------------------

DROP TABLE IF EXISTS `mam_advertisement`;

CREATE TABLE `mam_advertisement` (
  `id` bigint(20) NOT NULL AUTO_INCREMENT,
  `deleted` bit(1) DEFAULT NULL,
  `updated_date` timestamp NULL DEFAULT NULL,
  `location` varchar(255) DEFAULT NULL,
  `left_or_right` varchar(255) DEFAULT NULL,
  `sequence` int(11) DEFAULT NULL,
  `link` varchar(255) DEFAULT NULL,
  `description` varchar(255) DEFAULT NULL,
  `main_image` varchar(255) DEFAULT NULL,
  PRIMARY KEY (`id`)
) ENGINE=InnoDB DEFAULT CHARSET=utf8;

LOCK TABLES `mam_advertisement` WRITE;
/*!40000 ALTER TABLE `mam_advertisement` DISABLE KEYS */;

INSERT INTO `mam_advertisement` (`id`, `deleted`, `updated_date`, `location`, `left_or_right`, `sequence`, `link`, `description`, `main_image`)
VALUES
	(1,b'0','2016-11-04 15:59:48','HOME_PAGE','LEFT',2,'google1.ca','1','upload7369570595387553260.jpg'),
	(2,b'0','2016-10-16 20:40:41','HOME_PAGE','LEFT',1,'google.ca','1','upload3495095235559733767.jpg'),
	(3,b'0','2016-10-16 20:41:43','HOME_PAGE','LEFT',3,'google.ca','1','upload5029051646113806030.jpg'),
	(4,b'0','2016-10-16 20:44:36','HOME_PAGE','LEFT',4,'google.ca','1','upload6943727417042600768.jpg'),
	(6,b'0','2016-09-05 23:36:27','HOME_PAGE','RIGHT',1,'google.ca','1','upload7369570595387553260.jpg'),
	(7,b'0','2016-09-05 23:36:27','HOME_PAGE','RIGHT',2,'google.ca','1','upload6943727417042600768.jpg'),
	(8,b'0','2016-09-05 23:36:27','HOME_PAGE','RIGHT',3,'google.ca','1','upload5029051646113806030.jpg'),
	(9,b'0','2016-09-05 23:36:27','HOME_PAGE','RIGHT',4,'google.ca','1','upload3495095235559733767.jpg'),
	(11,b'0','2016-09-05 23:49:36','APPLY_PAGE','RIGHT',1,'google.ca','1','ad1.gif'),
	(12,b'0','2016-09-05 23:00:00','APPLY_PAGE','RIGHT',2,'google.ca','1','ad2.jpeg'),
	(13,b'0','2016-09-05 23:00:00','APPLY_PAGE','RIGHT',3,'google.ca','1','ad3.gif'),
	(14,b'0','2016-09-05 23:00:00','APPLY_PAGE','RIGHT',4,'google.ca','1','ad4.jpeg'),
	(16,b'0','2016-09-05 23:36:27','APPLY_PAGE','LEFT',1,'google.ca','1','ad6.gif'),
	(17,b'0','2016-09-05 23:36:27','APPLY_PAGE','LEFT',2,'google.ca','1','ad7.gif'),
	(18,b'0','2016-09-05 23:36:27','APPLY_PAGE','LEFT',3,'google.ca','1','ad8.gif'),
	(19,b'0','2016-09-05 23:36:27','APPLY_PAGE','LEFT',4,'google.ca','1','ad9.jpeg'),
	(21,b'0','2016-09-05 23:49:36','ACTIVITY_PAGE','LEFT',1,'google.ca','1','ad1.gif'),
	(22,b'0','2016-09-05 23:00:00','ACTIVITY_PAGE','LEFT',2,'google.ca','1','ad2.jpeg'),
	(23,b'0','2016-09-05 23:00:00','ACTIVITY_PAGE','LEFT',3,'google.ca','1','ad3.gif'),
	(24,b'0','2016-09-05 23:00:00','ACTIVITY_PAGE','LEFT',4,'google.ca','1','ad4.jpeg'),
	(26,b'0','2016-09-05 23:36:27','ACTIVITY_PAGE','RIGHT',1,'google.ca','1','ad6.gif'),
	(27,b'0','2016-09-05 23:36:27','ACTIVITY_PAGE','RIGHT',2,'google.ca','1','ad7.gif'),
	(28,b'0','2016-09-05 23:36:27','ACTIVITY_PAGE','RIGHT',3,'google.ca','1','ad8.gif'),
	(29,b'0','2016-09-05 23:36:27','ACTIVITY_PAGE','RIGHT',4,'google.ca','1','ad9.jpeg'),
	(31,b'0','2016-09-05 23:00:00','GUARDIAN_SEARCH','RIGHT',1,'google.ca','1','ad1.gif'),
	(32,b'0','2016-09-05 23:00:00','GUARDIAN_SEARCH','RIGHT',2,'google.ca','1','ad2.jpeg'),
	(33,b'0','2016-09-05 23:00:00','GUARDIAN_SEARCH','RIGHT',3,'google.ca','1','ad3.gif'),
	(34,b'0','2016-09-05 23:00:00','GUARDIAN_SEARCH','RIGHT',4,'google.ca','1','ad4.jpeg'),
	(36,b'0','2016-09-05 23:00:00','RENT_SEARCH','RIGHT',1,'google.ca','1','ad1.gif'),
	(37,b'0','2016-09-05 23:00:00','RENT_SEARCH','RIGHT',2,'google.ca','1','ad2.jpeg'),
	(38,b'0','2016-09-05 23:00:00','RENT_SEARCH','RIGHT',3,'google.ca','1','ad3.gif'),
	(39,b'0','2016-09-05 23:00:00','RENT_SEARCH','RIGHT',4,'google.ca','1','ad4.jpeg'),
	(41,b'0','2016-09-05 23:00:00','TRAINING_SEARCH','RIGHT',1,'google.ca','1','ad5.gif'),
	(42,b'0','2016-09-05 23:00:00','TRAINING_SEARCH','RIGHT',2,'google.ca','1','ad2.jpeg'),
	(43,b'0','2016-09-05 23:00:00','TRAINING_SEARCH','RIGHT',3,'google.ca','1','ad3.gif'),
	(44,b'0','2016-09-05 23:00:00','TRAINING_SEARCH','RIGHT',4,'google.ca','1','ad4.jpeg'),
	(46,b'0','2016-09-05 23:00:00','STUDENT_SEARCH','RIGHT',1,'google.ca','1','ad1.gif'),
	(47,b'0','2016-09-05 23:00:00','STUDENT_SEARCH','RIGHT',2,'google.ca','1','ad2.jpeg'),
	(48,b'0','2016-09-05 23:00:00','STUDENT_SEARCH','RIGHT',3,'google.ca','1','ad3.gif'),
	(49,b'0','2016-09-05 23:00:00','STUDENT_SEARCH','RIGHT',4,'google.ca','1','ad4.jpeg'),
	(50,b'0','2016-09-05 23:00:00','GUARDIAN_SEARCH','RIGHT',5,'google.ca','1','ad1.gif'),
	(51,b'0','2016-09-05 23:00:00','GUARDIAN_SEARCH','RIGHT',6,'google.ca','1','ad2.jpeg'),
	(52,b'0','2016-09-05 23:00:00','GUARDIAN_SEARCH','RIGHT',7,'google.ca','1','ad3.gif'),
	(53,b'0','2016-09-05 23:00:00','TRAINING_SEARCH','RIGHT',7,'google.ca','1','ad4.jpeg'),
	(54,b'0','2016-09-05 23:00:00','TRAINING_SEARCH','RIGHT',5,'google.ca','1','ad5.gif'),
	(55,b'0','2016-09-05 23:00:00','TRAINING_SEARCH','RIGHT',6,'google.ca','1','ad2.jpeg'),
	(56,b'0','2016-09-05 23:00:00','RENT_SEARCH','RIGHT',5,'google.ca','1','ad1.gif'),
	(57,b'0','2016-09-05 23:00:00','RENT_SEARCH','RIGHT',6,'google.ca','1','ad2.jpeg'),
	(58,b'0','2016-09-05 23:00:00','RENT_SEARCH','RIGHT',7,'google.ca','1','ad3.gif'),
	(60,b'0','2016-09-05 23:00:00','STUDENT_SEARCH','RIGHT',5,'google.ca','1','ad1.gif'),
	(61,b'0','2016-09-05 23:00:00','STUDENT_SEARCH','RIGHT',6,'google.ca','1','ad2.jpeg'),
	(62,b'0','2016-09-05 23:00:00','STUDENT_SEARCH','RIGHT',7,'google.ca','1','ad3.gif'),
	(63,b'0','2016-09-05 23:49:36','ACTIVITY_PAGE','LEFT',5,'google.ca','1','ad1.gif'),
	(64,b'0','2016-09-05 23:00:00','ACTIVITY_PAGE','LEFT',6,'google.ca','1','ad2.jpeg'),
	(65,b'0','2016-09-05 23:00:00','ACTIVITY_PAGE','LEFT',7,'google.ca','1','ad3.gif'),
	(66,b'0','2016-09-05 23:00:00','ACTIVITY_PAGE','LEFT',8,'google.ca','1','ad4.jpeg'),
	(67,b'0','2016-09-05 23:36:27','ACTIVITY_PAGE','RIGHT',5,'google.ca','1','ad6.gif'),
	(68,b'0','2016-09-05 23:36:27','ACTIVITY_PAGE','RIGHT',6,'google.ca','1','ad7.gif'),
	(69,b'0','2016-09-05 23:36:27','ACTIVITY_PAGE','RIGHT',7,'google.ca','1','ad8.gif'),
	(70,b'0','2016-09-05 23:36:27','ACTIVITY_PAGE','RIGHT',8,'google.ca','1','ad9.jpeg'),
	(71,b'0','2016-10-16 20:44:36','HOME_PAGE','LEFT',5,'google.ca','1','upload6943727417042600768.jpg'),
	(72,b'0','2016-09-05 23:36:27','HOME_PAGE','RIGHT',6,'google.ca','1','upload7369570595387553260.jpg');

/*!40000 ALTER TABLE `mam_advertisement` ENABLE KEYS */;
UNLOCK TABLES;


# Dump of table mam_broadcast
# ------------------------------------------------------------

DROP TABLE IF EXISTS `mam_broadcast`;

CREATE TABLE `mam_broadcast` (
  `id` bigint(20) NOT NULL AUTO_INCREMENT,
  `deleted` bit(1) DEFAULT NULL,
  `updated_date` timestamp NULL DEFAULT NULL,
  `location` varchar(255) DEFAULT NULL,
  `link` varchar(255) DEFAULT NULL,
  `title` varchar(255) DEFAULT NULL,
  `description` varchar(255) DEFAULT NULL,
  `main_image` varchar(255) DEFAULT NULL,
  PRIMARY KEY (`id`)
) ENGINE=InnoDB DEFAULT CHARSET=utf8;

LOCK TABLES `mam_broadcast` WRITE;
/*!40000 ALTER TABLE `mam_broadcast` DISABLE KEYS */;

INSERT INTO `mam_broadcast` (`id`, `deleted`, `updated_date`, `location`, `link`, `title`, `description`, `main_image`)
VALUES
	(1,b'0','2016-10-15 17:53:22','HOME_PAGE','google.ca','home','home page broadcast','upload453025618451898969.jpg'),
	(2,b'0','2016-10-16 20:21:54','APPLY_PAGE','google.ca','apply','apply page broadcast','upload6908412272938351029.jpg'),
	(3,b'0','2016-10-16 20:23:19','INFORESOURCE_PAGE','google.ca','apply','apply page broadcast','upload5173655012443596548.jpg'),
	(5,b'0','2016-09-28 18:28:00','HOME_PAGE',NULL,NULL,NULL,NULL),
	(6,b'0','2016-10-04 18:40:20','APPLY_PAGE',NULL,NULL,NULL,NULL),
	(7,b'1','2017-01-12 00:00:00','OTHER','12','12','12','12');

/*!40000 ALTER TABLE `mam_broadcast` ENABLE KEYS */;
UNLOCK TABLES;


# Dump of table mam_credit_deal
# ------------------------------------------------------------

DROP TABLE IF EXISTS `mam_credit_deal`;

CREATE TABLE `mam_credit_deal` (
  `id` bigint(20) NOT NULL AUTO_INCREMENT,
  `service_deal_time` timestamp NULL DEFAULT NULL,
  `credit_operation` varchar(255) DEFAULT NULL,
  `credit_point` int(11) DEFAULT NULL,
  `user_id` bigint(20) DEFAULT NULL,
  PRIMARY KEY (`id`),
  KEY `fk_mam_credit_deal_user_id` (`user_id`),
  CONSTRAINT `fk_mam_credit_deal_user_id` FOREIGN KEY (`user_id`) REFERENCES `mbe_user` (`id`)
) ENGINE=InnoDB DEFAULT CHARSET=utf8;

LOCK TABLES `mam_credit_deal` WRITE;
/*!40000 ALTER TABLE `mam_credit_deal` DISABLE KEYS */;

INSERT INTO `mam_credit_deal` (`id`, `service_deal_time`, `credit_operation`, `credit_point`, `user_id`)
VALUES
	(1,'2016-09-14 16:12:25','PURCHASE',20,102),
	(2,'2016-09-23 10:48:55','PURCHASE',10,102),
	(3,'2016-09-23 10:28:30','PURCHASE',10,102),
	(4,'2016-10-30 17:55:33','PURCHASE',200,101),
	(6,'2016-11-02 09:54:26','PURCHASE',123,99),
	(7,'2016-11-02 09:54:04','REFERANCE',12311,100),
	(8,'2016-11-04 15:48:28','PURCHASE',200,119),
	(9,'2016-11-17 16:05:38','REGISTER',20,122),
	(10,'2016-11-17 16:10:09','REGISTER',20,123),
	(11,'2016-11-17 18:36:21','REGISTER',20,124),
	(12,'2016-11-17 21:15:36','REGISTER',20,125),
	(13,'2016-11-17 21:51:53','REGISTER',20,126),
	(14,NULL,'TRANSFER',-12,101),
	(15,NULL,'TRANSFER',12,55),
	(16,NULL,'TRANSFER',-12,101),
	(17,NULL,'TRANSFER',12,55),
	(18,NULL,'TRANSFER',-12,101),
	(19,NULL,'TRANSFER',12,55),
	(20,NULL,'TRANSFER',-12,101),
	(21,NULL,'TRANSFER',12,55),
	(22,'2016-11-20 00:17:49','TRANSFER',-12,101),
	(23,'2016-11-20 00:17:49','TRANSFER',12,55),
	(24,'2016-12-06 16:56:12','REGISTER',20,127),
	(25,'2016-12-09 14:00:26','REGISTER',20,128),
	(26,'2017-01-04 18:10:55','PURCHASE',12,22),
	(27,'2017-01-08 16:50:41','REGISTER',20,129),
	(28,'2017-01-08 18:04:44','REGISTER',20,130),
	(29,'2017-01-08 18:31:44','REGISTER',20,131),
	(30,'2017-01-08 18:50:30','REGISTER',20,132),
	(31,'2017-01-08 19:12:46','REGISTER',20,133),
	(32,'2017-01-15 17:25:23','REGISTER',20,134),
	(33,'2017-01-15 17:54:15','REGISTER',20,135),
	(34,'2017-01-15 23:22:23','REGISTER',20,136),
	(35,'2017-01-22 11:53:37','REGISTER',20,137),
	(36,'2017-01-22 12:22:43','REGISTER',20,138),
	(37,'2017-01-23 00:13:55','TRANSFER',-10,138),
	(38,'2017-01-23 00:13:55','TRANSFER',10,34),
	(39,'2017-01-31 17:05:03','REGISTER',20,139),
	(40,'2017-01-31 17:07:41','REGISTER',20,140),
	(41,'2017-02-04 23:33:56','CHECK_COMMENT',-1,138),
	(42,'2017-02-06 15:14:35','CHECK_COMMENT',-1,138),
	(43,'2017-02-07 20:58:34','CHECK_COMMENT',-1,102),
	(44,'2017-02-09 20:04:33','REGISTER',20,141),
	(45,'2017-02-09 20:09:17','REGISTER',20,142),
	(46,'2017-02-10 09:20:42','REGISTER',20,143),
	(47,'2017-02-10 09:29:50','REGISTER',20,144),
	(48,'2017-02-11 12:15:11','REGISTER',20,145),
	(49,'2017-02-11 12:27:57','REGISTER',20,146),
	(50,'2017-02-11 13:46:41','REGISTER',20,147),
	(51,'2017-02-11 14:32:40','REGISTER',20,148),
	(52,'2017-02-11 16:57:32','REGISTER',20,149),
	(53,'2017-02-11 17:57:02','REGISTER',20,150),
	(54,'2017-02-11 17:59:11','REGISTER',20,151),
	(55,'2017-02-11 18:01:52','REGISTER',20,152),
	(56,'2017-04-10 17:26:55','REGISTER',20,153),
	(57,'2017-04-10 17:31:14','REGISTER',20,154),
	(58,'2017-04-29 12:10:57','REGISTER',20,155),
	(59,'2017-04-29 15:22:04','ADD_IMAGE_COMMENT',1,101),
	(60,'2017-04-29 15:22:20','ADD_IMAGE_COMMENT',1,119);

/*!40000 ALTER TABLE `mam_credit_deal` ENABLE KEYS */;
UNLOCK TABLES;


# Dump of table mam_info_resource
# ------------------------------------------------------------

DROP TABLE IF EXISTS `mam_info_resource`;

CREATE TABLE `mam_info_resource` (
  `id` bigint(20) NOT NULL AUTO_INCREMENT,
  `deleted` bit(1) DEFAULT NULL,
  `updated_date` timestamp NULL DEFAULT NULL,
  `location` varchar(255) DEFAULT NULL,
  `link` varchar(255) DEFAULT NULL,
  `title` varchar(255) DEFAULT NULL,
  `description` longtext,
  `main_image` varchar(255) DEFAULT NULL,
  PRIMARY KEY (`id`)
) ENGINE=InnoDB DEFAULT CHARSET=utf8;

LOCK TABLES `mam_info_resource` WRITE;
/*!40000 ALTER TABLE `mam_info_resource` DISABLE KEYS */;

INSERT INTO `mam_info_resource` (`id`, `deleted`, `updated_date`, `location`, `link`, `title`, `description`, `main_image`)
VALUES
	(1,b'0','2016-10-16 20:25:32','TOP6','google.ca',' ','15%25\n25\nCentral 1 Credit Union2041100\n\n(Union of B.C. Municipalities)\n<<image>>\n195710%35%\n\n\n(UBC)(Paul Kershaw)\nUBC(Thomas Davidoff)\n(North Saanich)Alice Finall55\n<<image>>\n\n185\n2016\n\n201150%15%\n\n20151090%\n<<image>>\n8160(121)815%\n','upload2044186904722688169.jpg'),
	(2,b'0','2016-10-16 19:50:41','TOP2','google.ca','','2','upload7364775266673149115.jpg'),
	(3,b'0','2016-10-16 20:29:22','TOP3','google.ca','','3','upload8397679617856019954.jpg'),
	(4,b'0','2016-10-16 20:36:08','TOP4','google.ca','','4','upload2260643427940126555.jpg'),
	(5,b'0','2016-10-16 20:36:34','TOP5','google.ca','','5','upload7174029172335085887.jpg'),
	(6,b'0','2016-10-16 20:36:54','TOP1','google.ca','',' UBC(Thomas Davidoff) (North Saanich)Alice Finall55  185 2016 201150%15%  20151090% 8','upload7088520831182708676.jpg'),
	(7,b'0','2016-10-16 20:38:45','OTHER','google.ca','','7','upload5875810734254111380.jpg'),
	(8,b'0','2016-10-16 20:39:04','OTHER','google.ca','','8','upload7521453218640450553.jpg'),
	(9,b'0','2016-09-26 22:23:13','OTHER','google.ca','','9','upload5627942779619400131.jpg'),
	(10,b'0','2016-10-16 20:39:40','OTHER','google.ca','','10','upload1928434518559476096.jpg'),
	(11,b'0','2016-10-16 20:39:52','OTHER','google.ca','','11','upload461020181654079729.jpg');

/*!40000 ALTER TABLE `mam_info_resource` ENABLE KEYS */;
UNLOCK TABLES;


# Dump of table mam_service_deal
# ------------------------------------------------------------

DROP TABLE IF EXISTS `mam_service_deal`;

CREATE TABLE `mam_service_deal` (
  `id` bigint(20) NOT NULL AUTO_INCREMENT,
  `client_confirmed` bit(1) DEFAULT NULL,
  `provider_confirmed` bit(1) DEFAULT NULL,
  `service_type` varchar(255) DEFAULT NULL,
  `service_deal_time` timestamp NULL DEFAULT NULL,
  `service_start_date` date DEFAULT NULL,
  `service_end_date` date DEFAULT NULL,
  `deal_price` double DEFAULT NULL,
  `deal_currency_type` varchar(255) DEFAULT NULL,
  `time_frequency` varchar(255) DEFAULT NULL,
  `description` varchar(255) DEFAULT NULL,
  `service_price` double DEFAULT NULL,
  `service_currency_type` varchar(255) DEFAULT NULL,
  `is_paid` bit(1) DEFAULT NULL,
  `is_un_paid` bit(1) DEFAULT NULL,
  `apply_status` varchar(255) DEFAULT NULL,
  `user_provider_id` bigint(20) DEFAULT NULL,
  `user_client_id` bigint(20) DEFAULT NULL,
  `house_id` bigint(20) DEFAULT NULL,
  PRIMARY KEY (`id`),
  KEY `fk_mam_service_deal_user_provider_id` (`user_provider_id`),
  KEY `fk_mam_service_deal_user_client_id` (`user_client_id`),
  KEY `fk_mam_service_deal_house_id` (`house_id`),
  CONSTRAINT `fk_mam_service_deal_house_id` FOREIGN KEY (`house_id`) REFERENCES `mbe_house` (`id`),
  CONSTRAINT `fk_mam_service_deal_user_client_id` FOREIGN KEY (`user_client_id`) REFERENCES `mbe_user` (`id`),
  CONSTRAINT `fk_mam_service_deal_user_provider_id` FOREIGN KEY (`user_provider_id`) REFERENCES `mbe_user` (`id`)
) ENGINE=InnoDB DEFAULT CHARSET=utf8;

LOCK TABLES `mam_service_deal` WRITE;
/*!40000 ALTER TABLE `mam_service_deal` DISABLE KEYS */;

INSERT INTO `mam_service_deal` (`id`, `client_confirmed`, `provider_confirmed`, `service_type`, `service_deal_time`, `service_start_date`, `service_end_date`, `deal_price`, `deal_currency_type`, `time_frequency`, `description`, `service_price`, `service_currency_type`, `is_paid`, `is_un_paid`, `apply_status`, `user_provider_id`, `user_client_id`, `house_id`)
VALUES
	(1,b'0',b'1','HOME_HOTEL','2016-12-09 14:22:04','2016-09-19','2016-10-08',1232,'CANADIAN','MONTHLY','good service sdkjfa',123,'CANADIAN',b'1',b'0','APPOINTMENT',1,102,1),
	(2,b'1',b'1','HOME_HOTEL','2016-11-12 16:45:27','2016-09-19','2016-10-08',6,'CANADIAN','MONTHLY','good service',12121,'RMB',b'0',b'1','APPOINTMENT',1,102,1),
	(3,b'1',b'1','HOME_HOTEL','2016-11-12 16:45:30','2016-09-19','2016-10-08',123,'CANADIAN','MONTHLY','good service',12,'YEN',b'0',b'1','APPOINTMENT',1,102,1),
	(4,b'1',b'1','HOME_HOTEL','2016-11-12 16:45:33','2016-09-19','2016-10-08',123,'CANADIAN','MONTHLY','good service',12,'CANADIAN',b'0',b'1','APPOINTMENT',1,102,1),
	(5,b'1',b'1','HOME_HOTEL','2016-09-17 16:10:30','2016-09-19','2016-10-08',123,'CANADIAN','MONTHLY','good service',12,'CANADIAN',b'1',NULL,'APPOINTMENT',1,102,1),
	(6,b'1',b'1','HOME_HOTEL','2016-09-18 16:10:30','2016-09-19','2016-10-08',123,'CANADIAN','MONTHLY','good service',12,'CANADIAN',b'1',NULL,'APPOINTMENT',1,102,1),
	(7,b'1',b'1','HOME_HOTEL','2016-09-14 16:10:30','2016-09-19','2016-10-08',123,'CANADIAN','MONTHLY','good service',12,'CANADIAN',b'1',NULL,'APPOINTMENT',102,2,1),
	(8,b'1',b'1','HOME_HOTEL','2016-09-14 16:10:30','2016-09-19','2016-10-08',123,'CANADIAN','MONTHLY','good service',12,'CANADIAN',b'1',NULL,'APPOINTMENT',102,2,1),
	(9,b'1',b'1','HOME_HOTEL','2016-09-14 16:10:30','2016-09-19','2016-10-08',123,'CANADIAN','MONTHLY','good service',12,'CANADIAN',b'1',NULL,'APPOINTMENT',102,2,1),
	(10,b'1',b'1','HOME_HOTEL','2016-09-14 16:10:30','2016-09-19','2016-10-08',123,'CANADIAN','MONTHLY','good service',12,'CANADIAN',b'1',NULL,'APPOINTMENT',102,2,1),
	(11,b'1',b'1','HOME_HOTEL','2016-09-14 16:10:30','2016-09-19','2016-10-08',123,'CANADIAN','MONTHLY','good service',12,'CANADIAN',b'1',NULL,'APPOINTMENT',102,2,1),
	(12,b'1',b'1','HOME_HOTEL','2016-09-14 16:10:30','2016-09-19','2016-10-08',123,'CANADIAN','MONTHLY','good service',12,'CANADIAN',b'1',NULL,'APPOINTMENT',102,2,1),
	(13,b'1',NULL,'GUARDIAN','2016-11-03 00:40:09','2016-11-23','2016-11-22',123,'CANADIAN','YEARLY',NULL,NULL,NULL,NULL,NULL,'APPOINTMENT',1,101,NULL),
	(14,NULL,NULL,'GUARDIAN','2016-10-30 17:46:58',NULL,NULL,NULL,NULL,NULL,NULL,NULL,NULL,NULL,NULL,'APPOINTMENT',4,101,NULL),
	(15,NULL,NULL,'TARINING','2016-10-30 18:44:36',NULL,NULL,NULL,NULL,NULL,NULL,NULL,NULL,NULL,NULL,'APPOINTMENT',1,101,NULL),
	(16,NULL,NULL,'RENT','2016-10-30 19:01:46',NULL,NULL,NULL,NULL,NULL,NULL,NULL,NULL,NULL,NULL,'APPOINTMENT',1,101,1),
	(17,NULL,NULL,'GUARDIAN','2016-10-30 19:02:01',NULL,NULL,NULL,NULL,NULL,NULL,NULL,NULL,NULL,NULL,'APPOINTMENT',2,101,NULL),
	(18,NULL,NULL,'TARINING','2016-10-30 19:02:10',NULL,NULL,NULL,NULL,NULL,NULL,NULL,NULL,NULL,NULL,'APPOINTMENT',2,101,NULL),
	(19,NULL,b'1','CHECK_STUDENT','2016-11-03 21:43:19',NULL,NULL,NULL,NULL,NULL,NULL,NULL,NULL,NULL,NULL,'APPOINTMENT',101,2,NULL),
	(20,NULL,b'1','CHECK_STUDENT','2016-11-03 21:40:53',NULL,NULL,NULL,NULL,NULL,NULL,NULL,NULL,NULL,NULL,'APPOINTMENT',101,1,NULL),
	(21,NULL,NULL,'GUARDIAN','2016-11-01 14:06:28',NULL,NULL,NULL,NULL,NULL,NULL,NULL,NULL,NULL,NULL,'APPOINTMENT',1,101,NULL),
	(22,b'1',NULL,'TARINING','2016-11-03 21:44:06',NULL,NULL,NULL,NULL,NULL,NULL,NULL,NULL,NULL,NULL,'APPOINTMENT',2,101,NULL),
	(23,b'1',NULL,'GUARDIAN','2016-11-04 15:43:09',NULL,NULL,969,NULL,NULL,'kk',NULL,'POUND',NULL,NULL,'APPOINTMENT',1,119,NULL),
	(24,NULL,NULL,'GUARDIAN','2016-11-04 15:44:53',NULL,NULL,NULL,NULL,NULL,NULL,NULL,NULL,NULL,NULL,'APPOINTMENT',4,119,NULL),
	(25,NULL,NULL,'GUARDIAN','2017-01-08 15:01:58',NULL,NULL,NULL,NULL,NULL,NULL,NULL,NULL,b'0',b'1','APPOINTMENT',1,101,NULL),
	(26,NULL,NULL,'GUARDIAN','2017-01-15 15:15:49',NULL,NULL,NULL,NULL,NULL,NULL,NULL,NULL,b'0',b'1','APPOINTMENT',1,101,NULL),
	(27,NULL,NULL,'GUARDIAN','2017-01-23 00:23:49',NULL,NULL,NULL,NULL,NULL,NULL,NULL,NULL,b'0',b'1','APPOINTMENT',1,138,NULL),
	(28,NULL,b'1','RENT','2017-01-29 23:37:55',NULL,NULL,NULL,NULL,NULL,NULL,NULL,NULL,b'0',b'1','APPOINTMENT',138,101,108),
	(29,NULL,NULL,'GUARDIAN','2017-04-10 14:25:27','2017-04-10','2017-04-10',0,'NONE','NONE','',0,'NONE',b'0',b'0','APPOINTMENT',9,2,NULL),
	(30,NULL,NULL,'RENT','2017-04-10 15:02:26','2017-04-10','2017-04-10',0,'NONE','NONE','',0,'NONE',b'0',b'0','APPOINTMENT',11,2,11),
	(31,NULL,NULL,'RENT','2017-04-10 15:04:03','2017-04-10','2017-04-10',0,'NONE','NONE','',0,'NONE',b'0',b'0','APPOINTMENT',11,2,11),
	(32,NULL,NULL,'CHECK_STUDENT','2017-04-10 15:05:04','2017-04-10','2017-04-10',0,'NONE','NONE','',0,'NONE',b'0',b'0','APPOINTMENT',2,13,NULL),
	(33,NULL,NULL,'CHECK_STUDENT','2017-04-10 15:05:57','2017-04-10','2017-04-10',0,'NONE','NONE','',0,'NONE',b'0',b'0','APPOINTMENT',2,7,NULL),
	(34,NULL,NULL,'CHECK_STUDENT','2017-04-10 15:07:17','2017-04-10','2017-04-10',0,'NONE','NONE','',0,'NONE',b'0',b'0','APPOINTMENT',2,3,NULL),
	(35,NULL,NULL,'CHECK_STUDENT','2017-04-10 15:37:26','2017-04-10','2017-04-10',0,'NONE','NONE','',0,'NONE',b'0',b'0','APPOINTMENT',2,3,NULL),
	(36,NULL,NULL,'GUARDIAN','2017-05-23 15:26:16','2017-05-23','2017-05-23',0,'NONE','NONE','',0,'NONE',b'0',b'0','APPOINTMENT',2,101,NULL);

/*!40000 ALTER TABLE `mam_service_deal` ENABLE KEYS */;
UNLOCK TABLES;


# Dump of table mam_student_join_activity
# ------------------------------------------------------------

DROP TABLE IF EXISTS `mam_student_join_activity`;

CREATE TABLE `mam_student_join_activity` (
  `id` bigint(20) NOT NULL AUTO_INCREMENT,
  `activity_join_time` timestamp NULL DEFAULT NULL,
  `paid_status` varchar(255) DEFAULT NULL,
  `paid_time` timestamp NULL DEFAULT NULL,
  `join_price` double DEFAULT NULL,
  `currency_type` varchar(255) DEFAULT NULL,
  `is_join` bit(1) DEFAULT NULL,
  `user_id` bigint(20) DEFAULT NULL,
  `activity_id` bigint(20) DEFAULT NULL,
  PRIMARY KEY (`id`),
  KEY `fk_mam_student_join_activity_user_id` (`user_id`),
  KEY `fk_mam_student_join_activity_activity_id` (`activity_id`),
  CONSTRAINT `fk_mam_student_join_activity_activity_id` FOREIGN KEY (`activity_id`) REFERENCES `mam_activity` (`id`),
  CONSTRAINT `fk_mam_student_join_activity_user_id` FOREIGN KEY (`user_id`) REFERENCES `mbe_user` (`id`)
) ENGINE=InnoDB DEFAULT CHARSET=utf8;

LOCK TABLES `mam_student_join_activity` WRITE;
/*!40000 ALTER TABLE `mam_student_join_activity` DISABLE KEYS */;

INSERT INTO `mam_student_join_activity` (`id`, `activity_join_time`, `paid_status`, `paid_time`, `join_price`, `currency_type`, `is_join`, `user_id`, `activity_id`)
VALUES
	(1,'2016-08-28 22:22:48','PAID','2016-09-10 22:22:26',123,'CANADIAN',b'0',1,1),
	(2,'2016-08-28 22:22:48','UNPAID','2016-09-12 22:22:26',123,'CANADIAN',b'0',2,1),
	(3,'2016-08-28 22:22:48','UNPAID','2016-09-12 22:22:26',123,'NONE',b'0',3,2),
	(4,'2016-08-28 22:22:48','PAID','2016-09-12 22:22:26',123,'CANADIAN',b'1',4,2),
	(5,'2016-08-28 22:22:48','PAID','2016-09-12 22:22:26',123,'CANADIAN',b'0',5,2),
	(6,'2016-08-28 22:22:48','PAID','2016-09-12 22:22:26',123,'CANADIAN',b'1',6,3),
	(7,'2016-08-28 22:22:48','PAID','2016-09-12 22:22:26',123,'CANADIAN',b'1',7,3),
	(8,'2016-08-28 22:22:48','PAID','2016-09-12 22:22:26',123,'CANADIAN',b'1',8,3),
	(9,'2016-08-28 22:22:48','PAID','2016-09-12 22:22:26',123,'CANADIAN',b'1',9,3),
	(10,'2016-08-28 22:22:48','PAID','2016-09-12 22:22:26',123,'CANADIAN',b'1',10,3),
	(11,'2016-08-28 22:22:48','PAID','2016-09-12 22:22:26',123,'CANADIAN',b'1',11,4),
	(12,'2016-08-28 22:22:48','PAID','2016-09-12 22:22:26',123,'CANADIAN',b'1',12,4),
	(13,'2016-08-28 22:22:48','PAID','2016-09-12 22:22:26',123,'CANADIAN',b'1',13,4),
	(14,'2016-08-28 22:22:48','PAID','2016-09-12 22:22:26',123,'CANADIAN',b'1',14,4),
	(15,'2016-08-28 22:22:48','PAID','2016-09-12 22:22:26',123,'CANADIAN',b'1',15,4),
	(16,'2016-08-28 22:22:48','PAID','2016-09-12 22:22:26',123,'CANADIAN',b'1',16,4),
	(17,'2016-08-28 22:22:48','PAID','2016-09-12 22:22:26',123,'CANADIAN',b'1',17,4),
	(18,'2016-08-28 22:22:48','PAID','2016-09-12 22:22:26',123,'CANADIAN',b'1',18,4),
	(19,'2016-08-28 22:22:48','PAID','2016-09-12 22:22:26',123,'CANADIAN',b'1',19,4),
	(20,'2016-08-28 22:22:48','PAID','2016-09-12 22:22:26',123,'CANADIAN',b'1',20,4),
	(35,'2017-02-05 20:09:37','PAID','2017-02-06 00:00:00',123,'CANADIAN',b'1',101,5),
	(43,'2017-02-12 11:44:00','UNPAID',NULL,0,'NONE',b'0',1,7),
	(45,'2017-02-12 13:49:10','UNPAID',NULL,0,'NONE',b'0',152,3),
	(46,'2017-04-10 14:20:35','UNPAID',NULL,0,'NONE',b'0',2,5);

/*!40000 ALTER TABLE `mam_student_join_activity` ENABLE KEYS */;
UNLOCK TABLES;


# Dump of table mbe_guardian
# ------------------------------------------------------------

DROP TABLE IF EXISTS `mbe_guardian`;

CREATE TABLE `mbe_guardian` (
  `id` bigint(20) NOT NULL AUTO_INCREMENT,
  `is_top` bit(1) DEFAULT NULL,
  `priority` int(11) DEFAULT NULL,
  `service_available` bit(1) DEFAULT NULL,
  `phone_number` varchar(255) DEFAULT NULL,
  `guardian_service` varchar(255) DEFAULT NULL,
  `guardian_service_price` double DEFAULT NULL,
  `currency_type` varchar(255) DEFAULT NULL,
  `time_frequency` varchar(255) DEFAULT NULL,
  `postcode` varchar(255) DEFAULT NULL,
  `main_image` varchar(255) DEFAULT NULL,
  `deal_number` int(11) DEFAULT NULL,
  `recommend_number` int(11) DEFAULT NULL,
  `user_id` bigint(20) DEFAULT NULL,
  `more_service_id` bigint(20) DEFAULT NULL,
  `servic_city_id` bigint(20) DEFAULT NULL,
  PRIMARY KEY (`id`),
  UNIQUE KEY `more_service_id` (`more_service_id`),
  UNIQUE KEY `user_id` (`user_id`),
  KEY `fk_mbe_guardian_servic_city_id` (`servic_city_id`),
  CONSTRAINT `fk_mbe_guardian_more_service_id` FOREIGN KEY (`more_service_id`) REFERENCES `mgl_more_service` (`id`),
  CONSTRAINT `fk_mbe_guardian_servic_city_id` FOREIGN KEY (`servic_city_id`) REFERENCES `mad_city` (`id`),
  CONSTRAINT `fk_mbe_guardian_user_id` FOREIGN KEY (`user_id`) REFERENCES `mbe_user` (`id`)
) ENGINE=InnoDB DEFAULT CHARSET=utf8;

LOCK TABLES `mbe_guardian` WRITE;
/*!40000 ALTER TABLE `mbe_guardian` DISABLE KEYS */;

INSERT INTO `mbe_guardian` (`id`, `is_top`, `priority`, `service_available`, `phone_number`, `guardian_service`, `guardian_service_price`, `currency_type`, `time_frequency`, `postcode`, `main_image`, `deal_number`, `recommend_number`, `user_id`, `more_service_id`, `servic_city_id`)
VALUES
	(1,b'1',1,b'1','4165558888','FIXED_PRICE',1000,'RMB','YEARLY','M2J4W5','upload5739776916054816739.jpg',11,22,1,1,2),
	(2,b'1',1,b'1','4165558888','FIXED_PRICE',1000,'CANADIAN','YEARLY','M2J4W5','upload27555420965245515.jpg',0,3,2,2,2),
	(3,b'1',1,b'1','4165558888','FIXED_PRICE',1000,'CANADIAN','YEARLY','M2J4W5','upload494918198889227256.jpg',0,0,3,3,3),
	(4,b'1',1,b'1','4165558888','FIXED_PRICE',1000,'CANADIAN','YEARLY','M2J4W5','upload4114786446337041385.jpg',0,0,4,4,3),
	(5,b'1',1,b'1','4165558888','FIXED_PRICE',1000,'CANADIAN','YEARLY','M2J4W5','upload1622710396692001836.jpg',0,0,5,5,3),
	(6,b'1',1,b'1','4165558888','FIXED_PRICE',1000,'CANADIAN','YEARLY','M2J4W5','upload6833696533345725229.jpg',0,0,6,6,2),
	(7,b'1',1,b'1','4165558888','FIXED_PRICE',1000,'CANADIAN','YEARLY','M2J4W5','upload3291630794785212604.jpg',0,0,7,7,1),
	(8,b'0',1,b'1','41655588881','FIXED_PRICE',2000,'CANADIAN','YEARLY','M2J4W51','upload6966631485906039662.jpg',0,0,8,8,2),
	(9,b'0',1,b'1','4165558888','FIXED_PRICE',1000,'CANADIAN','YEARLY','M2J4W5','upload3441212215558086984.jpg',0,0,9,9,1),
	(10,b'0',1,b'1','4165558888','FIXED_PRICE',1000,'CANADIAN','YEARLY','M2J4W5','upload6788667150567296220.jpg',0,0,10,10,2),
	(11,b'0',1,b'1','4165558888','FIXED_PRICE',1000,'CANADIAN','YEARLY','M2J4W5','upload2022485175543772259.jpg',0,0,11,11,1),
	(12,b'0',1,b'1','4165558888','FIXED_PRICE',1000,'CANADIAN','YEARLY','M2J4W5','upload2655649186330638179.jpg',0,0,12,12,3),
	(13,b'0',1,b'1','4165558888','FIXED_PRICE',1000,'CANADIAN','YEARLY','M2J4W5','upload6371162368877969306.jpg',0,0,13,13,2),
	(14,b'0',1,b'1','4165558888','FIXED_PRICE',1000,'CANADIAN','YEARLY','M2J4W5','upload7704606271973179352.jpg',0,0,14,14,1),
	(15,b'0',1,b'1','4165558888','FIXED_PRICE',1000,'CANADIAN','YEARLY','M2J4W5','upload9102327266608709912.jpg',0,0,15,15,3),
	(16,b'0',1,b'1','4165558888','FIXED_PRICE',1000,'CANADIAN','YEARLY','M2J4W5','upload2515537559691726320.jpg',0,0,16,16,1),
	(17,b'0',1,b'1','4165558888','FIXED_PRICE',1000,'CANADIAN','YEARLY','M2J4W5','upload3343769364587798301.jpg',0,0,17,17,2),
	(18,b'0',1,b'1','4165558888','FIXED_PRICE',1000,'CANADIAN','YEARLY','M2J4W5','upload5358927215822276271.jpg',0,0,18,18,3),
	(19,b'0',1,b'1','4165558888','FIXED_PRICE',1000,'CANADIAN','YEARLY','M2J4W5','upload2701393744860253944.jpg',0,0,19,19,1),
	(20,b'0',1,b'1','4165558888','FIXED_PRICE',1000,'CANADIAN','YEARLY','M2J4W5','upload1521577864166076031.jpg',0,0,20,20,2),
	(21,b'0',1,b'1','4165558888','FIXED_PRICE',1000,'CANADIAN','YEARLY','M2J4W5','upload9201599501466722869.jpg',0,0,21,21,1),
	(22,b'0',1,b'1','4165558888','FIXED_PRICE',1000,'CANADIAN','YEARLY','M2J4W5','upload3132404087411658805.jpg',0,0,22,22,1),
	(23,b'0',1,b'1','4165558888','FIXED_PRICE',1000,'CANADIAN','YEARLY','M2J4W5','upload6638408015611321039.jpg',0,0,23,23,1),
	(24,b'0',1,b'1','4165558888','FIXED_PRICE',1000,'CANADIAN','YEARLY','M2J4W5','upload2017766068504486646.jpg',0,0,24,24,1),
	(25,b'0',1,b'1','4165558888','FIXED_PRICE',1000,'CANADIAN','YEARLY','M2J4W5','upload1855621003366305304.jpg',0,0,25,25,1),
	(26,b'0',1,b'1','4165558888','FIXED_PRICE',1000,'CANADIAN','YEARLY','M2J4W5','upload7097384912214259.jpg',0,0,26,26,1),
	(27,b'0',1,b'1','4165558888','FIXED_PRICE',1000,'CANADIAN','YEARLY','M2J4W5','upload2429863974943504498.jpg',0,0,27,27,1),
	(28,b'0',1,b'1','4165558888','FIXED_PRICE',1000,'CANADIAN','YEARLY','M2J4W5','upload8025205459755638314.jpg',0,0,28,28,1),
	(29,b'0',1,b'1','4165558888','FIXED_PRICE',1000,'CANADIAN','YEARLY','M2J4W5','upload7763163782581816012.jpg',0,0,29,29,1),
	(30,b'0',1,b'1','4165558888','FIXED_PRICE',1000,'CANADIAN','YEARLY','M2J4W5','upload6366322771421706735.jpg',0,0,30,30,1),
	(31,b'0',1,b'1','4165558888','FIXED_PRICE',1000,'CANADIAN','YEARLY','M2J4W5','upload5739776916054816739.jpg',0,0,31,31,1),
	(32,b'0',1,b'1','4165558888','FIXED_PRICE',1000,'CANADIAN','YEARLY','M2J4W5','upload27555420965245515.jpg',0,0,32,32,1),
	(33,b'0',1,b'1','4165558888','FIXED_PRICE',1000,'CANADIAN','YEARLY','M2J4W5','upload494918198889227256.jpg',0,0,33,33,4),
	(34,b'0',1,b'1','4165558888','FIXED_PRICE',1000,'CANADIAN','YEARLY','M2J4W5','upload4114786446337041385.jpg',0,0,34,34,1),
	(35,b'0',1,b'1','4165558888','FIXED_PRICE',1000,'CANADIAN','YEARLY','M2J4W5','upload1622710396692001836.jpg',0,0,35,35,4),
	(36,b'0',1,b'1','4165558888','FIXED_PRICE',1000,'CANADIAN','YEARLY','M2J4W5','upload6833696533345725229.jpg',0,0,36,36,4),
	(37,b'0',1,b'1','4165558888','FIXED_PRICE',1000,'CANADIAN','YEARLY','M2J4W5','upload3291630794785212604.jpg',0,0,37,37,1),
	(38,b'0',1,b'1','4165558888','FIXED_PRICE',1000,'CANADIAN','YEARLY','M2J4W5','upload6966631485906039662.jpg',0,0,38,38,4),
	(39,b'0',1,b'1','4165558888','FIXED_PRICE',1000,'CANADIAN','YEARLY','M2J4W5','upload3441212215558086984.jpg',0,0,39,39,1),
	(40,b'0',1,b'1','4165558888','FIXED_PRICE',1000,'CANADIAN','YEARLY','M2J4W5','upload6788667150567296220.jpg',0,0,40,40,1),
	(41,b'0',1,b'1','4165558888','FIXED_PRICE',1000,'CANADIAN','YEARLY','M2J4W5','upload2022485175543772259.jpg',0,0,41,41,1),
	(42,b'0',1,b'1','4165558888','FIXED_PRICE',1000,'CANADIAN','YEARLY','M2J4W5','upload2655649186330638179.jpg',0,0,42,42,1),
	(43,b'0',1,b'1','4165558888','FIXED_PRICE',1000,'CANADIAN','YEARLY','M2J4W5','upload6371162368877969306.jpg',0,0,43,43,1),
	(44,b'0',1,b'1','4165558888','FIXED_PRICE',1000,'CANADIAN','YEARLY','M2J4W5','upload7704606271973179352.jpg',0,0,44,44,1),
	(45,b'0',1,b'1','4165558888','FIXED_PRICE',1000,'CANADIAN','YEARLY','M2J4W5','upload9102327266608709912.jpg',0,0,45,45,1),
	(46,b'0',1,b'1','4165558888','FIXED_PRICE',1000,'CANADIAN','YEARLY','M2J4W5','upload2515537559691726320.jpg',0,0,46,46,1),
	(47,b'0',1,b'1','4165558888','FIXED_PRICE',1000,'CANADIAN','YEARLY','M2J4W5','upload3343769364587798301.jpg',0,0,47,47,1),
	(48,b'0',1,b'1','4165558888','FIXED_PRICE',1000,'CANADIAN','YEARLY','M2J4W5','upload5358927215822276271.jpg',0,0,48,48,1),
	(49,b'0',1,b'1','4165558888','FIXED_PRICE',1000,'CANADIAN','YEARLY','M2J4W5','upload2701393744860253944.jpg',0,0,49,49,1),
	(50,b'0',1,b'1','4165558888','FIXED_PRICE',1000,'CANADIAN','YEARLY','M2J4W5','upload1521577864166076031.jpg',0,0,50,50,1),
	(51,b'0',1,b'1','4165558888','FIXED_PRICE',1000,'CANADIAN','YEARLY','M2J4W5','upload9201599501466722869.jpg',0,0,51,51,1),
	(52,b'0',1,b'1','4165558888','FIXED_PRICE',1000,'CANADIAN','YEARLY','M2J4W5','upload3132404087411658805.jpg',0,0,52,52,1),
	(53,b'0',1,b'1','4165558888','FIXED_PRICE',1000,'CANADIAN','YEARLY','M2J4W5','upload6638408015611321039.jpg',0,0,53,53,1),
	(54,b'0',1,b'1','4165558888','FIXED_PRICE',1000,'CANADIAN','YEARLY','M2J4W5','upload2017766068504486646.jpg',0,0,54,54,1),
	(55,b'0',1,b'1','4165558888','FIXED_PRICE',1000,'CANADIAN','YEARLY','M2J4W5','upload1855621003366305304.jpg',0,0,55,55,1),
	(56,b'0',1,b'1','4165558888','FIXED_PRICE',1000,'CANADIAN','YEARLY','M2J4W5','upload7097384912214259.jpg',0,0,56,56,1),
	(57,b'0',1,b'1','4165558888','FIXED_PRICE',1000,'CANADIAN','YEARLY','M2J4W5','upload2429863974943504498.jpg',0,0,57,57,1),
	(58,b'0',1,b'1','4165558888','FIXED_PRICE',1000,'CANADIAN','YEARLY','M2J4W5','upload8025205459755638314.jpg',0,0,58,58,1),
	(59,b'0',1,b'1','4165558888','FIXED_PRICE',1000,'CANADIAN','YEARLY','M2J4W5','upload7763163782581816012.jpg',0,0,59,59,1),
	(60,b'0',1,b'1','4165558888','FIXED_PRICE',1000,'CANADIAN','YEARLY','M2J4W5','upload6366322771421706735.jpg',0,0,60,60,1),
	(61,b'0',1,b'1','4165558888','FIXED_PRICE',1000,'CANADIAN','YEARLY','M2J4W5','upload5739776916054816739.jpg',0,0,61,61,1),
	(62,b'0',1,b'1','4165558888','FIXED_PRICE',1000,'CANADIAN','YEARLY','M2J4W5','upload27555420965245515.jpg',0,0,62,62,1),
	(63,b'0',1,b'1','4165558888','FIXED_PRICE',1000,'CANADIAN','YEARLY','M2J4W5','upload494918198889227256.jpg',0,0,63,63,1),
	(64,b'0',1,b'1','4165558888','FIXED_PRICE',1000,'CANADIAN','YEARLY','M2J4W5','upload4114786446337041385.jpg',0,0,64,64,1),
	(65,b'0',1,b'1','4165558888','FIXED_PRICE',1000,'CANADIAN','YEARLY','M2J4W5','upload1622710396692001836.jpg',0,0,65,65,1),
	(66,b'0',1,b'1','4165558888','FIXED_PRICE',1000,'CANADIAN','YEARLY','M2J4W5','upload6833696533345725229.jpg',0,0,66,66,1),
	(67,b'0',1,b'1','4165558888','FIXED_PRICE',1000,'CANADIAN','YEARLY','M2J4W5','upload3291630794785212604.jpg',0,1,67,67,1),
	(68,b'0',1,b'1','4165558888','FIXED_PRICE',1000,'CANADIAN','YEARLY','M2J4W5','upload6966631485906039662.jpg',0,0,68,68,1),
	(69,b'0',1,b'1','4165558888','FIXED_PRICE',1000,'CANADIAN','YEARLY','M2J4W5','upload3441212215558086984.jpg',0,0,69,69,1),
	(70,b'0',1,b'1','4165558888','FIXED_PRICE',1000,'CANADIAN','YEARLY','M2J4W5','upload6788667150567296220.jpg',0,0,70,70,1),
	(71,b'0',1,b'1','4165558888','FIXED_PRICE',1000,'CANADIAN','YEARLY','M2J4W5','upload2022485175543772259.jpg',0,0,71,71,1),
	(72,b'0',1,b'1','4165558888','FIXED_PRICE',1000,'CANADIAN','YEARLY','M2J4W5','upload2655649186330638179.jpg',0,0,72,72,1),
	(73,b'0',1,b'1','4165558888','FIXED_PRICE',1000,'CANADIAN','YEARLY','M2J4W5','upload6371162368877969306.jpg',0,0,73,73,1),
	(74,b'0',1,b'1','4165558888','FIXED_PRICE',1000,'CANADIAN','YEARLY','M2J4W5','upload7704606271973179352.jpg',0,0,74,74,1),
	(75,b'0',1,b'1','4165558888','FIXED_PRICE',1000,'CANADIAN','YEARLY','M2J4W5','upload9102327266608709912.jpg',0,0,75,75,1),
	(76,b'0',1,b'1','4165558888','FIXED_PRICE',1000,'CANADIAN','YEARLY','M2J4W5','upload2515537559691726320.jpg',0,0,76,76,1),
	(77,b'0',1,b'1','4165558888','FIXED_PRICE',1000,'CANADIAN','YEARLY','M2J4W5','upload3343769364587798301.jpg',0,0,77,77,1),
	(78,b'0',1,b'1','4165558888','FIXED_PRICE',1000,'CANADIAN','YEARLY','M2J4W5','upload5358927215822276271.jpg',0,0,78,78,1),
	(79,b'0',1,b'1','4165558888','FIXED_PRICE',1000,'CANADIAN','YEARLY','M2J4W5','upload2701393744860253944.jpg',0,0,79,79,1),
	(80,b'0',1,b'1','4165558888','FIXED_PRICE',1000,'CANADIAN','YEARLY','M2J4W5','upload1521577864166076031.jpg',0,0,80,80,1),
	(81,b'0',1,b'1','4165558888','FIXED_PRICE',1000,'CANADIAN','YEARLY','M2J4W5','upload9201599501466722869.jpg',0,0,81,81,1),
	(82,b'0',1,b'1','4165558888','FIXED_PRICE',1000,'CANADIAN','YEARLY','M2J4W5','upload3132404087411658805.jpg',0,0,82,82,1),
	(83,b'0',1,b'1','4165558888','FIXED_PRICE',1000,'CANADIAN','YEARLY','M2J4W5','upload6638408015611321039.jpg',0,0,83,83,1),
	(84,b'0',1,b'1','4165558888','FIXED_PRICE',1000,'CANADIAN','YEARLY','M2J4W5','upload2017766068504486646.jpg',0,0,84,84,1),
	(85,b'0',1,b'1','4165558888','FIXED_PRICE',1000,'CANADIAN','YEARLY','M2J4W5','upload1855621003366305304.jpg',0,0,85,85,1),
	(86,b'0',1,b'1','4165558888','FIXED_PRICE',1000,'CANADIAN','YEARLY','M2J4W5','upload7097384912214259.jpg',0,0,86,86,1),
	(87,b'0',1,b'1','4165558888','FIXED_PRICE',1000,'CANADIAN','YEARLY','M2J4W5','upload2429863974943504498.jpg',0,0,87,87,1),
	(88,b'0',1,b'1','4165558888','FIXED_PRICE',1000,'CANADIAN','YEARLY','M2J4W5','upload8025205459755638314.jpg',0,0,88,88,1),
	(89,b'0',1,b'1','4165558888','FIXED_PRICE',1000,'CANADIAN','YEARLY','M2J4W5','upload7763163782581816012.jpg',0,0,89,89,1),
	(90,b'0',1,b'1','4165558888','FIXED_PRICE',1000,'CANADIAN','YEARLY','M2J4W5','upload6366322771421706735.jpg',0,0,90,90,1),
	(91,b'0',1,b'1','4165558888','FIXED_PRICE',1000,'CANADIAN','YEARLY','M2J4W5','upload5739776916054816739.jpg',0,0,91,91,1),
	(92,b'0',1,b'1','4165558888','FIXED_PRICE',1000,'CANADIAN','YEARLY','M2J4W5','upload27555420965245515.jpg',0,0,92,92,1),
	(93,b'0',1,b'1','4165558888','FIXED_PRICE',1000,'CANADIAN','YEARLY','M2J4W5','upload494918198889227256.jpg',0,0,93,93,1),
	(94,b'0',1,b'1','4165558888','FIXED_PRICE',1000,'CANADIAN','YEARLY','M2J4W5','upload4114786446337041385.jpg',0,0,94,94,1),
	(95,b'0',1,b'1','4165558888','FIXED_PRICE',1000,'CANADIAN','YEARLY','M2J4W5','upload1622710396692001836.jpg',0,0,95,95,1),
	(96,b'0',1,b'1','4165558888','FIXED_PRICE',1000,'CANADIAN','YEARLY','M2J4W5','upload6833696533345725229.jpg',0,0,96,96,1),
	(97,b'0',1,b'1','4165558888','FIXED_PRICE',1000,'CANADIAN','YEARLY','M2J4W5','upload3291630794785212604.jpg',0,0,97,97,1),
	(98,b'0',1,b'1','4165558888','FIXED_PRICE',1000,'CANADIAN','YEARLY','M2J4W5','upload6966631485906039662.jpg',0,0,98,98,1),
	(99,b'0',1,b'1','4165558888','FIXED_PRICE',1000,'CANADIAN','YEARLY','M2J4W5','upload3441212215558086984.jpg',0,0,99,99,1),
	(100,b'0',1,b'1','4165558888','FIXED_PRICE',1000,'CANADIAN','YEARLY','M2J4W5','upload7676411134079242828.jpg',0,0,100,100,1),
	(105,b'0',1,b'1','4165558888','FIXED_PRICE',1000,'CANADIAN','YEARLY',NULL,NULL,NULL,NULL,103,NULL,NULL),
	(106,b'0',1,b'1','12','FIXED_PRICE',123,'RMB','YEARLY','12','upload7710752495469426484.jpg',0,0,101,101,3),
	(107,b'0',0,b'1','123455666','FIXED_PRICE',1000,'RMB','YEARLY','M2J4w5','upload7850814268428840169.jpg',0,0,119,105,3),
	(108,b'0',0,b'1','123132',NULL,NULL,NULL,NULL,'1231',NULL,0,0,128,NULL,2),
	(109,b'0',0,b'1','416839 5695',NULL,1001,'YEN','YEARLY','M2J3M9','upload5049116715030771321.jpg',0,2,138,107,2);

/*!40000 ALTER TABLE `mbe_guardian` ENABLE KEYS */;
UNLOCK TABLES;


# Dump of table mbe_house
# ------------------------------------------------------------

DROP TABLE IF EXISTS `mbe_house`;

CREATE TABLE `mbe_house` (
  `id` bigint(20) NOT NULL AUTO_INCREMENT,
  `is_top` bit(1) DEFAULT NULL,
  `delete_item` bit(1) DEFAULT NULL,
  `priority` int(11) DEFAULT NULL,
  `unit` varchar(255) DEFAULT NULL,
  `street` varchar(255) DEFAULT NULL,
  `postcode` varchar(255) DEFAULT NULL,
  `currency_type` varchar(255) DEFAULT NULL,
  `service_available` int(1) DEFAULT NULL,
  `is_homestay` int(1) DEFAULT NULL,
  `is_hotel` int(1) DEFAULT NULL,
  `is_rent` int(1) DEFAULT NULL,
  `month_start` int(1) DEFAULT NULL,
  `month_end` int(1) DEFAULT NULL,
  `has_breakfast` int(1) DEFAULT NULL,
  `has_lunch` int(1) DEFAULT NULL,
  `has_supper` int(1) DEFAULT NULL,
  `has_wifi` int(1) DEFAULT NULL,
  `has_non_smoking` int(1) DEFAULT NULL,
  `has_animal` int(1) DEFAULT NULL,
  `has_printer` int(1) DEFAULT NULL,
  `has_computer` int(1) DEFAULT NULL,
  `has_international_call` int(1) DEFAULT NULL,
  `has_chinese_food` int(1) DEFAULT NULL,
  `has_western_food` int(1) DEFAULT NULL,
  `has_girl` int(1) DEFAULT NULL,
  `has_boy` int(1) DEFAULT NULL,
  `has_kitchen` int(1) DEFAULT NULL,
  `has_refrigerator` int(1) DEFAULT NULL,
  `other_condition` varchar(255) DEFAULT NULL,
  `service_description` varchar(255) DEFAULT NULL,
  `house_outside_image` varchar(255) DEFAULT NULL,
  `house_to_airport_path_image` varchar(255) DEFAULT NULL,
  `house_to_school_path_image` varchar(255) DEFAULT NULL,
  `house_around_image` varchar(255) DEFAULT NULL,
  `living_room_image` varchar(255) DEFAULT NULL,
  `dining_room_image` varchar(255) DEFAULT NULL,
  `other_room_image` varchar(255) DEFAULT NULL,
  `deal_number` int(11) DEFAULT NULL,
  `recommend_number` int(11) DEFAULT NULL,
  `more_service_id` bigint(20) DEFAULT NULL,
  `house_city_id` bigint(20) DEFAULT NULL,
  `rent_id` bigint(20) DEFAULT NULL,
  `school1_id` bigint(20) DEFAULT NULL,
  `school2_id` bigint(20) DEFAULT NULL,
  `school3_id` bigint(20) DEFAULT NULL,
  `school4_id` bigint(20) DEFAULT NULL,
  `school5_id` bigint(20) DEFAULT NULL,
  `move_in_date` date DEFAULT NULL,
  `move_out_date` date DEFAULT NULL,
  PRIMARY KEY (`id`),
  UNIQUE KEY `more_service_id` (`more_service_id`),
  KEY `fk_mbe_house_house_city_id` (`house_city_id`),
  KEY `fk_mbe_house_rent_id` (`rent_id`),
  KEY `fk_mbe_house_school1` (`school1_id`),
  KEY `fk_mbe_house_school2` (`school2_id`),
  KEY `fk_mbe_house_school3` (`school3_id`),
  KEY `fk_mbe_house_school4` (`school4_id`),
  KEY `fk_mbe_house_school5` (`school5_id`),
  CONSTRAINT `fk_mbe_house_house_city_id` FOREIGN KEY (`house_city_id`) REFERENCES `mad_city` (`id`),
  CONSTRAINT `fk_mbe_house_more_service_id` FOREIGN KEY (`more_service_id`) REFERENCES `mgl_more_service` (`id`),
  CONSTRAINT `fk_mbe_house_rent_id` FOREIGN KEY (`rent_id`) REFERENCES `mbe_rent` (`id`)
) ENGINE=InnoDB DEFAULT CHARSET=utf8;

LOCK TABLES `mbe_house` WRITE;
/*!40000 ALTER TABLE `mbe_house` DISABLE KEYS */;

INSERT INTO `mbe_house` (`id`, `is_top`, `delete_item`, `priority`, `unit`, `street`, `postcode`, `currency_type`, `service_available`, `is_homestay`, `is_hotel`, `is_rent`, `month_start`, `month_end`, `has_breakfast`, `has_lunch`, `has_supper`, `has_wifi`, `has_non_smoking`, `has_animal`, `has_printer`, `has_computer`, `has_international_call`, `has_chinese_food`, `has_western_food`, `has_girl`, `has_boy`, `has_kitchen`, `has_refrigerator`, `other_condition`, `service_description`, `house_outside_image`, `house_to_airport_path_image`, `house_to_school_path_image`, `house_around_image`, `living_room_image`, `dining_room_image`, `other_room_image`, `deal_number`, `recommend_number`, `more_service_id`, `house_city_id`, `rent_id`, `school1_id`, `school2_id`, `school3_id`, `school4_id`, `school5_id`, `move_in_date`, `move_out_date`)
VALUES
	(1,b'1',b'0',1,'12','51 carinside cres','M2J3M9','CANADIAN',1,0,1,1,12,16,1,1,1,1,1,1,1,1,1,1,1,1,1,0,0,'1','this is good house','upload5739776916054816739.jpg','upload4114786446337041385.jpg','upload1622710396692001836.jpg','upload1622710396692001836.jpg','upload6833696533345725229.jpg','upload3291630794785212604.jpg','upload6966631485906039662.jpg',212,1,1,1,1,1,2,3,1,1,'2017-01-12','2017-02-22'),
	(2,b'1',b'0',1,'12','51 carinside cres','M2J3M9','CANADIAN',1,1,1,1,2,8,1,1,1,1,1,1,1,1,1,1,1,1,1,0,0,'1','this is good house','upload3441212215558086984.jpg','upload4114786446337041385.jpg','upload1622710396692001836.jpg','upload1622710396692001836.jpg','upload6833696533345725229.jpg','upload3291630794785212604.jpg','upload6966631485906039662.jpg',0,0,2,1,2,4,5,6,1,1,'2017-01-11','2017-02-22'),
	(3,b'1',b'0',1,'12','51 carinside cres','M2J3M9','CANADIAN',1,1,1,1,4,8,1,1,1,1,1,1,1,1,1,1,1,1,1,0,0,'1','this is good house','upload6788667150567296220.jpg','upload4114786446337041385.jpg','upload1622710396692001836.jpg','upload1622710396692001836.jpg','upload6833696533345725229.jpg','upload3291630794785212604.jpg','upload6966631485906039662.jpg',0,0,3,1,3,7,8,9,11,1,'2017-01-11','2017-02-22'),
	(4,b'1',b'0',1,'12','51 carinside cres','M2J3M9','CANADIAN',1,1,1,1,5,7,1,1,1,1,1,1,1,1,1,1,1,1,1,0,0,'1','this is good house','upload2022485175543772259.jpg','upload4114786446337041385.jpg','upload1622710396692001836.jpg','upload1622710396692001836.jpg','upload6833696533345725229.jpg','upload3291630794785212604.jpg','upload6966631485906039662.jpg',0,0,4,1,4,10,12,11,1,2,'2017-01-11','2017-02-22'),
	(5,b'1',b'0',1,'12','51 carinside cres','M2J3M9','CANADIAN',1,1,1,1,5,6,1,1,1,1,1,1,1,1,1,1,1,1,1,0,0,'1','this is good house','upload2655649186330638179.jpg','upload4114786446337041385.jpg','upload1622710396692001836.jpg','upload1622710396692001836.jpg','upload6833696533345725229.jpg','upload3291630794785212604.jpg','upload6966631485906039662.jpg',0,0,5,1,5,1,23,13,42,12,'2017-01-14','2017-02-22'),
	(6,b'1',b'0',1,'12','51 carinside cres','M2J3M9','CANADIAN',1,1,1,1,4,5,1,1,1,1,1,1,1,1,1,1,1,1,1,0,0,'1','this is good house','upload6371162368877969306.jpg','upload4114786446337041385.jpg','upload1622710396692001836.jpg','upload1622710396692001836.jpg','upload6833696533345725229.jpg','upload3291630794785212604.jpg','upload6966631485906039662.jpg',0,0,6,1,6,22,3,2,1,1,'2017-01-15','2017-02-22'),
	(7,b'1',b'0',1,'12','51 carinside cres','M2J3M9','CANADIAN',1,1,1,1,5,6,1,1,1,1,1,1,1,1,1,1,1,1,1,0,0,'1','this is good house','upload7704606271973179352.jpg','upload4114786446337041385.jpg','upload1622710396692001836.jpg','upload1622710396692001836.jpg','upload6833696533345725229.jpg','upload3291630794785212604.jpg','upload6966631485906039662.jpg',0,0,7,1,7,3,2,12,1,1,'2017-01-11','2017-02-22'),
	(8,b'0',b'0',0,'12','51 carinside cres','M2J3M9','CANADIAN',1,1,1,1,2,7,1,1,1,1,1,1,1,1,1,1,1,1,1,0,0,'1','this is good house','upload9102327266608709912.jpg','upload4114786446337041385.jpg','upload1622710396692001836.jpg','upload1622710396692001836.jpg','upload6833696533345725229.jpg','upload3291630794785212604.jpg','upload6966631485906039662.jpg',0,0,8,1,8,2,6,45,1,1,'2017-01-11','2017-02-22'),
	(9,b'0',b'0',0,'12','51 carinside cres','M2J3M9','CANADIAN',1,1,1,1,3,8,1,1,1,1,1,1,1,1,1,1,1,1,1,0,0,'1','this is good house','upload2515537559691726320.jpg','upload4114786446337041385.jpg','upload1622710396692001836.jpg','upload1622710396692001836.jpg','upload6833696533345725229.jpg','upload3291630794785212604.jpg','upload6966631485906039662.jpg',0,0,9,1,9,1,34,22,1,1,'2017-01-11','2017-02-22'),
	(10,b'0',b'0',0,'12','51 carinside cres','M2J3M9','CANADIAN',1,1,1,1,5,8,1,1,1,1,1,1,1,1,1,1,1,1,1,0,0,'1','this is good house','upload3343769364587798301.jpg','upload4114786446337041385.jpg','upload1622710396692001836.jpg','upload1622710396692001836.jpg','upload6833696533345725229.jpg','upload3291630794785212604.jpg','upload6966631485906039662.jpg',0,0,10,1,10,32,29,14,1,1,'2017-01-11','2017-02-22'),
	(11,b'0',b'0',1,'12','51 carinside cres','M2J3M9','CANADIAN',1,1,1,1,5,5,1,1,1,1,1,1,1,1,1,1,1,1,1,0,0,'1','this is good house','upload5739776916054816739.jpg','upload4114786446337041385.jpg','upload1622710396692001836.jpg','upload1622710396692001836.jpg','upload6833696533345725229.jpg','upload3291630794785212604.jpg','upload6966631485906039662.jpg',0,0,11,1,11,3,7,1,1,1,'2017-01-09','2017-02-22'),
	(12,b'0',b'0',1,'12','51 carinside cres','M2J3M9','CANADIAN',1,1,1,1,6,6,1,1,1,1,1,1,1,1,1,1,1,1,1,0,1,'1','this is good house','upload3441212215558086984.jpg','upload4114786446337041385.jpg','upload1622710396692001836.jpg','upload1622710396692001836.jpg','upload6833696533345725229.jpg','upload3291630794785212604.jpg','upload6966631485906039662.jpg',0,0,12,1,12,8,1,1,1,1,'2017-01-11','2017-02-22'),
	(13,b'0',b'0',1,'12','51 carinside cres','M2J3M9','CANADIAN',1,1,1,1,6,5,1,1,1,1,1,1,1,1,1,1,1,1,1,0,0,'1','this is good house','upload6788667150567296220.jpg','upload4114786446337041385.jpg','upload1622710396692001836.jpg','upload1622710396692001836.jpg','upload6833696533345725229.jpg','upload3291630794785212604.jpg','upload6966631485906039662.jpg',0,0,13,1,13,5,1,1,1,1,'2017-01-11','2017-02-22'),
	(14,b'0',b'0',1,'12','51 carinside cres','M2J3M9','CANADIAN',1,1,1,1,1,6,1,1,1,1,1,1,1,1,1,1,1,1,1,0,0,'1','this is good house','upload2022485175543772259.jpg','upload4114786446337041385.jpg','upload1622710396692001836.jpg','upload1622710396692001836.jpg','upload6833696533345725229.jpg','upload3291630794785212604.jpg','upload6966631485906039662.jpg',0,0,14,1,14,11,1,1,1,1,'2017-01-11','2017-02-22'),
	(15,b'0',b'0',1,'12','51 carinside cres','M2J3M9','CANADIAN',1,1,1,1,2,7,1,1,1,1,1,1,1,1,1,1,1,1,1,0,0,'1','this is good house','upload2655649186330638179.jpg','upload4114786446337041385.jpg','upload1622710396692001836.jpg','upload1622710396692001836.jpg','upload6833696533345725229.jpg','upload3291630794785212604.jpg','upload6966631485906039662.jpg',0,0,15,1,15,12,2,1,NULL,NULL,'2017-01-08','2017-02-22'),
	(16,b'0',b'0',1,'12','51 carinside cres','M2J3M9','CANADIAN',1,1,1,1,7,8,1,1,1,1,1,1,1,1,1,1,1,1,1,0,0,'1','this is good house','upload6371162368877969306.jpg','upload4114786446337041385.jpg','upload1622710396692001836.jpg','upload1622710396692001836.jpg','upload6833696533345725229.jpg','upload3291630794785212604.jpg','upload6966631485906039662.jpg',0,0,16,1,16,13,1,NULL,NULL,NULL,'2017-01-11','2017-02-22'),
	(17,b'0',b'0',1,'12','51 carinside cres','M2J3M9','CANADIAN',1,1,1,1,1,9,1,1,1,1,1,1,1,1,1,1,1,1,1,0,0,'1','this is good house','upload7704606271973179352.jpg','upload4114786446337041385.jpg','upload1622710396692001836.jpg','upload1622710396692001836.jpg','upload6833696533345725229.jpg','upload3291630794785212604.jpg','upload6966631485906039662.jpg',0,0,17,1,17,14,NULL,NULL,NULL,NULL,'2017-01-11','2017-02-22'),
	(18,b'0',b'0',1,'12','51 carinside cres','M2J3M9','CANADIAN',1,1,1,1,1,8,1,1,1,1,1,1,1,1,1,1,1,1,1,0,0,'1','this is good house','upload9102327266608709912.jpg','upload4114786446337041385.jpg','upload1622710396692001836.jpg','upload1622710396692001836.jpg','upload6833696533345725229.jpg','upload3291630794785212604.jpg','upload6966631485906039662.jpg',0,0,18,1,18,15,3,NULL,NULL,NULL,'2017-01-10','2017-02-22'),
	(19,b'0',b'0',1,'12','51 carinside cres','M2J3M9','CANADIAN',1,1,1,1,2,7,1,1,1,1,1,1,1,1,1,1,1,1,1,0,0,'1','this is good house','upload2515537559691726320.jpg','upload4114786446337041385.jpg','upload1622710396692001836.jpg','upload1622710396692001836.jpg','upload6833696533345725229.jpg','upload3291630794785212604.jpg','upload6966631485906039662.jpg',0,0,19,1,19,16,2,NULL,NULL,NULL,'2017-01-11','2017-02-22'),
	(20,b'0',b'0',1,'12','51 carinside cres','M2J3M9','CANADIAN',1,1,1,1,2,6,1,1,1,1,1,1,1,1,1,1,1,1,1,1,0,'1','this is good house','upload3343769364587798301.jpg','upload4114786446337041385.jpg','upload1622710396692001836.jpg','upload1622710396692001836.jpg','upload6833696533345725229.jpg','upload3291630794785212604.jpg','upload6966631485906039662.jpg',0,0,20,1,20,17,NULL,NULL,NULL,NULL,'2017-01-11','2017-02-22'),
	(21,b'0',b'0',1,'12','51 carinside cres','M2J3M9','CANADIAN',1,1,1,1,4,7,1,1,1,1,1,1,1,1,1,1,1,1,1,1,0,'1','this is good house','upload5739776916054816739.jpg','upload4114786446337041385.jpg','upload1622710396692001836.jpg','upload1622710396692001836.jpg','upload6833696533345725229.jpg','upload3291630794785212604.jpg','upload6966631485906039662.jpg',0,0,21,1,21,18,NULL,NULL,NULL,NULL,'2017-01-11','2017-02-22'),
	(22,b'0',b'0',1,'12','51 carinside cres','M2J3M9','CANADIAN',1,1,1,1,2,6,1,1,1,1,1,1,1,1,1,1,1,1,1,1,1,'1','this is good house','upload3441212215558086984.jpg','upload4114786446337041385.jpg','upload1622710396692001836.jpg','upload1622710396692001836.jpg','upload6833696533345725229.jpg','upload3291630794785212604.jpg','upload6966631485906039662.jpg',0,0,22,1,22,19,NULL,NULL,NULL,NULL,'2017-01-11','2017-02-22'),
	(23,b'0',b'0',1,'12','51 carinside cres','M2J3M9','CANADIAN',1,1,1,1,6,5,1,1,1,1,1,1,1,1,1,1,1,1,1,1,1,'1','this is good house','upload6788667150567296220.jpg','upload4114786446337041385.jpg','upload1622710396692001836.jpg','upload1622710396692001836.jpg','upload6833696533345725229.jpg','upload3291630794785212604.jpg','upload6966631485906039662.jpg',0,0,23,1,23,20,NULL,NULL,NULL,NULL,'2017-01-11','2017-02-22'),
	(24,b'0',b'0',1,'12','51 carinside cres','M2J3M9','CANADIAN',1,1,1,1,8,4,1,1,1,1,1,1,1,1,1,1,1,1,1,1,1,'1','this is good house','upload2022485175543772259.jpg','upload4114786446337041385.jpg','upload1622710396692001836.jpg','upload1622710396692001836.jpg','upload6833696533345725229.jpg','upload3291630794785212604.jpg','upload6966631485906039662.jpg',0,0,24,1,24,21,NULL,NULL,NULL,NULL,'2017-01-11','2017-02-22'),
	(25,b'0',b'0',1,'12','51 carinside cres','M2J3M9','CANADIAN',1,1,1,1,8,6,1,1,1,1,1,1,1,1,1,1,1,1,1,1,1,'1','this is good house','upload2655649186330638179.jpg','upload4114786446337041385.jpg','upload1622710396692001836.jpg','upload1622710396692001836.jpg','upload6833696533345725229.jpg','upload3291630794785212604.jpg','upload6966631485906039662.jpg',0,0,25,1,25,22,NULL,NULL,NULL,NULL,'2017-01-11','2017-02-22'),
	(26,b'0',b'0',1,'12','51 carinside cres','M2J3M9','CANADIAN',1,1,1,1,4,4,1,1,1,1,1,1,1,1,1,1,1,1,1,1,1,'1','this is good house','upload6371162368877969306.jpg','upload4114786446337041385.jpg','upload1622710396692001836.jpg','upload1622710396692001836.jpg','upload6833696533345725229.jpg','upload3291630794785212604.jpg','upload6966631485906039662.jpg',0,0,26,1,26,23,NULL,NULL,NULL,NULL,'2017-01-11','2017-02-22'),
	(27,b'0',b'0',1,'12','51 carinside cres','M2J3M9','CANADIAN',1,1,1,1,1,6,1,1,1,1,1,1,1,1,1,1,1,1,1,1,1,'1','this is good house','upload7704606271973179352.jpg','upload4114786446337041385.jpg','upload1622710396692001836.jpg','upload1622710396692001836.jpg','upload6833696533345725229.jpg','upload3291630794785212604.jpg','upload6966631485906039662.jpg',0,0,27,1,27,24,NULL,NULL,NULL,NULL,'2017-01-11','2017-02-22'),
	(28,b'0',b'0',1,'12','51 carinside cres','M2J3M9','CANADIAN',1,1,1,1,1,7,1,1,1,1,1,1,1,1,1,1,1,1,1,1,1,'1','this is good house','upload9102327266608709912.jpg','upload4114786446337041385.jpg','upload1622710396692001836.jpg','upload1622710396692001836.jpg','upload6833696533345725229.jpg','upload3291630794785212604.jpg','upload6966631485906039662.jpg',0,0,28,1,28,25,NULL,NULL,NULL,NULL,'2017-01-11','2017-02-22'),
	(29,b'0',b'0',1,'12','51 carinside cres','M2J3M9','CANADIAN',1,1,1,1,8,4,1,1,1,1,1,1,1,1,1,1,1,1,1,1,1,'1','this is good house','upload2515537559691726320.jpg','upload4114786446337041385.jpg','upload1622710396692001836.jpg','upload1622710396692001836.jpg','upload6833696533345725229.jpg','upload3291630794785212604.jpg','upload6966631485906039662.jpg',0,0,29,1,29,26,NULL,NULL,NULL,NULL,'2017-01-11','2017-02-22'),
	(30,b'0',b'0',1,'12','51 carinside cres','M2J3M9','CANADIAN',1,1,1,1,9,6,1,1,1,1,1,1,1,1,1,1,1,1,1,1,1,'1','this is good house','upload3343769364587798301.jpg','upload4114786446337041385.jpg','upload1622710396692001836.jpg','upload1622710396692001836.jpg','upload6833696533345725229.jpg','upload3291630794785212604.jpg','upload6966631485906039662.jpg',0,0,30,1,30,27,NULL,NULL,NULL,NULL,'2017-01-11','2017-02-22'),
	(31,b'0',b'0',1,'12','51 carinside cres','M2J3M9','CANADIAN',1,1,1,1,8,4,1,1,1,1,1,1,1,1,1,1,1,1,1,1,1,'1','this is good house','upload5739776916054816739.jpg','upload4114786446337041385.jpg','upload1622710396692001836.jpg','upload1622710396692001836.jpg','upload6833696533345725229.jpg','upload3291630794785212604.jpg','upload6966631485906039662.jpg',0,0,31,1,31,28,NULL,NULL,NULL,NULL,'2017-01-11','2017-02-22'),
	(32,b'0',b'0',1,'12','51 carinside cres','M2J3M9','CANADIAN',1,1,1,1,8,6,1,1,1,1,1,1,1,1,1,1,1,1,1,0,0,'1','this is good house','upload3441212215558086984.jpg','upload4114786446337041385.jpg','upload1622710396692001836.jpg','upload1622710396692001836.jpg','upload6833696533345725229.jpg','upload3291630794785212604.jpg','upload6966631485906039662.jpg',0,0,32,1,32,29,NULL,NULL,NULL,NULL,'2017-01-11','2017-02-22'),
	(33,b'0',b'0',1,'12','51 carinside cres','M2J3M9','CANADIAN',1,1,1,1,3,4,1,1,1,1,1,1,1,1,1,1,1,1,1,0,0,'1','this is good house','upload6788667150567296220.jpg','upload4114786446337041385.jpg','upload1622710396692001836.jpg','upload1622710396692001836.jpg','upload6833696533345725229.jpg','upload3291630794785212604.jpg','upload6966631485906039662.jpg',0,0,33,1,33,30,NULL,NULL,NULL,NULL,'2017-01-11','2017-02-22'),
	(34,b'0',b'0',1,'12','51 carinside cres','M2J3M9','CANADIAN',1,1,1,1,4,7,1,1,1,1,1,1,1,1,1,1,1,1,1,0,0,'1','this is good house','upload2022485175543772259.jpg','upload4114786446337041385.jpg','upload1622710396692001836.jpg','upload1622710396692001836.jpg','upload6833696533345725229.jpg','upload3291630794785212604.jpg','upload6966631485906039662.jpg',0,0,34,1,34,31,NULL,NULL,NULL,NULL,'2017-01-11','2017-02-22'),
	(35,b'0',b'0',1,'12','51 carinside cres','M2J3M9','CANADIAN',1,1,1,1,3,9,1,1,1,1,1,1,1,1,1,1,1,1,1,0,0,'1','this is good house','upload2655649186330638179.jpg','upload4114786446337041385.jpg','upload1622710396692001836.jpg','upload1622710396692001836.jpg','upload6833696533345725229.jpg','upload3291630794785212604.jpg','upload6966631485906039662.jpg',0,0,35,1,35,32,NULL,NULL,NULL,NULL,'2017-01-11','2017-02-22'),
	(36,b'0',b'0',1,'12','51 carinside cres','M2J3M9','CANADIAN',1,1,1,1,2,4,1,1,1,1,1,1,1,1,1,1,1,1,1,0,0,'1','this is good house','upload6371162368877969306.jpg','upload4114786446337041385.jpg','upload1622710396692001836.jpg','upload1622710396692001836.jpg','upload6833696533345725229.jpg','upload3291630794785212604.jpg','upload6966631485906039662.jpg',0,0,36,1,36,32,NULL,NULL,NULL,NULL,'2017-01-11','2017-02-22'),
	(37,b'0',b'0',1,'12','51 carinside cres','M2J3M9','CANADIAN',1,1,1,1,5,7,1,1,1,1,1,1,1,1,1,1,1,1,1,0,0,'1','this is good house','upload7704606271973179352.jpg','upload4114786446337041385.jpg','upload1622710396692001836.jpg','upload1622710396692001836.jpg','upload6833696533345725229.jpg','upload3291630794785212604.jpg','upload6966631485906039662.jpg',0,0,37,1,37,33,NULL,NULL,NULL,NULL,'2017-01-11','2017-02-22'),
	(38,b'0',b'0',1,'12','51 carinside cres','M2J3M9','CANADIAN',1,1,1,1,6,8,1,1,1,1,1,1,1,1,1,1,1,1,1,0,0,'1','this is good house','upload9102327266608709912.jpg','upload4114786446337041385.jpg','upload1622710396692001836.jpg','upload1622710396692001836.jpg','upload6833696533345725229.jpg','upload3291630794785212604.jpg','upload6966631485906039662.jpg',0,0,38,1,38,34,NULL,NULL,NULL,NULL,'2017-01-11','2017-02-22'),
	(39,b'0',b'0',1,'12','51 carinside cres','M2J3M9','CANADIAN',1,1,1,1,7,1,1,1,1,1,1,1,1,1,1,1,1,1,1,0,0,'1','this is good house','upload2515537559691726320.jpg','upload4114786446337041385.jpg','upload1622710396692001836.jpg','upload1622710396692001836.jpg','upload6833696533345725229.jpg','upload3291630794785212604.jpg','upload6966631485906039662.jpg',0,0,39,1,39,3,NULL,NULL,NULL,NULL,'2017-01-11','2017-02-22'),
	(40,b'0',b'0',1,'12','51 carinside cres','M2J3M9','CANADIAN',1,1,1,1,2,3,1,1,1,1,1,1,1,1,1,1,1,1,1,1,0,'1','this is good house','upload3343769364587798301.jpg','upload4114786446337041385.jpg','upload1622710396692001836.jpg','upload1622710396692001836.jpg','upload6833696533345725229.jpg','upload3291630794785212604.jpg','upload6966631485906039662.jpg',0,0,40,1,40,34,NULL,NULL,NULL,NULL,'2017-01-11','2017-02-22'),
	(41,b'0',b'0',1,'12','51 carinside cres','M2J3M9','CANADIAN',1,1,1,1,3,2,1,1,1,1,1,1,1,1,1,1,1,1,1,1,0,'1','this is good house','upload5739776916054816739.jpg','upload4114786446337041385.jpg','upload1622710396692001836.jpg','upload1622710396692001836.jpg','upload6833696533345725229.jpg','upload3291630794785212604.jpg','upload6966631485906039662.jpg',0,0,41,1,41,45,NULL,NULL,NULL,NULL,'2017-01-11','2017-02-22'),
	(42,b'0',b'0',1,'12','51 carinside cres','M2J3M9','CANADIAN',1,1,1,1,4,4,1,1,1,1,1,1,1,1,1,1,1,1,1,1,0,'1','this is good house','upload3441212215558086984.jpg','upload4114786446337041385.jpg','upload1622710396692001836.jpg','upload1622710396692001836.jpg','upload6833696533345725229.jpg','upload3291630794785212604.jpg','upload6966631485906039662.jpg',0,0,42,1,42,35,NULL,NULL,NULL,NULL,'2017-01-11','2017-02-22'),
	(43,b'0',b'0',1,'12','51 carinside cres','M2J3M9','CANADIAN',1,1,1,1,4,5,1,1,1,1,1,1,1,1,1,1,1,1,1,1,0,'1','this is good house','upload6788667150567296220.jpg','upload4114786446337041385.jpg','upload1622710396692001836.jpg','upload1622710396692001836.jpg','upload6833696533345725229.jpg','upload3291630794785212604.jpg','upload6966631485906039662.jpg',0,0,43,1,43,37,NULL,NULL,NULL,NULL,'2017-01-11','2017-02-22'),
	(44,b'0',b'0',1,'12','51 carinside cres','M2J3M9','CANADIAN',1,1,1,1,5,5,1,1,1,1,1,1,1,1,1,1,1,1,1,1,0,'1','this is good house','upload2022485175543772259.jpg','upload4114786446337041385.jpg','upload1622710396692001836.jpg','upload1622710396692001836.jpg','upload6833696533345725229.jpg','upload3291630794785212604.jpg','upload6966631485906039662.jpg',0,0,44,1,44,38,NULL,NULL,NULL,NULL,'2017-01-11','2017-02-22'),
	(45,b'0',b'0',1,'12','51 carinside cres','M2J3M9','CANADIAN',1,1,1,1,5,5,1,1,1,1,1,1,1,1,1,1,1,1,1,1,0,'1','this is good house','upload2655649186330638179.jpg','upload4114786446337041385.jpg','upload1622710396692001836.jpg','upload1622710396692001836.jpg','upload6833696533345725229.jpg','upload3291630794785212604.jpg','upload6966631485906039662.jpg',0,0,45,1,45,39,NULL,NULL,NULL,NULL,'2017-01-11','2017-02-22'),
	(46,b'0',b'0',1,'12','51 carinside cres','M2J3M9','CANADIAN',1,1,1,1,6,5,1,1,1,1,1,1,1,1,1,1,1,1,1,1,0,'1','this is good house','upload6371162368877969306.jpg','upload4114786446337041385.jpg','upload1622710396692001836.jpg','upload1622710396692001836.jpg','upload6833696533345725229.jpg','upload3291630794785212604.jpg','upload6966631485906039662.jpg',0,0,46,1,46,40,NULL,NULL,NULL,NULL,'2017-01-11','2017-02-22'),
	(47,b'0',b'0',1,'12','51 carinside cres','M2J3M9','CANADIAN',1,1,1,1,2,2,1,1,1,1,1,1,1,1,1,1,1,1,1,0,0,'1','this is good house','upload7704606271973179352.jpg','upload4114786446337041385.jpg','upload1622710396692001836.jpg','upload1622710396692001836.jpg','upload6833696533345725229.jpg','upload3291630794785212604.jpg','upload6966631485906039662.jpg',0,0,47,1,47,41,NULL,NULL,NULL,NULL,'2017-01-11','2017-02-22'),
	(48,b'0',b'0',1,'12','51 carinside cres','M2J3M9','CANADIAN',1,1,1,1,1,5,1,1,1,1,1,1,1,1,1,1,1,1,1,0,0,'1','this is good house','upload9102327266608709912.jpg','upload4114786446337041385.jpg','upload1622710396692001836.jpg','upload1622710396692001836.jpg','upload6833696533345725229.jpg','upload3291630794785212604.jpg','upload6966631485906039662.jpg',0,0,48,1,48,42,NULL,NULL,NULL,NULL,'2017-01-11','2017-02-22'),
	(49,b'0',b'0',1,'12','51 carinside cres','M2J3M9','CANADIAN',1,1,1,1,3,4,1,1,1,1,1,1,1,1,1,1,1,1,1,0,0,'1','this is good house','upload2515537559691726320.jpg','upload4114786446337041385.jpg','upload1622710396692001836.jpg','upload1622710396692001836.jpg','upload6833696533345725229.jpg','upload3291630794785212604.jpg','upload6966631485906039662.jpg',0,0,49,1,49,43,NULL,NULL,NULL,NULL,'2017-01-11','2017-02-22'),
	(50,b'0',b'0',1,'12','51 carinside cres','M2J3M9','CANADIAN',1,1,1,1,4,4,1,1,1,1,1,1,1,1,1,1,1,1,1,0,0,'1','this is good house','upload3343769364587798301.jpg','upload4114786446337041385.jpg','upload1622710396692001836.jpg','upload1622710396692001836.jpg','upload6833696533345725229.jpg','upload3291630794785212604.jpg','upload6966631485906039662.jpg',0,0,50,1,50,44,NULL,NULL,NULL,NULL,'2017-01-11','2017-02-22'),
	(51,b'0',b'0',1,'12','51 carinside cres','M2J3M9','CANADIAN',1,1,1,1,5,5,1,1,1,1,1,1,1,1,1,1,1,1,1,0,0,'1','this is good house','upload5739776916054816739.jpg','upload4114786446337041385.jpg','upload1622710396692001836.jpg','upload1622710396692001836.jpg','upload6833696533345725229.jpg','upload3291630794785212604.jpg','upload6966631485906039662.jpg',0,0,51,1,51,45,NULL,NULL,NULL,NULL,'2017-01-11','2017-02-22'),
	(52,b'0',b'0',1,'12','51 carinside cres','M2J3M9','CANADIAN',1,1,1,1,4,5,1,1,1,1,1,1,1,1,1,1,1,1,1,0,1,'1','this is good house','upload3441212215558086984.jpg','upload4114786446337041385.jpg','upload1622710396692001836.jpg','upload1622710396692001836.jpg','upload6833696533345725229.jpg','upload3291630794785212604.jpg','upload6966631485906039662.jpg',0,0,52,1,52,47,NULL,NULL,NULL,NULL,'2017-01-11','2017-02-22'),
	(53,b'0',b'0',1,'12','51 carinside cres','M2J3M9','CANADIAN',1,1,1,1,2,7,1,1,1,1,1,1,1,1,1,1,1,1,1,0,1,'1','this is good house','upload6788667150567296220.jpg','upload4114786446337041385.jpg','upload1622710396692001836.jpg','upload1622710396692001836.jpg','upload6833696533345725229.jpg','upload3291630794785212604.jpg','upload6966631485906039662.jpg',0,0,53,1,53,3,NULL,NULL,NULL,NULL,'2017-01-11','2017-02-22'),
	(54,b'0',b'0',1,'12','51 carinside cres','M2J3M9','CANADIAN',1,1,1,1,1,6,1,1,1,1,1,1,1,1,1,1,1,1,1,0,1,'1','this is good house','upload2022485175543772259.jpg','upload4114786446337041385.jpg','upload1622710396692001836.jpg','upload1622710396692001836.jpg','upload6833696533345725229.jpg','upload3291630794785212604.jpg','upload6966631485906039662.jpg',0,0,54,1,54,4,NULL,NULL,NULL,NULL,'2017-01-11','2017-02-22'),
	(55,b'0',b'0',1,'12','51 carinside cres','M2J3M9','CANADIAN',1,1,1,1,1,8,1,1,1,1,1,1,1,1,1,1,1,1,1,0,1,'1','this is good house','upload2655649186330638179.jpg','upload4114786446337041385.jpg','upload1622710396692001836.jpg','upload1622710396692001836.jpg','upload6833696533345725229.jpg','upload3291630794785212604.jpg','upload6966631485906039662.jpg',0,0,55,1,55,5,NULL,NULL,NULL,NULL,'2017-01-11','2017-02-22'),
	(56,b'0',b'0',1,'12','51 carinside cres','M2J3M9','CANADIAN',1,1,1,1,1,3,1,1,1,1,1,1,1,1,1,1,1,1,1,0,1,'1','this is good house','upload6371162368877969306.jpg','upload4114786446337041385.jpg','upload1622710396692001836.jpg','upload1622710396692001836.jpg','upload6833696533345725229.jpg','upload3291630794785212604.jpg','upload6966631485906039662.jpg',0,0,56,1,56,6,NULL,NULL,NULL,NULL,'2017-01-11','2017-02-22'),
	(57,b'0',b'0',1,'12','51 carinside cres','M2J3M9','CANADIAN',1,1,1,1,2,4,1,1,1,1,1,1,1,1,1,1,1,1,1,0,1,'1','this is good house','upload7704606271973179352.jpg','upload4114786446337041385.jpg','upload1622710396692001836.jpg','upload1622710396692001836.jpg','upload6833696533345725229.jpg','upload3291630794785212604.jpg','upload6966631485906039662.jpg',0,0,57,1,57,7,NULL,NULL,NULL,NULL,'2017-01-11','2017-02-22'),
	(58,b'0',b'0',1,'12','51 carinside cres','M2J3M9','CANADIAN',1,1,1,1,3,2,1,1,1,1,1,1,1,1,1,1,1,1,1,0,1,'1','this is good house','upload9102327266608709912.jpg','upload4114786446337041385.jpg','upload1622710396692001836.jpg','upload1622710396692001836.jpg','upload6833696533345725229.jpg','upload3291630794785212604.jpg','upload6966631485906039662.jpg',0,0,58,1,58,8,NULL,NULL,NULL,NULL,'2017-01-11','2017-02-22'),
	(59,b'0',b'0',1,'12','51 carinside cres','M2J3M9','CANADIAN',1,1,1,1,4,5,1,1,1,1,1,1,1,1,1,1,1,1,1,0,1,'1','this is good house','upload2515537559691726320.jpg','upload4114786446337041385.jpg','upload1622710396692001836.jpg','upload1622710396692001836.jpg','upload6833696533345725229.jpg','upload3291630794785212604.jpg','upload6966631485906039662.jpg',0,0,59,1,59,8,NULL,NULL,NULL,NULL,'2017-01-11','2017-02-22'),
	(60,b'0',b'0',1,'12','51 carinside cres','M2J3M9','CANADIAN',1,1,1,1,4,7,1,1,1,1,1,1,1,1,1,1,1,1,1,0,1,'1','this is good house','upload3343769364587798301.jpg','upload4114786446337041385.jpg','upload1622710396692001836.jpg','upload1622710396692001836.jpg','upload6833696533345725229.jpg','upload3291630794785212604.jpg','upload6966631485906039662.jpg',0,0,60,1,60,8,NULL,NULL,NULL,NULL,'2017-01-11','2017-02-22'),
	(61,b'0',b'0',1,'12','51 carinside cres','M2J3M9','CANADIAN',1,1,1,1,5,8,1,1,1,1,1,1,1,1,1,1,1,1,1,0,1,'1','this is good house','upload5739776916054816739.jpg','upload4114786446337041385.jpg','upload1622710396692001836.jpg','upload1622710396692001836.jpg','upload6833696533345725229.jpg','upload3291630794785212604.jpg','upload6966631485906039662.jpg',0,0,61,1,61,12,NULL,NULL,NULL,NULL,'2017-01-11','2017-02-22'),
	(62,b'0',b'0',1,'12','51 carinside cres','M2J3M9','CANADIAN',1,1,1,1,6,8,1,1,1,1,1,1,1,1,1,1,1,1,1,0,1,'1','this is good house','upload3441212215558086984.jpg','upload4114786446337041385.jpg','upload1622710396692001836.jpg','upload1622710396692001836.jpg','upload6833696533345725229.jpg','upload3291630794785212604.jpg','upload6966631485906039662.jpg',0,0,62,1,62,14,NULL,NULL,NULL,NULL,'2017-01-11','2017-02-22'),
	(63,b'0',b'0',1,'12','51 carinside cres','M2J3M9','CANADIAN',1,1,1,1,6,9,1,1,1,1,1,1,1,1,1,1,1,1,1,0,1,'1','this is good house','upload6788667150567296220.jpg','upload4114786446337041385.jpg','upload1622710396692001836.jpg','upload1622710396692001836.jpg','upload6833696533345725229.jpg','upload3291630794785212604.jpg','upload6966631485906039662.jpg',0,0,63,1,63,15,NULL,NULL,NULL,NULL,'2017-01-11','2017-02-22'),
	(64,b'0',b'0',1,'12','51 carinside cres','M2J3M9','CANADIAN',1,1,1,1,5,9,1,1,1,1,1,1,1,1,1,1,1,1,1,1,1,'1','this is good house','upload2022485175543772259.jpg','upload4114786446337041385.jpg','upload1622710396692001836.jpg','upload1622710396692001836.jpg','upload6833696533345725229.jpg','upload3291630794785212604.jpg','upload6966631485906039662.jpg',0,0,64,1,64,16,NULL,NULL,NULL,NULL,'2017-01-11','2017-02-22'),
	(65,b'0',b'0',1,'12','51 carinside cres','M2J3M9','CANADIAN',1,1,1,1,2,2,1,1,1,1,1,1,1,1,1,1,1,1,1,1,0,'1','this is good house','upload2655649186330638179.jpg','upload4114786446337041385.jpg','upload1622710396692001836.jpg','upload1622710396692001836.jpg','upload6833696533345725229.jpg','upload3291630794785212604.jpg','upload6966631485906039662.jpg',0,0,65,1,65,16,NULL,NULL,NULL,NULL,'2017-01-11','2017-02-22'),
	(66,b'0',b'0',1,'12','51 carinside cres','M2J3M9','CANADIAN',1,1,1,1,3,3,1,1,1,1,1,1,1,1,1,1,1,1,1,1,0,'1','this is good house','upload6371162368877969306.jpg','upload4114786446337041385.jpg','upload1622710396692001836.jpg','upload1622710396692001836.jpg','upload6833696533345725229.jpg','upload3291630794785212604.jpg','upload6966631485906039662.jpg',0,0,66,1,66,16,NULL,NULL,NULL,NULL,'2017-01-11','2017-02-22'),
	(67,b'0',b'0',1,'12','51 carinside cres','M2J3M9','CANADIAN',1,1,1,1,2,2,1,1,1,1,1,1,1,1,1,1,1,1,1,1,0,'1','this is good house','upload7704606271973179352.jpg','upload4114786446337041385.jpg','upload1622710396692001836.jpg','upload1622710396692001836.jpg','upload6833696533345725229.jpg','upload3291630794785212604.jpg','upload6966631485906039662.jpg',0,0,67,1,67,17,NULL,NULL,NULL,NULL,'2017-01-11','2017-02-22'),
	(68,b'0',b'0',1,'12','51 carinside cres','M2J3M9','CANADIAN',1,1,1,1,2,2,1,1,1,1,1,1,1,1,1,1,1,1,1,1,0,'1','this is good house','upload9102327266608709912.jpg','upload4114786446337041385.jpg','upload1622710396692001836.jpg','upload1622710396692001836.jpg','upload6833696533345725229.jpg','upload3291630794785212604.jpg','upload6966631485906039662.jpg',0,0,68,1,68,23,NULL,NULL,NULL,NULL,'2017-01-11','2017-02-22'),
	(69,b'0',b'0',1,'12','51 carinside cres','M2J3M9','CANADIAN',1,1,1,1,1,3,1,1,1,1,1,1,1,1,1,1,1,1,1,1,0,'1','this is good house','upload2515537559691726320.jpg','upload4114786446337041385.jpg','upload1622710396692001836.jpg','upload1622710396692001836.jpg','upload6833696533345725229.jpg','upload3291630794785212604.jpg','upload6966631485906039662.jpg',0,0,69,1,69,23,NULL,NULL,NULL,NULL,'2017-01-11','2017-02-22'),
	(70,b'0',b'0',1,'12','51 carinside cres','M2J3M9','CANADIAN',1,1,1,1,3,4,1,1,1,1,1,1,1,1,1,1,1,1,1,1,0,'1','this is good house','upload3343769364587798301.jpg','upload4114786446337041385.jpg','upload1622710396692001836.jpg','upload1622710396692001836.jpg','upload6833696533345725229.jpg','upload3291630794785212604.jpg','upload6966631485906039662.jpg',0,0,70,1,70,5,NULL,NULL,NULL,NULL,'2017-01-11','2017-02-22'),
	(71,b'0',b'0',1,'12','51 carinside cres','M2J3M9','CANADIAN',1,1,1,1,4,5,1,1,1,1,1,1,1,1,1,1,1,1,1,1,0,'1','this is good house','upload5739776916054816739.jpg','upload4114786446337041385.jpg','upload1622710396692001836.jpg','upload1622710396692001836.jpg','upload6833696533345725229.jpg','upload3291630794785212604.jpg','upload6966631485906039662.jpg',0,0,71,1,71,34,NULL,NULL,NULL,NULL,'2017-01-11','2017-02-22'),
	(72,b'0',b'0',1,'12','51 carinside cres','M2J3M9','CANADIAN',1,1,1,1,5,6,1,1,1,1,1,1,1,1,1,1,1,1,1,1,0,'1','this is good house','upload3441212215558086984.jpg','upload4114786446337041385.jpg','upload1622710396692001836.jpg','upload1622710396692001836.jpg','upload6833696533345725229.jpg','upload3291630794785212604.jpg','upload6966631485906039662.jpg',0,0,72,1,72,35,NULL,NULL,NULL,NULL,'2017-01-11','2017-02-22'),
	(73,b'0',b'0',1,'12','51 carinside cres','M2J3M9','CANADIAN',1,1,1,1,6,7,1,1,1,1,1,1,1,1,1,1,1,1,1,1,0,'1','this is good house','upload6788667150567296220.jpg','upload4114786446337041385.jpg','upload1622710396692001836.jpg','upload1622710396692001836.jpg','upload6833696533345725229.jpg','upload3291630794785212604.jpg','upload6966631485906039662.jpg',0,0,73,1,73,37,NULL,NULL,NULL,NULL,'2017-01-11','2017-02-22'),
	(74,b'0',b'0',1,'12','51 carinside cres','M2J3M9','CANADIAN',1,1,1,1,6,8,1,1,1,1,1,1,1,1,1,1,1,1,1,1,0,'1','this is good house','upload2022485175543772259.jpg','upload4114786446337041385.jpg','upload1622710396692001836.jpg','upload1622710396692001836.jpg','upload6833696533345725229.jpg','upload3291630794785212604.jpg','upload6966631485906039662.jpg',0,0,74,1,74,38,NULL,NULL,NULL,NULL,'2017-01-11','2017-02-22'),
	(75,b'0',b'0',1,'12','51 carinside cres','M2J3M9','CANADIAN',1,1,1,1,7,8,1,1,1,1,1,1,1,1,1,1,1,1,1,1,0,'1','this is good house','upload2655649186330638179.jpg','upload4114786446337041385.jpg','upload1622710396692001836.jpg','upload1622710396692001836.jpg','upload6833696533345725229.jpg','upload3291630794785212604.jpg','upload6966631485906039662.jpg',0,0,75,1,75,7,NULL,NULL,NULL,NULL,'2017-01-11','2017-02-22'),
	(76,b'0',b'0',1,'12','51 carinside cres','M2J3M9','CANADIAN',1,1,1,1,7,6,1,1,1,1,1,1,1,1,1,1,1,1,1,1,0,'1','this is good house','upload6371162368877969306.jpg','upload4114786446337041385.jpg','upload1622710396692001836.jpg','upload1622710396692001836.jpg','upload6833696533345725229.jpg','upload3291630794785212604.jpg','upload6966631485906039662.jpg',0,0,76,1,76,6,NULL,NULL,NULL,NULL,'2017-01-11','2017-02-22'),
	(77,b'0',b'0',1,'12','51 carinside cres','M2J3M9','CANADIAN',1,1,1,1,3,1,1,1,1,1,1,1,1,1,1,1,1,1,1,1,0,'1','this is good house','upload7704606271973179352.jpg','upload4114786446337041385.jpg','upload1622710396692001836.jpg','upload1622710396692001836.jpg','upload6833696533345725229.jpg','upload3291630794785212604.jpg','upload6966631485906039662.jpg',0,0,77,1,77,7,NULL,NULL,NULL,NULL,'2017-01-11','2017-02-22'),
	(78,b'0',b'0',1,'12','51 carinside cres','M2J3M9','CANADIAN',1,1,1,1,2,3,1,1,1,1,1,1,1,1,1,1,1,1,1,1,0,'1','this is good house','upload9102327266608709912.jpg','upload4114786446337041385.jpg','upload1622710396692001836.jpg','upload1622710396692001836.jpg','upload6833696533345725229.jpg','upload3291630794785212604.jpg','upload6966631485906039662.jpg',0,0,78,1,78,6,NULL,NULL,NULL,NULL,'2017-01-11','2017-02-22'),
	(79,b'0',b'0',1,'12','51 carinside cres','M2J3M9','CANADIAN',1,1,1,1,3,4,1,1,1,1,1,1,1,1,1,1,1,1,1,0,1,'1','this is good house','upload2515537559691726320.jpg','upload4114786446337041385.jpg','upload1622710396692001836.jpg','upload1622710396692001836.jpg','upload6833696533345725229.jpg','upload3291630794785212604.jpg','upload6966631485906039662.jpg',0,0,79,1,79,7,NULL,NULL,NULL,NULL,'2017-01-11','2017-02-22'),
	(80,b'0',b'0',1,'12','51 carinside cres','M2J3M9','CANADIAN',1,1,1,1,4,5,1,1,1,1,1,1,1,1,1,1,1,1,1,0,1,'1','this is good house','upload3343769364587798301.jpg','upload4114786446337041385.jpg','upload1622710396692001836.jpg','upload1622710396692001836.jpg','upload6833696533345725229.jpg','upload3291630794785212604.jpg','upload6966631485906039662.jpg',0,0,80,1,80,8,NULL,NULL,NULL,NULL,'2017-01-11','2017-02-22'),
	(81,b'0',b'0',1,'12','51 carinside cres','M2J3M9','CANADIAN',1,1,1,1,5,6,1,1,1,1,1,1,1,1,1,1,1,1,1,0,1,'1','this is good house','upload5739776916054816739.jpg','upload4114786446337041385.jpg','upload1622710396692001836.jpg','upload1622710396692001836.jpg','upload6833696533345725229.jpg','upload3291630794785212604.jpg','upload6966631485906039662.jpg',0,0,81,1,81,12,NULL,NULL,NULL,NULL,'2017-01-11','2017-02-22'),
	(82,b'0',b'0',1,'12','51 carinside cres','M2J3M9','CANADIAN',1,1,1,1,6,7,1,1,1,1,1,1,1,1,1,1,1,1,1,0,1,'1','this is good house','upload3441212215558086984.jpg','upload4114786446337041385.jpg','upload1622710396692001836.jpg','upload1622710396692001836.jpg','upload6833696533345725229.jpg','upload3291630794785212604.jpg','upload6966631485906039662.jpg',0,0,82,1,82,23,NULL,NULL,NULL,NULL,'2017-01-11','2017-02-22'),
	(83,b'0',b'0',1,'12','51 carinside cres','M2J3M9','CANADIAN',1,1,1,1,2,8,1,1,1,1,1,1,1,1,1,1,1,1,1,0,1,'1','this is good house','upload6788667150567296220.jpg','upload4114786446337041385.jpg','upload1622710396692001836.jpg','upload1622710396692001836.jpg','upload6833696533345725229.jpg','upload3291630794785212604.jpg','upload6966631485906039662.jpg',0,0,83,1,83,24,NULL,NULL,NULL,NULL,'2017-01-11','2017-02-22'),
	(84,b'0',b'0',1,'12','51 carinside cres','M2J3M9','CANADIAN',1,1,1,1,3,9,1,1,1,1,1,1,1,1,1,1,1,1,1,0,1,'1','this is good house','upload2022485175543772259.jpg','upload4114786446337041385.jpg','upload1622710396692001836.jpg','upload1622710396692001836.jpg','upload6833696533345725229.jpg','upload3291630794785212604.jpg','upload6966631485906039662.jpg',0,0,84,1,84,2,NULL,NULL,NULL,NULL,'2017-01-11','2017-02-22'),
	(85,b'0',b'0',1,'12','51 carinside cres','M2J3M9','CANADIAN',1,1,1,1,4,6,1,1,1,1,1,1,1,1,1,1,1,1,1,0,1,'1','this is good house','upload2655649186330638179.jpg','upload4114786446337041385.jpg','upload1622710396692001836.jpg','upload1622710396692001836.jpg','upload6833696533345725229.jpg','upload3291630794785212604.jpg','upload6966631485906039662.jpg',0,0,85,1,85,23,NULL,NULL,NULL,NULL,'2017-01-11','2017-02-22'),
	(86,b'0',b'0',1,'12','51 carinside cres','M2J3M9','CANADIAN',1,1,1,1,5,4,1,1,1,1,1,1,1,1,1,1,1,1,1,0,1,'1','this is good house','upload6371162368877969306.jpg','upload4114786446337041385.jpg','upload1622710396692001836.jpg','upload1622710396692001836.jpg','upload6833696533345725229.jpg','upload3291630794785212604.jpg','upload6966631485906039662.jpg',0,0,86,1,86,42,NULL,NULL,NULL,NULL,'2017-01-11','2017-02-22'),
	(87,b'0',b'0',1,'12','51 carinside cres','M2J3M9','CANADIAN',1,1,1,1,6,2,1,1,1,1,1,1,1,1,1,1,1,1,1,0,1,'1','this is good house','upload7704606271973179352.jpg','upload4114786446337041385.jpg','upload1622710396692001836.jpg','upload1622710396692001836.jpg','upload6833696533345725229.jpg','upload3291630794785212604.jpg','upload6966631485906039662.jpg',0,0,87,1,87,15,NULL,NULL,NULL,NULL,'2017-01-11','2017-02-22'),
	(88,b'0',b'0',1,'12','51 carinside cres','M2J3M9','CANADIAN',1,1,1,1,7,2,1,1,1,1,1,1,1,1,1,1,1,1,1,0,0,'1','this is good house','upload9102327266608709912.jpg','upload4114786446337041385.jpg','upload1622710396692001836.jpg','upload1622710396692001836.jpg','upload6833696533345725229.jpg','upload3291630794785212604.jpg','upload6966631485906039662.jpg',0,0,88,1,88,15,NULL,NULL,NULL,NULL,'2017-01-11','2017-02-22'),
	(89,b'0',b'0',1,'12','51 carinside cres','M2J3M9','CANADIAN',1,1,1,1,1,4,1,1,1,1,1,1,1,1,1,1,1,1,1,0,0,'1','this is good house','upload2515537559691726320.jpg','upload4114786446337041385.jpg','upload1622710396692001836.jpg','upload1622710396692001836.jpg','upload6833696533345725229.jpg','upload3291630794785212604.jpg','upload6966631485906039662.jpg',0,0,89,1,89,45,NULL,NULL,NULL,NULL,'2017-01-11','2017-02-22'),
	(90,b'0',b'0',1,'12','51 carinside cres','M2J3M9','CANADIAN',1,1,1,1,2,5,1,1,1,1,1,1,1,1,1,1,1,1,1,0,0,'1','this is good house','upload3343769364587798301.jpg','upload4114786446337041385.jpg','upload1622710396692001836.jpg','upload1622710396692001836.jpg','upload6833696533345725229.jpg','upload3291630794785212604.jpg','upload6966631485906039662.jpg',0,0,90,1,90,21,NULL,NULL,NULL,NULL,'2017-01-11','2017-02-22'),
	(91,b'0',b'0',1,'12','51 carinside cres','M2J3M9','CANADIAN',1,1,1,1,1,6,1,1,1,1,1,1,1,1,1,1,1,1,1,0,0,'1','this is good house','upload5739776916054816739.jpg','upload4114786446337041385.jpg','upload1622710396692001836.jpg','upload1622710396692001836.jpg','upload6833696533345725229.jpg','upload3291630794785212604.jpg','upload6966631485906039662.jpg',0,0,91,1,91,22,NULL,NULL,NULL,NULL,'2017-01-11','2017-02-22'),
	(92,b'0',b'0',1,'12','51 carinside cres','M2J3M9','CANADIAN',1,1,1,1,2,7,1,1,1,1,1,1,1,1,1,1,1,1,1,0,0,'1','this is good house','upload3441212215558086984.jpg','upload4114786446337041385.jpg','upload1622710396692001836.jpg','upload1622710396692001836.jpg','upload6833696533345725229.jpg','upload3291630794785212604.jpg','upload6966631485906039662.jpg',0,0,92,1,92,33,NULL,NULL,NULL,NULL,'2017-01-11','2017-02-22'),
	(93,b'0',b'0',1,'12','51 carinside cres','M2J3M9','CANADIAN',1,1,1,1,3,8,1,1,1,1,1,1,1,1,1,1,1,1,1,0,0,'1','this is good house','upload6788667150567296220.jpg','upload4114786446337041385.jpg','upload1622710396692001836.jpg','upload1622710396692001836.jpg','upload6833696533345725229.jpg','upload3291630794785212604.jpg','upload6966631485906039662.jpg',0,0,93,1,93,45,NULL,NULL,NULL,NULL,'2017-01-11','2017-02-22'),
	(94,b'0',b'0',1,'12','51 carinside cres','M2J3M9','CANADIAN',1,1,1,1,4,9,1,1,1,1,1,1,1,1,1,1,1,1,1,1,0,'1','this is good house','upload2022485175543772259.jpg','upload4114786446337041385.jpg','upload1622710396692001836.jpg','upload1622710396692001836.jpg','upload6833696533345725229.jpg','upload3291630794785212604.jpg','upload6966631485906039662.jpg',0,0,94,1,94,23,NULL,NULL,NULL,NULL,'2017-01-11','2017-02-22'),
	(95,b'0',b'0',1,'12','51 carinside cres','M2J3M9','CANADIAN',1,1,1,1,5,1,1,1,1,1,1,1,1,1,1,1,1,1,1,1,0,'1','this is good house','upload2655649186330638179.jpg','upload4114786446337041385.jpg','upload1622710396692001836.jpg','upload1622710396692001836.jpg','upload6833696533345725229.jpg','upload3291630794785212604.jpg','upload6966631485906039662.jpg',0,0,95,1,95,7,NULL,NULL,NULL,NULL,'2017-01-11','2017-02-22'),
	(96,b'0',b'0',1,'12','51 carinside cres','M2J3M9','CANADIAN',1,1,1,1,2,2,1,1,1,1,1,1,1,1,1,1,1,1,1,1,0,'1','this is good house','upload6371162368877969306.jpg','upload4114786446337041385.jpg','upload1622710396692001836.jpg','upload1622710396692001836.jpg','upload6833696533345725229.jpg','upload3291630794785212604.jpg','upload6966631485906039662.jpg',0,0,96,1,96,16,NULL,NULL,NULL,NULL,'2017-01-11','2017-02-22'),
	(97,b'0',b'0',1,'12','51 carinside cres','M2J3M9','CANADIAN',1,1,1,1,3,3,1,1,1,1,1,1,1,1,1,1,1,1,1,1,0,'1','this is good house','upload7704606271973179352.jpg','upload4114786446337041385.jpg','upload1622710396692001836.jpg','upload1622710396692001836.jpg','upload6833696533345725229.jpg','upload3291630794785212604.jpg','upload6966631485906039662.jpg',0,0,97,1,97,45,NULL,NULL,NULL,NULL,'2017-01-11','2017-02-22'),
	(98,b'0',b'0',1,'12','51 carinside cres','M2J3M9','CANADIAN',1,1,1,1,4,4,1,1,1,1,1,1,1,1,1,1,1,1,1,1,0,'1','this is good house','upload9102327266608709912.jpg','upload4114786446337041385.jpg','upload1622710396692001836.jpg','upload1622710396692001836.jpg','upload6833696533345725229.jpg','upload3291630794785212604.jpg','upload6966631485906039662.jpg',0,0,98,1,98,3,NULL,NULL,NULL,NULL,'2017-01-11','2017-02-22'),
	(99,b'0',b'0',1,'12','51 carinside cres','M2J3M9','CANADIAN',1,1,1,1,7,5,1,1,1,1,1,1,1,1,1,1,1,1,1,1,0,'1','this is good house','upload2515537559691726320.jpg','upload4114786446337041385.jpg','upload1622710396692001836.jpg','upload1622710396692001836.jpg','upload6833696533345725229.jpg','upload3291630794785212604.jpg','upload6966631485906039662.jpg',0,0,99,1,99,8,NULL,NULL,NULL,NULL,'2017-01-11','2017-02-22'),
	(100,b'0',b'0',1,'12','51 carinside cres','M2J3M9','CANADIAN',1,1,1,1,1,5,1,1,1,1,1,1,1,1,1,1,1,1,1,1,0,'1','this is good house','upload3343769364587798301.jpg','upload4114786446337041385.jpg','upload1622710396692001836.jpg','upload1622710396692001836.jpg','upload6833696533345725229.jpg','upload3291630794785212604.jpg','upload6966631485906039662.jpg',1,0,100,1,100,9,NULL,NULL,NULL,NULL,'2017-01-11','2017-02-22'),
	(101,b'0',b'0',1,'2','2','2',NULL,NULL,NULL,NULL,NULL,NULL,NULL,0,0,0,0,0,1,0,0,0,0,0,0,0,0,0,NULL,NULL,'upload1259571888909434836.jpg',NULL,NULL,'upload5146329060349406789.jpg',NULL,NULL,NULL,NULL,NULL,NULL,1,101,1,NULL,NULL,NULL,NULL,'2017-01-11','2017-02-22'),
	(102,b'0',b'0',1,'1','1','1',NULL,NULL,NULL,NULL,NULL,NULL,NULL,0,1,1,0,1,0,1,1,0,0,1,1,1,0,0,NULL,NULL,'upload5273522570782648348.jpg','upload5782343574334198795.jpg','upload2402322323018289189.jpg','upload1666711510095125394.jpg','upload3676134399705544014.jpg','upload8648258490766172098.jpg','upload4530510615853397684.jpg',NULL,NULL,102,2,101,1,NULL,62,NULL,NULL,'2017-01-11','2017-02-22'),
	(103,b'0',b'0',0,'12','12','12',NULL,1,1,1,1,NULL,NULL,NULL,NULL,NULL,NULL,NULL,NULL,NULL,NULL,NULL,NULL,NULL,NULL,NULL,NULL,NULL,NULL,NULL,'upload737483274789031495.jpg','upload8299400526178833449.jpg','upload1835312664206401048.jpg','upload3459988740910667593.jpg','upload3270426791511118617.jpg','upload8546470455892879728.jpg','upload1663178426917212765.jpg',0,1,NULL,1,101,66,NULL,NULL,NULL,NULL,'2017-03-27','2017-04-21'),
	(104,b'0',b'0',0,'1','51 cairn side crew','121212',NULL,1,NULL,NULL,NULL,NULL,NULL,1,0,0,0,1,1,0,0,0,0,1,0,0,0,1,NULL,NULL,'upload7451677807416324267.jpg','upload3725469664938275055.jpg','upload2462887054951407813.jpg','upload5514379960483828983.jpg','upload3860127017501244941.jpg','upload6585127920371974444.jpg','upload2881905718539648067.jpg',0,0,106,2,102,58,NULL,NULL,NULL,NULL,'2017-01-11','2017-02-22'),
	(105,b'0',b'0',0,'12','asdfasdf','sofa',NULL,1,NULL,NULL,NULL,NULL,NULL,NULL,NULL,NULL,NULL,NULL,NULL,NULL,NULL,NULL,NULL,NULL,NULL,NULL,NULL,NULL,NULL,NULL,NULL,NULL,NULL,NULL,NULL,NULL,NULL,0,0,NULL,1,102,1,NULL,NULL,NULL,NULL,'2017-01-11','2017-02-22'),
	(106,b'0',b'1',0,'12','1sdsdf','sdfsdf',NULL,1,NULL,NULL,NULL,NULL,NULL,NULL,NULL,NULL,NULL,NULL,NULL,NULL,NULL,NULL,NULL,NULL,NULL,NULL,NULL,NULL,NULL,NULL,NULL,NULL,NULL,NULL,NULL,NULL,NULL,0,0,NULL,1,101,1,NULL,NULL,NULL,NULL,'2017-01-11','2017-02-22'),
	(108,b'0',b'0',0,'41','51 cairinside cres lala','m2j3m2','NONE',1,1,1,0,0,0,1,0,1,1,1,1,1,1,1,1,0,1,1,1,1,'0','121212','upload7710297849948316937.jpg','upload2529610143415400135.jpg','upload3710739846065762092.jpg','upload8719338365396709632.jpg','upload4859687594085024218.jpg','upload4195094323887651322.jpg','upload2277872979007027803.jpg',0,7,110,1,103,5,77,1,1,1,'2017-01-11','2017-02-22'),
	(109,b'0',b'0',0,'11','Mono Crescent','l4s','NONE',0,0,0,0,0,0,0,0,0,0,0,0,0,0,0,0,0,0,0,0,0,NULL,NULL,NULL,NULL,NULL,NULL,NULL,NULL,NULL,0,1,NULL,1,2,1,1,1,1,1,NULL,NULL);

/*!40000 ALTER TABLE `mbe_house` ENABLE KEYS */;
UNLOCK TABLES;


# Dump of table mbe_rent
# ------------------------------------------------------------

DROP TABLE IF EXISTS `mbe_rent`;

CREATE TABLE `mbe_rent` (
  `id` bigint(20) NOT NULL AUTO_INCREMENT,
  `phone_number` varchar(255) DEFAULT NULL,
  `is_rent` bit(1) DEFAULT NULL,
  `is_hotel` bit(1) DEFAULT NULL,
  `is_homestay` bit(1) DEFAULT NULL,
  `postcode` varchar(255) DEFAULT NULL,
  `house_owner_image` varchar(255) DEFAULT NULL,
  `deal_number` int(11) DEFAULT NULL,
  `recommend_number` int(11) DEFAULT NULL,
  `user_id` bigint(20) DEFAULT NULL,
  `servic_city_id` bigint(20) DEFAULT NULL,
  PRIMARY KEY (`id`),
  UNIQUE KEY `user_id` (`user_id`),
  KEY `fk_mbe_rent_servic_city_id` (`servic_city_id`),
  CONSTRAINT `fk_mbe_rent_servic_city_id` FOREIGN KEY (`servic_city_id`) REFERENCES `mad_city` (`id`),
  CONSTRAINT `fk_mbe_rent_user_id` FOREIGN KEY (`user_id`) REFERENCES `mbe_user` (`id`)
) ENGINE=InnoDB DEFAULT CHARSET=utf8;

LOCK TABLES `mbe_rent` WRITE;
/*!40000 ALTER TABLE `mbe_rent` DISABLE KEYS */;

INSERT INTO `mbe_rent` (`id`, `phone_number`, `is_rent`, `is_hotel`, `is_homestay`, `postcode`, `house_owner_image`, `deal_number`, `recommend_number`, `user_id`, `servic_city_id`)
VALUES
	(1,'416 839 6666',b'1',b'1',b'1','M2J 3M3','upload4114786446337041385.jpg',0,0,1,1),
	(2,'416 839 6666',b'1',b'1',b'1','M2J 3M3','upload6371162368877969306.jpg',0,0,2,1),
	(3,'416 839 6666',b'1',b'1',b'1','M2J 3M3','upload1622710396692001836.jpg',0,0,3,1),
	(4,'416 839 6666',b'1',b'1',b'1','M2J 3M3','upload6833696533345725229.jpg',0,0,4,1),
	(5,'416 839 6666',b'1',b'1',b'1','M2J 3M3','upload3291630794785212604.jpg',0,0,5,1),
	(6,'416 839 6666',b'1',b'1',b'1','M2J 3M3','upload6966631485906039662.jpg',0,0,6,1),
	(7,'416 839 6666',b'1',b'1',b'1','M2J 3M3','upload3441212215558086984.jpg',0,0,7,1),
	(8,'416 839 6666',b'1',b'1',b'1','M2J 3M3','upload6788667150567296220.jpg',0,0,8,1),
	(9,'416 839 6666',b'1',b'1',b'1','M2J 3M3','upload2022485175543772259.jpg',0,0,9,1),
	(10,'416 839 6666',b'1',b'1',b'1','M2J 3M3','upload2655649186330638179.jpg',0,0,10,1),
	(11,'416 839 6666',b'1',b'1',b'1','M2J 3M3','upload4114786446337041385.jpg',0,0,11,1),
	(12,'416 839 6666',b'1',b'1',b'1','M2J 3M3','upload6371162368877969306.jpg',0,0,12,1),
	(13,'416 839 6666',b'1',b'1',b'1','M2J 3M3','upload1622710396692001836.jpg',0,0,13,1),
	(14,'416 839 6666',b'1',b'1',b'1','M2J 3M3','upload6833696533345725229.jpg',0,0,14,1),
	(15,'416 839 6666',b'1',b'1',b'1','M2J 3M3','upload3291630794785212604.jpg',0,0,15,1),
	(16,'416 839 6666',b'1',b'1',b'1','M2J 3M3','upload6966631485906039662.jpg',0,0,16,1),
	(17,'416 839 6666',b'1',b'1',b'1','M2J 3M3','upload3441212215558086984.jpg',0,0,17,1),
	(18,'416 839 6666',b'1',b'1',b'1','M2J 3M3','upload6788667150567296220.jpg',0,0,18,1),
	(19,'416 839 6666',b'1',b'1',b'1','M2J 3M3','upload2022485175543772259.jpg',0,0,19,1),
	(20,'416 839 6666',b'1',b'1',b'1','M2J 3M3','upload2655649186330638179.jpg',0,0,20,1),
	(21,'416 839 6666',b'1',b'1',b'1','M2J 3M3','upload4114786446337041385.jpg',0,0,21,1),
	(22,'416 839 6666',b'1',b'1',b'1','M2J 3M3','upload6371162368877969306.jpg',0,0,22,1),
	(23,'416 839 6666',b'1',b'1',b'1','M2J 3M3','upload1622710396692001836.jpg',0,0,23,1),
	(24,'416 839 6666',b'1',b'1',b'1','M2J 3M3','upload6833696533345725229.jpg',0,0,24,1),
	(25,'416 839 6666',b'1',b'1',b'1','M2J 3M3','upload3291630794785212604.jpg',0,0,25,1),
	(26,'416 839 6666',b'1',b'1',b'1','M2J 3M3','upload6966631485906039662.jpg',0,0,26,1),
	(27,'416 839 6666',b'1',b'1',b'1','M2J 3M3','upload3441212215558086984.jpg',0,0,27,1),
	(28,'416 839 6666',b'1',b'1',b'1','M2J 3M3','upload6788667150567296220.jpg',0,0,28,1),
	(29,'416 839 6666',b'1',b'1',b'1','M2J 3M3','upload2022485175543772259.jpg',0,0,29,1),
	(30,'416 839 6666',b'1',b'1',b'1','M2J 3M3','upload2655649186330638179.jpg',0,0,30,1),
	(31,'416 839 6666',b'1',b'1',b'1','M2J 3M3','upload4114786446337041385.jpg',0,0,31,1),
	(32,'416 839 6666',b'1',b'1',b'1','M2J 3M3','upload6371162368877969306.jpg',0,0,32,1),
	(33,'416 839 6666',b'1',b'1',b'1','M2J 3M3','upload1622710396692001836.jpg',0,0,33,1),
	(34,'416 839 6666',b'1',b'1',b'1','M2J 3M3','upload6833696533345725229.jpg',0,0,34,1),
	(35,'416 839 6666',b'1',b'1',b'1','M2J 3M3','upload3291630794785212604.jpg',0,0,35,1),
	(36,'416 839 6666',b'1',b'1',b'1','M2J 3M3','upload6966631485906039662.jpg',0,0,36,1),
	(37,'416 839 6666',b'1',b'1',b'1','M2J 3M3','upload3441212215558086984.jpg',0,0,37,1),
	(38,'416 839 6666',b'1',b'1',b'1','M2J 3M3','upload6788667150567296220.jpg',0,0,38,1),
	(39,'416 839 6666',b'1',b'1',b'1','M2J 3M3','upload2022485175543772259.jpg',0,0,39,1),
	(40,'416 839 6666',b'1',b'1',b'1','M2J 3M3','upload2655649186330638179.jpg',0,0,40,1),
	(41,'416 839 6666',b'1',b'1',b'1','M2J 3M3','upload4114786446337041385.jpg',0,0,41,1),
	(42,'416 839 6666',b'1',b'1',b'1','M2J 3M3','upload6371162368877969306.jpg',0,0,42,1),
	(43,'416 839 6666',b'1',b'1',b'1','M2J 3M3','upload1622710396692001836.jpg',0,0,43,1),
	(44,'416 839 6666',b'1',b'1',b'1','M2J 3M3','upload6833696533345725229.jpg',0,0,44,1),
	(45,'416 839 6666',b'1',b'1',b'1','M2J 3M3','upload3291630794785212604.jpg',0,0,45,1),
	(46,'416 839 6666',b'1',b'1',b'1','M2J 3M3','upload6966631485906039662.jpg',0,0,46,1),
	(47,'416 839 6666',b'1',b'1',b'1','M2J 3M3','upload3441212215558086984.jpg',0,0,47,1),
	(48,'416 839 6666',b'1',b'1',b'1','M2J 3M3','upload6788667150567296220.jpg',0,0,48,1),
	(49,'416 839 6666',b'1',b'1',b'1','M2J 3M3','upload2022485175543772259.jpg',0,0,49,1),
	(50,'416 839 6666',b'1',b'1',b'1','M2J 3M3','upload2655649186330638179.jpg',0,0,50,1),
	(51,'416 839 6666',b'1',b'1',b'1','M2J 3M3','upload4114786446337041385.jpg',0,0,51,1),
	(52,'416 839 6666',b'1',b'1',b'1','M2J 3M3','upload6371162368877969306.jpg',0,0,52,1),
	(53,'416 839 6666',b'1',b'1',b'1','M2J 3M3','upload1622710396692001836.jpg',0,0,53,1),
	(54,'416 839 6666',b'1',b'1',b'1','M2J 3M3','upload6833696533345725229.jpg',0,0,54,1),
	(55,'416 839 6666',b'1',b'1',b'1','M2J 3M3','upload3291630794785212604.jpg',0,0,55,1),
	(56,'416 839 6666',b'1',b'1',b'1','M2J 3M3','upload6966631485906039662.jpg',0,0,56,1),
	(57,'416 839 6666',b'1',b'1',b'1','M2J 3M3','upload3441212215558086984.jpg',0,0,57,1),
	(58,'416 839 6666',b'1',b'1',b'1','M2J 3M3','upload6788667150567296220.jpg',0,0,58,1),
	(59,'416 839 6666',b'1',b'1',b'1','M2J 3M3','upload2022485175543772259.jpg',0,0,59,1),
	(60,'416 839 6666',b'1',b'1',b'1','M2J 3M3','upload2655649186330638179.jpg',0,0,60,1),
	(61,'416 839 6666',b'1',b'1',b'1','M2J 3M3','upload4114786446337041385.jpg',0,0,61,1),
	(62,'416 839 6666',b'1',b'1',b'1','M2J 3M3','upload6371162368877969306.jpg',0,0,62,1),
	(63,'416 839 6666',b'1',b'1',b'1','M2J 3M3','upload1622710396692001836.jpg',0,0,63,1),
	(64,'416 839 6666',b'1',b'1',b'1','M2J 3M3','upload6833696533345725229.jpg',0,0,64,1),
	(65,'416 839 6666',b'1',b'1',b'1','M2J 3M3','upload3291630794785212604.jpg',0,0,65,1),
	(66,'416 839 6666',b'1',b'1',b'1','M2J 3M3','upload6966631485906039662.jpg',0,0,66,1),
	(67,'416 839 6666',b'1',b'1',b'1','M2J 3M3','upload3441212215558086984.jpg',0,0,67,1),
	(68,'416 839 6666',b'1',b'1',b'1','M2J 3M3','upload6788667150567296220.jpg',0,0,68,1),
	(69,'416 839 6666',b'1',b'1',b'1','M2J 3M3','upload2022485175543772259.jpg',0,0,69,1),
	(70,'416 839 6666',b'1',b'1',b'1','M2J 3M3','upload2655649186330638179.jpg',0,0,70,1),
	(71,'416 839 6666',b'1',b'1',b'1','M2J 3M3','upload4114786446337041385.jpg',0,0,71,1),
	(72,'416 839 6666',b'1',b'1',b'1','M2J 3M3','upload6371162368877969306.jpg',0,0,72,1),
	(73,'416 839 6666',b'1',b'1',b'1','M2J 3M3','upload1622710396692001836.jpg',0,0,73,1),
	(74,'416 839 6666',b'1',b'1',b'1','M2J 3M3','upload6833696533345725229.jpg',0,0,74,1),
	(75,'416 839 6666',b'1',b'1',b'1','M2J 3M3','upload3291630794785212604.jpg',0,0,75,1),
	(76,'416 839 6666',b'1',b'1',b'1','M2J 3M3','upload6966631485906039662.jpg',0,0,76,1),
	(77,'416 839 6666',b'1',b'1',b'1','M2J 3M3','upload3441212215558086984.jpg',0,0,77,1),
	(78,'416 839 6666',b'1',b'1',b'1','M2J 3M3','upload6788667150567296220.jpg',0,0,78,1),
	(79,'416 839 6666',b'1',b'1',b'1','M2J 3M3','upload2022485175543772259.jpg',0,0,79,1),
	(80,'416 839 6666',b'1',b'1',b'1','M2J 3M3','upload2655649186330638179.jpg',0,0,80,1),
	(81,'416 839 6666',b'1',b'1',b'1','M2J 3M3','upload4114786446337041385.jpg',0,0,81,1),
	(82,'416 839 6666',b'1',b'1',b'1','M2J 3M3','upload6371162368877969306.jpg',0,0,82,1),
	(83,'416 839 6666',b'1',b'1',b'1','M2J 3M3','upload1622710396692001836.jpg',0,0,83,1),
	(84,'416 839 6666',b'1',b'1',b'1','M2J 3M3','upload6833696533345725229.jpg',0,0,84,1),
	(85,'416 839 6666',b'1',b'1',b'1','M2J 3M3','upload3291630794785212604.jpg',0,0,85,1),
	(86,'416 839 6666',b'1',b'1',b'1','M2J 3M3','upload6966631485906039662.jpg',0,0,86,1),
	(87,'416 839 6666',b'1',b'1',b'1','M2J 3M3','upload3441212215558086984.jpg',0,0,87,1),
	(88,'416 839 6666',b'1',b'1',b'1','M2J 3M3','upload6788667150567296220.jpg',0,0,88,1),
	(89,'416 839 6666',b'1',b'1',b'1','M2J 3M3','upload2022485175543772259.jpg',0,0,89,1),
	(90,'416 839 6666',b'1',b'1',b'1','M2J 3M3','upload2655649186330638179.jpg',0,0,90,1),
	(91,'416 839 6666',b'1',b'1',b'1','M2J 3M3','upload4114786446337041385.jpg',0,0,91,1),
	(92,'416 839 6666',b'1',b'1',b'1','M2J 3M3','upload6371162368877969306.jpg',0,0,92,1),
	(93,'416 839 6666',b'1',b'1',b'1','M2J 3M3','upload1622710396692001836.jpg',0,0,93,1),
	(94,'416 839 6666',b'1',b'1',b'1','M2J 3M3','upload6833696533345725229.jpg',0,0,94,1),
	(95,'416 839 6666',b'1',b'1',b'1','M2J 3M3','upload3291630794785212604.jpg',0,0,95,1),
	(96,'416 839 6666',b'1',b'1',b'1','M2J 3M3','upload6966631485906039662.jpg',0,0,96,1),
	(97,'416 839 6666',b'1',b'1',b'1','M2J 3M3','upload3441212215558086984.jpg',0,0,97,1),
	(98,'416 839 6666',b'1',b'1',b'1','M2J 3M3','upload6788667150567296220.jpg',0,0,98,1),
	(99,'416 839 6666',b'1',b'1',b'1','M2J 3M3','upload2022485175543772259.jpg',0,0,99,1),
	(100,'416 839 6666',b'1',b'1',b'1','M2J 3M3','upload2655649186330638179.jpg',0,0,100,1),
	(101,'416 839 6666',b'1',b'1',b'1','M2J 3M3','upload1716512235408931512.jpg',NULL,NULL,101,3),
	(102,'121212',b'0',b'0',b'0','1212','upload584417953079978910.jpg',0,0,119,1),
	(103,'1212',b'0',b'0',b'0','112','upload7971504161018460299.jpg',0,0,138,1),
	(104,'',b'0',b'0',b'0','','',0,0,140,1);

/*!40000 ALTER TABLE `mbe_rent` ENABLE KEYS */;
UNLOCK TABLES;


# Dump of table mbe_room
# ------------------------------------------------------------

DROP TABLE IF EXISTS `mbe_room`;

CREATE TABLE `mbe_room` (
  `id` bigint(20) NOT NULL AUTO_INCREMENT,
  `is_homestay` bit(1) DEFAULT NULL,
  `is_hotel` bit(1) DEFAULT NULL,
  `is_rent` bit(1) DEFAULT NULL,
  `is_bathroom` bit(1) DEFAULT NULL,
  `is_available` bit(1) DEFAULT NULL,
  `house_floor` varchar(255) DEFAULT NULL,
  `bed_size` varchar(255) DEFAULT NULL,
  `price_rent` double DEFAULT NULL,
  `price_rent_meal` double DEFAULT NULL,
  `move_in_date` date DEFAULT NULL,
  `move_out_date` date DEFAULT NULL,
  `bed_room_image` varchar(255) DEFAULT NULL,
  `bathroom_image` varchar(255) DEFAULT NULL,
  `house_id` bigint(20) DEFAULT NULL,
  PRIMARY KEY (`id`),
  KEY `fk_mbe_room_house_id` (`house_id`),
  CONSTRAINT `fk_mbe_room_house_id` FOREIGN KEY (`house_id`) REFERENCES `mbe_house` (`id`)
) ENGINE=InnoDB DEFAULT CHARSET=utf8;

LOCK TABLES `mbe_room` WRITE;
/*!40000 ALTER TABLE `mbe_room` DISABLE KEYS */;

INSERT INTO `mbe_room` (`id`, `is_homestay`, `is_hotel`, `is_rent`, `is_bathroom`, `is_available`, `house_floor`, `bed_size`, `price_rent`, `price_rent_meal`, `move_in_date`, `move_out_date`, `bed_room_image`, `bathroom_image`, `house_id`)
VALUES
	(1,b'1',b'1',b'1',b'1',b'1','FIRST_FLOOR','SINGLE',500,200,'2016-09-20','2017-02-02','upload5739776916054816739.jpg','upload2022485175543772259.jpg',1),
	(2,b'1',b'1',b'1',b'0',b'1','FIRST_FLOOR','SINGLE',500,200,'2016-09-20','2017-02-02','upload27555420965245515.jpg','upload2655649186330638179.jpg',1),
	(3,b'1',b'1',b'1',b'0',b'1','SECOND_FLOOR','DOUBLE',1500,200,'2016-09-20','2017-02-02','upload494918198889227256.jpg','upload6371162368877969306.jpg',1),
	(4,b'1',b'1',b'1',b'1',b'0','THIRD_FLOOR','SINGLE',700,200,'2016-09-20','2017-02-02','upload4114786446337041385.jpg','upload7704606271973179352.jpg',1),
	(5,b'1',b'1',b'1',b'0',b'0','FOURTH_FLOOR','SINGLE',900,200,'2016-09-20','2017-02-02','upload1622710396692001836.jpg','upload9102327266608709912.jpg',1),
	(6,b'1',b'1',b'1',b'1',b'1','FIRST_FLOOR','SINGLE',500,200,'2016-09-20','2017-02-02','upload6833696533345725229.jpg','upload2515537559691726320.jpg',2),
	(7,b'1',b'1',b'1',b'1',b'1','FIRST_FLOOR','SINGLE',800,200,'2016-09-20','2017-02-02','upload3291630794785212604.jpg','upload3343769364587798301.jpg',2),
	(8,b'1',b'1',b'1',b'1',b'0','FIRST_FLOOR','SINGLE',500,200,'2016-09-20','2017-02-02','upload6966631485906039662.jpg','upload5358927215822276271.jpg',2),
	(9,b'1',b'1',b'1',b'1',b'0','FIRST_FLOOR','SINGLE',900,200,'2016-09-20','2017-02-02','upload3441212215558086984.jpg','upload2701393744860253944.jpg',2),
	(10,b'1',b'1',b'1',b'1',b'0','FIRST_FLOOR','SINGLE',500,200,'2016-09-20','2017-02-02','upload6788667150567296220.jpg','upload1521577864166076031.jpg',2),
	(11,b'1',NULL,NULL,NULL,b'1','FIRST_FLOOR','DOUBLE',12,12,NULL,NULL,NULL,NULL,101),
	(12,NULL,NULL,NULL,NULL,b'1','BASEMENT','SINGLE',12,12,NULL,NULL,NULL,NULL,101),
	(13,NULL,NULL,NULL,NULL,b'1','BASEMENT','DOUBLE',12,12,NULL,NULL,NULL,NULL,101),
	(14,b'1',b'1',b'1',b'1',b'1',NULL,NULL,NULL,NULL,NULL,NULL,NULL,NULL,NULL),
	(15,b'1',b'1',b'1',b'1',b'1','NONE','NONE',12,12,NULL,NULL,NULL,NULL,NULL),
	(16,NULL,NULL,NULL,NULL,b'1','BASEMENT','SINGLE',12,12,NULL,NULL,NULL,NULL,101),
	(17,b'1',b'1',b'0',b'1',NULL,NULL,NULL,NULL,NULL,NULL,NULL,NULL,NULL,NULL),
	(18,b'1',b'1',NULL,b'0',b'1','BASEMENT','SINGLE',12,12,NULL,NULL,NULL,NULL,101),
	(19,b'1',b'1',NULL,b'1',b'1','BASEMENT','KING',12,12,NULL,NULL,NULL,NULL,101),
	(20,b'1',b'1',NULL,b'0',b'1','FIRST_FLOOR','DOUBLE',33,33,NULL,NULL,NULL,NULL,101),
	(21,b'1',b'1',b'1',b'1',b'1','FIRST_FLOOR','SINGLE',45,45,'2016-11-11','2016-11-11',NULL,NULL,101),
	(22,b'1',b'1',b'1',b'1',b'1','FOURTH_FLOOR','KING',345,534,'2016-10-01','2017-10-01',NULL,NULL,101),
	(23,b'1',b'1',b'1',b'0',b'1','THIRD_FLOOR','QUEEN',345,765,'2016-08-10','2017-08-10',NULL,NULL,101),
	(24,b'1',b'1',b'1',b'1',b'1','BASEMENT','DOUBLE',311,533,'2016-10-02','2017-01-05','upload5076628924348249107.jpg','upload7608876884605660237.jpg',102),
	(26,b'1',b'1',b'1',b'1',b'0','SECOND_FLOOR','SINGLE',123,123,'2016-09-26','2016-11-03','upload8299794420505235748.jpg','upload3276177328840318324.jpg',102),
	(27,b'1',b'1',b'1',b'1',b'1','BASEMENT','SINGLE',123,123,'2016-10-27','2016-10-31','upload180144874065549302.jpg','upload1685864721077746353.jpg',102),
	(29,b'1',b'1',b'1',b'1',b'1','BASEMENT','DOUBLE',1231,123123,'2016-11-23','2016-11-13','upload6439111696437026578.jpg','upload1616356371217743634.jpg',104),
	(30,b'1',b'0',b'1',b'0',b'1','BASEMENT','TWIN',121,121,'2016-11-28','2016-11-24','upload8830810480070604228.jpg',NULL,104),
	(31,b'0',b'1',b'0',b'0',b'0','NONE','NONE',666,666,'2016-08-01','2016-08-02','upload703495839990385554.jpg',NULL,102),
	(32,b'1',b'1',b'0',b'1',b'1','FOURTH_FLOOR','KING',123,222,'2017-01-31','2017-03-01','upload3457175837391535553.jpg','upload4561959713448775968.jpg',108),
	(33,b'1',b'1',b'0',b'0',b'1','BASEMENT','DOUBLE',123,123,'2017-01-16','2017-01-31','upload8500049496997845471.jpg',NULL,108),
	(34,b'1',b'1',b'1',b'1',b'1','BASEMENT','SINGLE',11,11,'2017-03-27','2017-04-21','upload1468142516003903282.jpg','upload5503985984833129923.jpg',103);

/*!40000 ALTER TABLE `mbe_room` ENABLE KEYS */;
UNLOCK TABLES;


# Dump of table mbe_sale
# ------------------------------------------------------------

DROP TABLE IF EXISTS `mbe_sale`;

CREATE TABLE `mbe_sale` (
  `id` bigint(20) NOT NULL AUTO_INCREMENT,
  `phone_number` varchar(255) DEFAULT NULL,
  `service_description` varchar(255) DEFAULT NULL,
  `user_id` bigint(20) DEFAULT NULL,
  `hometown_city_id` bigint(20) DEFAULT NULL,
  PRIMARY KEY (`id`),
  UNIQUE KEY `user_id` (`user_id`),
  KEY `fk_mbe_sale_hometown_city_id` (`hometown_city_id`),
  CONSTRAINT `fk_mbe_sale_hometown_city_id` FOREIGN KEY (`hometown_city_id`) REFERENCES `mad_city` (`id`),
  CONSTRAINT `fk_mbe_sale_user_id` FOREIGN KEY (`user_id`) REFERENCES `mbe_user` (`id`)
) ENGINE=InnoDB DEFAULT CHARSET=utf8;

LOCK TABLES `mbe_sale` WRITE;
/*!40000 ALTER TABLE `mbe_sale` DISABLE KEYS */;

INSERT INTO `mbe_sale` (`id`, `phone_number`, `service_description`, `user_id`, `hometown_city_id`)
VALUES
	(1,'12123123','1212313',101,3),
	(2,'121','1212',119,1),
	(3,'1981212','',138,2),
	(4,'12345','',2,1);

/*!40000 ALTER TABLE `mbe_sale` ENABLE KEYS */;
UNLOCK TABLES;


# Dump of table mbe_school
# ------------------------------------------------------------

DROP TABLE IF EXISTS `mbe_school`;

CREATE TABLE `mbe_school` (
  `id` bigint(20) NOT NULL AUTO_INCREMENT,
  `updated_date` timestamp NULL DEFAULT NULL,
  `verified` bit(1) DEFAULT NULL,
  `school_name` varchar(255) DEFAULT NULL,
  `school_name_ch` varchar(255) DEFAULT NULL,
  `grade` varchar(255) DEFAULT NULL,
  `school_ranking` int(11) DEFAULT NULL,
  `unit` varchar(255) DEFAULT NULL,
  `street` varchar(255) DEFAULT NULL,
  `postcode` varchar(255) DEFAULT NULL,
  `city_id` bigint(20) DEFAULT NULL,
  PRIMARY KEY (`id`),
  KEY `fk_mbe_school_city_id` (`city_id`),
  CONSTRAINT `fk_mbe_school_city_id` FOREIGN KEY (`city_id`) REFERENCES `mad_city` (`id`)
) ENGINE=InnoDB DEFAULT CHARSET=utf8;

LOCK TABLES `mbe_school` WRITE;
/*!40000 ALTER TABLE `mbe_school` DISABLE KEYS */;

INSERT INTO `mbe_school` (`id`, `updated_date`, `verified`, `school_name`, `school_name_ch`, `grade`, `school_ranking`, `unit`, `street`, `postcode`, `city_id`)
VALUES
	(1,'2016-09-22 17:10:16',b'1','university of Toronto','','1',1,'23','college st','M2J3Y3',1),
	(2,'2016-09-22 17:10:16',b'1','Brescia University','1','1',2,'23','college st','M2J3Y3',2),
	(3,'2016-09-22 17:10:16',b'1','Algoma University','2','1',3,'23','college st','M2J3Y3',1),
	(4,'2016-09-22 17:10:16',b'1','Brock University','3','1',4,'23','college st','M2J3Y3',2),
	(5,'2016-09-22 17:10:16',b'1','Carleton University','4','1',5,'23','college st','M2J3Y3',1),
	(6,'2016-09-22 17:10:16',b'1','Dominican University','5','1',6,'23','college st','M2J3Y3',2),
	(7,'2016-09-22 17:10:16',b'1','Huron University','6','1',7,'23','college st','M2J3Y3',1),
	(8,'2016-09-22 17:10:16',b'1','Kings University','7','1',8,'23','college st','M2J3Y3',2),
	(9,'2016-09-22 17:10:16',b'1','Lakehead University','8','1',9,'23','college st','M2J3Y3',1),
	(10,'2016-09-22 17:10:16',b'1','Laurentian University','9','1',10,'23','college st','M2J3Y3',2),
	(11,'2016-09-22 17:10:16',b'1','university of Toronto2','','1',1,'23','college st','M2J3Y3',1),
	(12,'2016-09-22 17:10:16',b'1','Brescia University2','1','1',2,'23','college st','M2J3Y3',2),
	(13,'2016-09-22 17:10:16',b'1','Algoma University2','2','1',3,'23','college st','M2J3Y3',1),
	(14,'2016-09-22 17:10:16',b'1','Brock University2','3','1',4,'23','college st','M2J3Y3',2),
	(15,'2016-09-22 17:10:16',b'1','Carleton University2','4','1',5,'23','college st','M2J3Y3',1),
	(16,'2016-09-22 17:10:16',b'1','Dominican University2','5','1',6,'23','college st','M2J3Y3',2),
	(17,'2016-09-22 17:10:16',b'1','Huron University2','6','1',7,'23','college st','M2J3Y3',1),
	(18,'2016-09-22 17:10:16',b'1','Kings University2','7','1',8,'23','college st','M2J3Y3',2),
	(19,'2016-09-22 17:10:16',b'1','Lakehead University2','8','1',9,'23','college st','M2J3Y3',1),
	(20,'2016-09-22 17:10:16',b'1','Laurentian University2','9','1',10,'23','college st','M2J3Y3',2),
	(21,'2016-09-22 17:10:16',b'1','university of Toronto3','','1',1,'23','college st','M2J3Y3',1),
	(22,'2016-09-22 17:10:16',b'1','Brescia University3','1','1',2,'23','college st','M2J3Y3',2),
	(23,'2016-09-22 17:10:16',b'1','Algoma University3','2','1',3,'23','college st','M2J3Y3',1),
	(24,'2016-09-22 17:10:16',b'1','Brock University3','3','1',4,'23','college st','M2J3Y3',2),
	(25,'2016-09-22 17:10:16',b'1','Carleton University3','4','1',5,'23','college st','M2J3Y3',1),
	(26,'2016-09-22 17:10:16',b'1','Dominican University3','5','1',6,'23','college st','M2J3Y3',2),
	(27,'2016-09-22 17:10:16',b'1','Huron University3','6','1',7,'23','college st','M2J3Y3',1),
	(28,'2016-09-22 17:10:16',b'1','Kings University3','7','1',8,'23','college st','M2J3Y3',2),
	(29,'2016-09-22 17:10:16',b'1','Lakehead University3','8','1',9,'23','college st','M2J3Y3',1),
	(30,'2016-09-22 17:10:16',b'1','Laurentian University3','9','1',10,'23','college st','M2J3Y3',2),
	(31,'2016-09-22 17:10:16',b'1','university of Toronto4','','1',1,'23','college st','M2J3Y3',1),
	(32,'2016-09-22 17:10:16',b'1','Brescia University4','1','1',2,'23','college st','M2J3Y3',2),
	(33,'2016-09-22 17:10:16',b'1','Algoma University4','2','1',3,'23','college st','M2J3Y3',1),
	(34,'2016-09-22 17:10:16',b'1','Brock University4','3','1',4,'23','college st','M2J3Y3',2),
	(35,'2016-09-22 17:10:16',b'1','Carleton University4','4','1',5,'23','college st','M2J3Y3',1),
	(36,'2016-09-22 17:10:16',b'1','Dominican University4','5','1',6,'23','college st','M2J3Y3',2),
	(37,'2016-09-22 17:10:16',b'1','Huron University4','6','1',7,'23','college st','M2J3Y3',1),
	(38,'2016-09-22 17:10:16',b'1','Kings University4','7','1',8,'23','college st','M2J3Y3',2),
	(39,'2016-09-22 17:10:16',b'1','Lakehead University4','8','1',9,'23','college st','M2J3Y3',1),
	(40,'2016-09-22 17:10:16',b'1','Laurentian University4','9','1',10,'23','college st','M2J3Y3',2),
	(41,'2016-09-22 17:10:16',b'1','university of Toronto5','','1',1,'23','college st','M2J3Y3',1),
	(42,'2016-09-22 17:10:16',b'1','Brescia University5','1','1',2,'23','college st','M2J3Y3',2),
	(43,'2016-09-22 17:10:16',b'1','Algoma University5','2','1',3,'23','college st','M2J3Y3',1),
	(44,'2016-09-22 17:10:16',b'1','Brock University5','3','1',4,'23','college st','M2J3Y3',2),
	(45,'2016-09-22 17:10:16',b'1','Carleton University5','4','1',5,'23','college st','M2J3Y3',1),
	(46,'2016-09-22 17:10:16',b'1','Dominican University5','5','1',6,'23','college st','M2J3Y3',2),
	(47,'2016-09-22 17:10:16',b'1','Huron University5','6','1',7,'23','college st','M2J3Y3',1),
	(48,'2016-09-22 17:10:16',b'1','Kings University5','7','1',8,'23','college st','M2J3Y3',2),
	(49,'2016-09-22 17:10:16',b'1','Lakehead University5','8','1',9,'23','college st','M2J3Y3',1),
	(50,'2016-09-22 17:10:16',b'1','Laurentian University5','9','1',10,'23','college st','M2J3Y3',2),
	(51,NULL,b'0','lambton','','1',1,'1','121','121',1),
	(52,NULL,b'0','toronto','','11',1,'12','college','1212',3),
	(53,'2016-10-30 12:27:51',b'0','waterloo','huatielu','1',1,'1','1212121212','1212',1),
	(54,'2016-10-30 12:28:18',b'0','toron','diode','1',1,'1','1','1',2),
	(55,'2016-10-30 12:28:46',b'0',NULL,'','1',1,'1','1','1',3),
	(56,'2016-11-03 22:35:42',b'0','123','123','123',123,'123','123','123',2),
	(57,'2016-11-03 23:24:21',b'0','12','12','12',12,'12','12',NULL,1),
	(58,'2016-11-04 15:34:37',b'0','lambton college','lambton college','1',1,'1','daf sdfasdfas','121212',1),
	(59,'2016-11-04 15:39:37',b'0','toronto university','toronto university','1',1,'1','112','12',1),
	(60,'2016-11-04 15:39:57',b'0','waterloo university','waterloo university','12',12,'12','12','12',1),
	(61,'2016-11-04 15:40:17',b'0','brock university','brock university','1',1,'1','1','1',1),
	(62,'2016-11-05 21:03:31',b'0','','','1',1,'1','1','1',1),
	(63,'2016-11-05 23:25:01',b'0','','','1',1,'1','ca','a',1),
	(64,'2016-11-06 00:10:45',b'0','','','11',11,'11','11','11',1),
	(65,'2016-12-09 14:31:03',b'0','luyao','luyao','0',2,'1','luyao','luyao',1),
	(66,'2017-01-24 21:37:09',b'0','waterloo','','0',1,NULL,'12 king st','12',1),
	(75,'2017-01-25 14:33:33',b'0','1','1','0',1,'1','1','1',1),
	(76,'2017-01-25 14:51:21',b'0','1','1','0',1,'1','1','1',1),
	(77,'2017-01-25 15:01:48',b'0','1','1','0',1,'1','1','1',1),
	(78,'2017-04-10 14:50:53',b'0','1','1','0',1,'1','1','1',1),
	(79,'2017-04-10 14:51:18',b'0','1','1','0',1,'1','1','1',1),
	(80,'2017-04-10 16:10:01',b'0','ww','ww','0',21,'11','Momo','l4s',1);

/*!40000 ALTER TABLE `mbe_school` ENABLE KEYS */;
UNLOCK TABLES;


# Dump of table mbe_student
# ------------------------------------------------------------

DROP TABLE IF EXISTS `mbe_student`;

CREATE TABLE `mbe_student` (
  `id` bigint(20) NOT NULL AUTO_INCREMENT,
  `effective_start_date` date DEFAULT NULL,
  `effective_end_date` date DEFAULT NULL,
  `study_apply_search` int(11) DEFAULT NULL,
  `study_start_date` date DEFAULT NULL,
  `transfer_apply_search` int(11) DEFAULT NULL,
  `transfer_start_date` date DEFAULT NULL,
  `guardian_search` int(11) DEFAULT NULL,
  `guardian_start_date` date DEFAULT NULL,
  `rent_search` int(11) DEFAULT NULL,
  `rent_start_date` date DEFAULT NULL,
  `homestay_search` int(11) DEFAULT NULL,
  `homestay_start_date` date DEFAULT NULL,
  `hotel_search` int(11) DEFAULT NULL,
  `hotel_start_date` date DEFAULT NULL,
  `training_search` int(11) DEFAULT NULL,
  `training_start_date` date DEFAULT NULL,
  `service_description` varchar(255) DEFAULT NULL,
  `main_image` varchar(255) DEFAULT NULL,
  `deal_number` int(11) DEFAULT NULL,
  `recommend_number` int(11) DEFAULT NULL,
  `user_id` bigint(20) DEFAULT NULL,
  `hometown_city_id` bigint(20) DEFAULT NULL,
  `hometown_country_id` bigint(20) DEFAULT NULL,
  `study_city_id` bigint(20) DEFAULT NULL,
  `study_school_id` bigint(20) DEFAULT NULL,
  `phone_number` varchar(255) DEFAULT NULL,
  `school1_id` bigint(20) DEFAULT NULL,
  `school2_id` bigint(20) DEFAULT NULL,
  `school3_id` bigint(20) DEFAULT NULL,
  `school4_id` bigint(20) DEFAULT NULL,
  `school5_id` bigint(20) DEFAULT NULL,
  PRIMARY KEY (`id`),
  UNIQUE KEY `user_id` (`user_id`),
  KEY `fk_mbe_student_hometown_city_id` (`hometown_city_id`),
  KEY `fk_mbe_student_study_city_id` (`study_city_id`),
  KEY `fk_mbe_student_study_school_id` (`study_school_id`),
  KEY `fk_mbe_student_school3_id` (`school3_id`),
  KEY `fk_mbe_student_school4_id` (`school4_id`),
  KEY `fk_mbe_student_school5_id` (`school5_id`),
  KEY `fk_mbe_student_school1_id` (`school1_id`),
  KEY `fk_mbe_student_school2_id` (`school2_id`),
  KEY `fk_mbe_student_hometown_country_id` (`hometown_country_id`) KEY_BLOCK_SIZE=8,
  CONSTRAINT `fk_mbe_student_hometown_city_id` FOREIGN KEY (`hometown_city_id`) REFERENCES `mad_city` (`id`),
  CONSTRAINT `fk_mbe_student_study_city_id` FOREIGN KEY (`study_city_id`) REFERENCES `mad_city` (`id`),
  CONSTRAINT `fk_mbe_student_study_school_id` FOREIGN KEY (`study_school_id`) REFERENCES `mbe_school` (`id`),
  CONSTRAINT `fk_mbe_student_user_id` FOREIGN KEY (`user_id`) REFERENCES `mbe_user` (`id`)
) ENGINE=InnoDB DEFAULT CHARSET=utf8;

LOCK TABLES `mbe_student` WRITE;
/*!40000 ALTER TABLE `mbe_student` DISABLE KEYS */;

INSERT INTO `mbe_student` (`id`, `effective_start_date`, `effective_end_date`, `study_apply_search`, `study_start_date`, `transfer_apply_search`, `transfer_start_date`, `guardian_search`, `guardian_start_date`, `rent_search`, `rent_start_date`, `homestay_search`, `homestay_start_date`, `hotel_search`, `hotel_start_date`, `training_search`, `training_start_date`, `service_description`, `main_image`, `deal_number`, `recommend_number`, `user_id`, `hometown_city_id`, `hometown_country_id`, `study_city_id`, `study_school_id`, `phone_number`, `school1_id`, `school2_id`, `school3_id`, `school4_id`, `school5_id`)
VALUES
	(1,'2016-09-15','2016-10-08',0,'2016-09-16',NULL,NULL,1,'2016-09-23',1,'2016-09-30',1,'2016-10-01',1,'2016-10-01',1,NULL,'i want all the service','upload5739776916054816739.jpg',12,23,1,1,NULL,1,1,'416 5558888',1,1,1,1,1),
	(2,'2017-04-11','2017-04-18',1,'2016-09-16',0,NULL,0,'2016-09-23',1,'2016-09-30',1,'2016-10-01',1,'2016-10-01',1,NULL,'i want all the service','upload27555420965245515.jpg',0,0,2,1,1,1,NULL,'416 5558888',1,1,1,1,1),
	(3,'2016-09-16','2016-10-18',1,'2016-09-16',NULL,NULL,1,'2016-09-23',1,'2016-09-30',1,'2016-10-01',1,'2016-10-01',1,NULL,'i want all the service','upload494918198889227256.jpg',0,0,3,1,NULL,1,1,NULL,1,1,1,1,1),
	(4,'2016-09-16','2016-10-08',1,'2016-09-16',NULL,NULL,1,'2016-09-23',1,'2016-09-30',1,'2016-10-01',1,'2016-10-01',1,NULL,'i want all the service','upload4114786446337041385.jpg',0,0,4,1,NULL,1,1,NULL,1,1,1,1,1),
	(5,'2016-09-16','2016-10-18',1,'2016-09-16',NULL,NULL,1,'2016-09-23',1,'2016-09-30',1,'2016-10-01',1,'2016-10-01',1,NULL,'i want all the service','upload1622710396692001836.jpg',0,0,5,1,NULL,1,1,NULL,1,1,1,1,1),
	(6,'2016-09-16','2016-10-08',1,'2016-09-16',NULL,NULL,1,'2016-09-23',1,'2016-09-30',1,'2016-10-01',1,'2016-10-01',1,NULL,'i want all the service','upload6833696533345725229.jpg',0,0,6,1,NULL,1,1,NULL,1,1,1,1,1),
	(7,'2016-09-16','2016-10-08',1,'2016-09-16',NULL,NULL,1,'2016-09-23',1,'2016-09-30',1,'2016-10-01',1,'2016-10-01',1,NULL,'i want all the service','upload3291630794785212604.jpg',0,0,7,1,NULL,1,1,NULL,1,1,1,1,1),
	(8,'2016-09-16','2016-10-08',1,'2016-09-16',NULL,NULL,1,'2016-09-23',1,'2016-09-30',1,'2016-10-01',1,'2016-10-01',1,NULL,'i want all the service','upload6966631485906039662.jpg',0,0,8,1,NULL,1,1,NULL,1,1,1,1,1),
	(9,'2016-09-16','2016-10-08',1,'2016-09-16',NULL,NULL,1,'2016-09-23',1,'2016-09-30',1,'2016-10-01',1,'2016-10-01',1,NULL,'i want all the service','upload3441212215558086984.jpg',0,0,9,1,NULL,1,1,NULL,1,1,1,1,1),
	(10,'2016-09-16','2016-10-08',1,'2016-09-16',0,NULL,1,'2016-09-23',1,'2016-09-30',1,'2016-10-01',1,'2016-10-01',1,NULL,'i want all the service','upload6788667150567296220.jpg',0,0,10,1,1,1,1,NULL,1,1,1,1,1),
	(11,'2016-09-16','2016-10-08',1,'2016-09-16',NULL,NULL,1,'2016-09-23',1,'2016-09-30',1,'2016-10-01',1,'2016-10-01',1,NULL,'i want all the service','upload5739776916054816739.jpg',0,0,11,1,NULL,1,1,NULL,1,1,1,1,1),
	(12,'2016-09-16','2016-10-08',1,'2016-09-16',NULL,NULL,1,'2016-09-23',1,'2016-09-30',1,'2016-10-01',1,'2016-10-01',1,NULL,'i want all the service','upload27555420965245515.jpg',0,0,12,1,NULL,1,1,NULL,1,1,1,1,1),
	(13,'2016-09-16','2016-10-08',1,'2016-09-16',NULL,NULL,1,'2016-09-23',1,'2016-09-30',1,'2016-10-01',1,'2016-10-01',1,NULL,'i want all the service','upload494918198889227256.jpg',0,0,13,1,NULL,1,1,NULL,1,1,1,1,1),
	(14,'2016-09-16','2016-10-08',1,'2016-09-16',NULL,NULL,1,'2016-09-23',1,'2016-09-30',1,'2016-10-01',1,'2016-10-01',1,NULL,'i want all the service','upload4114786446337041385.jpg',0,0,14,1,NULL,1,1,NULL,1,1,1,1,1),
	(15,'2016-09-16','2016-10-08',1,'2016-09-16',NULL,NULL,1,'2016-09-23',1,'2016-09-30',1,'2016-10-01',1,'2016-10-01',1,NULL,'i want all the service','upload1622710396692001836.jpg',0,0,15,1,NULL,1,1,NULL,1,1,1,1,1),
	(16,'2016-09-16','2016-10-08',1,'2016-09-16',NULL,NULL,1,'2016-09-23',1,'2016-09-30',1,'2016-10-01',1,'2016-10-01',1,NULL,'i want all the service','upload6833696533345725229.jpg',0,0,16,1,NULL,1,1,NULL,1,1,1,1,1),
	(17,'2016-09-16','2016-10-08',1,'2016-09-16',NULL,NULL,1,'2016-09-23',1,'2016-09-30',1,'2016-10-01',1,'2016-10-01',1,NULL,'i want all the service','upload3291630794785212604.jpg',0,0,17,1,NULL,1,1,NULL,1,1,1,1,1),
	(18,'2016-09-16','2016-10-08',1,'2016-09-16',NULL,NULL,1,'2016-09-23',1,'2016-09-30',1,'2016-10-01',1,'2016-10-01',1,NULL,'i want all the service','upload6966631485906039662.jpg',0,0,18,1,NULL,1,1,NULL,1,1,1,1,1),
	(19,'2016-09-16','2016-10-08',0,'2016-09-16',1,NULL,1,'2016-09-23',1,'2016-09-30',1,'2016-10-01',1,'2016-10-01',1,NULL,'i want all the service','upload3441212215558086984.jpg',0,0,19,1,1,1,NULL,NULL,1,1,1,1,1),
	(20,'2016-09-16','2016-10-08',1,'2016-09-16',NULL,NULL,1,'2016-09-23',1,'2016-09-30',1,'2016-10-01',1,'2016-10-01',1,NULL,'i want all the service','upload6788667150567296220.jpg',0,0,20,1,NULL,1,1,NULL,1,1,1,1,1),
	(21,'2016-09-16','2016-10-08',1,'2016-09-16',NULL,NULL,1,'2016-09-23',1,'2016-09-30',1,'2016-10-01',1,'2016-10-01',1,NULL,'i want all the service','upload5739776916054816739.jpg',0,0,21,1,NULL,1,1,NULL,1,1,1,1,1),
	(22,'2016-09-16','2016-10-08',1,'2016-09-16',NULL,NULL,1,'2016-09-23',1,'2016-09-30',1,'2016-10-01',1,'2016-10-01',1,NULL,'i want all the service','upload27555420965245515.jpg',0,0,22,1,NULL,1,1,NULL,1,1,1,1,1),
	(23,'2016-09-16','2016-10-08',1,'2016-09-16',NULL,NULL,1,'2016-09-23',1,'2016-09-30',1,'2016-10-01',1,'2016-10-01',1,NULL,'i want all the service','upload494918198889227256.jpg',0,0,23,1,NULL,1,1,NULL,1,1,1,1,1),
	(24,'2016-09-16','2016-10-08',1,'2016-09-16',NULL,NULL,1,'2016-09-23',1,'2016-09-30',1,'2016-10-01',1,'2016-10-01',1,NULL,'i want all the service','upload4114786446337041385.jpg',0,0,24,1,NULL,1,1,NULL,1,1,1,1,1),
	(25,'2016-09-16','2016-10-08',1,'2016-09-16',NULL,NULL,1,'2016-09-23',1,'2016-09-30',1,'2016-10-01',1,'2016-10-01',1,NULL,'i want all the service','upload1622710396692001836.jpg',0,0,25,1,NULL,1,1,NULL,1,1,1,1,1),
	(26,'2016-09-16','2016-10-08',1,'2016-09-16',NULL,NULL,1,'2016-09-23',1,'2016-09-30',1,'2016-10-01',1,'2016-10-01',1,NULL,'i want all the service','upload6833696533345725229.jpg',0,0,26,1,NULL,1,1,NULL,1,1,1,1,1),
	(27,'2016-09-16','2016-10-08',1,'2016-09-16',NULL,NULL,1,'2016-09-23',1,'2016-09-30',1,'2016-10-01',1,'2016-10-01',1,NULL,'i want all the service','upload3291630794785212604.jpg',0,0,27,1,NULL,1,1,NULL,1,1,1,1,1),
	(28,'2016-09-16','2016-10-08',1,'2016-09-16',NULL,NULL,1,'2016-09-23',1,'2016-09-30',1,'2016-10-01',1,'2016-10-01',1,NULL,'i want all the service','upload6966631485906039662.jpg',0,0,28,1,NULL,1,1,NULL,1,1,1,1,1),
	(29,'2016-09-16','2016-10-08',1,'2016-09-16',NULL,NULL,1,'2016-09-23',1,'2016-09-30',1,'2016-10-01',1,'2016-10-01',1,NULL,'i want all the service','upload3441212215558086984.jpg',0,0,29,1,NULL,1,1,NULL,1,1,1,1,1),
	(30,'2016-09-16','2016-10-08',1,'2016-09-16',NULL,NULL,1,'2016-09-23',1,'2016-09-30',1,'2016-10-01',1,'2016-10-01',1,NULL,'i want all the service','upload6788667150567296220.jpg',0,0,30,1,NULL,1,1,NULL,1,1,1,1,1),
	(31,'2016-09-16','2016-10-08',1,'2016-09-16',NULL,NULL,1,'2016-09-23',1,'2016-09-30',1,'2016-10-01',1,'2016-10-01',1,NULL,'i want all the service','upload5739776916054816739.jpg',0,0,31,1,NULL,1,1,NULL,1,1,1,1,1),
	(32,'2016-09-16','2016-10-08',1,'2016-09-16',NULL,NULL,1,'2016-09-23',1,'2016-09-30',1,'2016-10-01',1,'2016-10-01',1,NULL,'i want all the service','upload27555420965245515.jpg',0,0,32,1,NULL,1,1,NULL,1,1,1,1,1),
	(33,'2016-09-16','2016-10-08',1,'2016-09-16',NULL,NULL,1,'2016-09-23',1,'2016-09-30',1,'2016-10-01',1,'2016-10-01',1,NULL,'i want all the service','upload494918198889227256.jpg',0,0,33,1,NULL,1,1,NULL,1,1,1,1,1),
	(34,'2016-09-16','2016-10-08',1,'2016-09-16',NULL,NULL,1,'2016-09-23',1,'2016-09-30',1,'2016-10-01',1,'2016-10-01',1,NULL,'i want all the service','upload4114786446337041385.jpg',0,0,34,1,NULL,1,1,NULL,1,1,1,1,1),
	(35,'2016-09-16','2016-10-08',1,'2016-09-16',NULL,NULL,1,'2016-09-23',1,'2016-09-30',1,'2016-10-01',1,'2016-10-01',1,NULL,'i want all the service','upload1622710396692001836.jpg',0,0,35,1,NULL,1,1,NULL,1,1,1,1,1),
	(36,'2016-09-16','2016-10-08',1,'2016-09-16',NULL,NULL,1,'2016-09-23',1,'2016-09-30',1,'2016-10-01',1,'2016-10-01',1,NULL,'i want all the service','upload6833696533345725229.jpg',0,0,36,1,NULL,1,1,NULL,1,1,1,1,1),
	(37,'2016-09-16','2016-10-08',1,'2016-09-16',NULL,NULL,1,'2016-09-23',1,'2016-09-30',1,'2016-10-01',1,'2016-10-01',1,NULL,'i want all the service','upload3291630794785212604.jpg',0,0,37,1,NULL,1,1,NULL,1,1,1,1,1),
	(38,'2016-09-16','2016-10-08',1,'2016-09-16',NULL,NULL,1,'2016-09-23',1,'2016-09-30',1,'2016-10-01',1,'2016-10-01',1,NULL,'i want all the service','upload6966631485906039662.jpg',0,0,38,1,NULL,1,1,NULL,1,1,1,1,1),
	(39,'2016-09-16','2016-10-08',1,'2016-09-16',NULL,NULL,1,'2016-09-23',1,'2016-09-30',1,'2016-10-01',1,'2016-10-01',1,NULL,'i want all the service','upload3441212215558086984.jpg',0,0,39,1,NULL,1,1,NULL,1,1,1,1,1),
	(40,'2016-09-16','2016-10-08',1,'2016-09-16',NULL,NULL,1,'2016-09-23',1,'2016-09-30',1,'2016-10-01',1,'2016-10-01',1,NULL,'i want all the service','upload6788667150567296220.jpg',0,0,40,1,NULL,1,1,NULL,1,1,1,1,1),
	(41,'2016-09-16','2016-10-08',1,'2016-09-16',NULL,NULL,1,'2016-09-23',1,'2016-09-30',1,'2016-10-01',1,'2016-10-01',1,NULL,'i want all the service','upload5739776916054816739.jpg',0,0,41,1,NULL,1,1,NULL,1,1,1,1,1),
	(42,'2016-09-16','2016-10-08',1,'2016-09-16',NULL,NULL,1,'2016-09-23',1,'2016-09-30',1,'2016-10-01',1,'2016-10-01',1,NULL,'i want all the service','upload27555420965245515.jpg',0,0,42,1,NULL,1,1,NULL,1,1,1,1,1),
	(43,'2016-09-16','2016-10-08',1,'2016-09-16',NULL,NULL,1,'2016-09-23',1,'2016-09-30',1,'2016-10-01',1,'2016-10-01',1,NULL,'i want all the service','upload494918198889227256.jpg',0,0,43,1,NULL,1,1,NULL,1,1,1,1,1),
	(44,'2016-09-16','2016-10-08',1,'2016-09-16',NULL,NULL,1,'2016-09-23',1,'2016-09-30',1,'2016-10-01',1,'2016-10-01',1,NULL,'i want all the service','upload4114786446337041385.jpg',0,0,44,1,NULL,1,1,NULL,1,1,1,1,1),
	(45,'2016-09-16','2016-10-08',1,'2016-09-16',NULL,NULL,1,'2016-09-23',1,'2016-09-30',1,'2016-10-01',1,'2016-10-01',1,NULL,'i want all the service','upload1622710396692001836.jpg',0,0,45,1,NULL,1,1,NULL,1,1,1,1,1),
	(46,'2016-09-16','2016-10-08',1,'2016-09-16',NULL,NULL,1,'2016-09-23',1,'2016-09-30',1,'2016-10-01',1,'2016-10-01',1,NULL,'i want all the service','upload6833696533345725229.jpg',0,0,46,1,NULL,1,1,NULL,1,1,1,1,1),
	(47,'2016-09-16','2016-10-08',1,'2016-09-16',NULL,NULL,1,'2016-09-23',1,'2016-09-30',1,'2016-10-01',1,'2016-10-01',1,NULL,'i want all the service','upload3291630794785212604.jpg',0,0,47,1,NULL,1,1,NULL,1,1,1,1,1),
	(48,'2016-09-16','2016-10-08',1,'2016-09-16',NULL,NULL,1,'2016-09-23',1,'2016-09-30',1,'2016-10-01',1,'2016-10-01',1,NULL,'i want all the service','upload6966631485906039662.jpg',0,0,48,1,NULL,1,1,NULL,1,1,1,1,1),
	(49,'2016-09-16','2016-10-08',1,'2016-09-16',NULL,NULL,1,'2016-09-23',1,'2016-09-30',1,'2016-10-01',1,'2016-10-01',1,NULL,'i want all the service','upload3441212215558086984.jpg',0,0,49,1,NULL,1,1,NULL,1,1,1,1,1),
	(50,'2016-09-16','2016-10-08',1,'2016-09-16',NULL,NULL,1,'2016-09-23',1,'2016-09-30',1,'2016-10-01',1,'2016-10-01',1,NULL,'i want all the service','upload6788667150567296220.jpg',0,0,50,1,NULL,1,1,NULL,1,1,1,1,1),
	(51,'2016-09-16','2016-10-08',1,'2016-09-16',NULL,NULL,1,'2016-09-23',1,'2016-09-30',1,'2016-10-01',1,'2016-10-01',1,NULL,'i want all the service','upload5739776916054816739.jpg',0,0,51,1,NULL,1,1,NULL,1,1,1,1,1),
	(52,'2016-09-16','2016-10-08',1,'2016-09-16',NULL,NULL,1,'2016-09-23',1,'2016-09-30',1,'2016-10-01',1,'2016-10-01',1,NULL,'i want all the service','upload27555420965245515.jpg',0,0,52,1,NULL,1,1,NULL,1,1,1,1,1),
	(53,'2016-09-16','2016-10-08',1,'2016-09-16',NULL,NULL,1,'2016-09-23',1,'2016-09-30',1,'2016-10-01',1,'2016-10-01',1,NULL,'i want all the service','upload494918198889227256.jpg',0,0,53,1,NULL,1,1,NULL,1,1,1,1,1),
	(54,'2016-09-16','2016-10-08',1,'2016-09-16',NULL,NULL,1,'2016-09-23',1,'2016-09-30',1,'2016-10-01',1,'2016-10-01',1,NULL,'i want all the service','upload4114786446337041385.jpg',0,0,54,1,NULL,1,1,NULL,1,1,1,1,1),
	(55,'2016-09-16','2016-10-08',1,'2016-09-16',NULL,NULL,1,'2016-09-23',1,'2016-09-30',1,'2016-10-01',1,'2016-10-01',1,NULL,'i want all the service','upload1622710396692001836.jpg',0,0,55,1,NULL,1,1,NULL,1,1,1,1,1),
	(56,'2016-09-16','2016-10-08',1,'2016-09-16',NULL,NULL,1,'2016-09-23',1,'2016-09-30',1,'2016-10-01',1,'2016-10-01',1,NULL,'i want all the service','upload6833696533345725229.jpg',0,0,56,1,NULL,1,1,NULL,1,1,1,1,1),
	(57,'2016-09-16','2016-10-08',1,'2016-09-16',NULL,NULL,1,'2016-09-23',1,'2016-09-30',1,'2016-10-01',1,'2016-10-01',1,NULL,'i want all the service','upload3291630794785212604.jpg',0,0,57,1,NULL,1,1,NULL,1,1,1,1,1),
	(58,'2016-09-16','2016-10-08',1,'2016-09-16',NULL,NULL,1,'2016-09-23',1,'2016-09-30',1,'2016-10-01',1,'2016-10-01',1,NULL,'i want all the service','upload6966631485906039662.jpg',0,0,58,1,NULL,1,1,NULL,1,1,1,1,1),
	(59,'2016-09-16','2016-10-08',1,'2016-09-16',NULL,NULL,1,'2016-09-23',1,'2016-09-30',1,'2016-10-01',1,'2016-10-01',1,NULL,'i want all the service','upload3441212215558086984.jpg',0,0,59,1,NULL,1,1,NULL,1,1,1,1,1),
	(60,'2016-09-16','2016-10-08',1,'2016-09-16',NULL,NULL,1,'2016-09-23',1,'2016-09-30',1,'2016-10-01',1,'2016-10-01',1,NULL,'i want all the service','upload6788667150567296220.jpg',0,0,60,1,NULL,1,1,NULL,1,1,1,1,1),
	(61,'2016-09-16','2016-10-08',1,'2016-09-16',NULL,NULL,1,'2016-09-23',1,'2016-09-30',1,'2016-10-01',1,'2016-10-01',1,NULL,'i want all the service','upload5739776916054816739.jpg',0,0,61,1,NULL,1,1,NULL,1,1,1,1,1),
	(62,'2016-09-16','2016-10-08',1,'2016-09-16',NULL,NULL,1,'2016-09-23',1,'2016-09-30',1,'2016-10-01',1,'2016-10-01',1,NULL,'i want all the service','upload27555420965245515.jpg',0,0,62,1,NULL,1,1,NULL,1,1,1,1,1),
	(63,'2016-09-16','2016-10-08',1,'2016-09-16',NULL,NULL,1,'2016-09-23',1,'2016-09-30',1,'2016-10-01',1,'2016-10-01',1,NULL,'i want all the service','upload494918198889227256.jpg',0,0,63,1,NULL,1,1,NULL,1,1,1,1,1),
	(64,'2016-09-16','2016-10-08',1,'2016-09-16',NULL,NULL,1,'2016-09-23',1,'2016-09-30',1,'2016-10-01',1,'2016-10-01',1,NULL,'i want all the service','upload4114786446337041385.jpg',0,0,64,1,NULL,1,1,NULL,1,1,1,1,1),
	(65,'2016-09-16','2016-10-08',1,'2016-09-16',NULL,NULL,1,'2016-09-23',1,'2016-09-30',1,'2016-10-01',1,'2016-10-01',1,NULL,'i want all the service','upload1622710396692001836.jpg',0,0,65,1,NULL,1,1,NULL,1,1,1,1,1),
	(66,'2016-09-16','2016-10-08',1,'2016-09-16',NULL,NULL,1,'2016-09-23',1,'2016-09-30',1,'2016-10-01',1,'2016-10-01',1,NULL,'i want all the service','upload6833696533345725229.jpg',0,0,66,1,NULL,1,1,NULL,1,1,1,1,1),
	(67,'2016-09-16','2016-10-08',1,'2016-09-16',NULL,NULL,1,'2016-09-23',1,'2016-09-30',1,'2016-10-01',1,'2016-10-01',1,NULL,'i want all the service','upload3291630794785212604.jpg',0,0,67,1,NULL,1,1,NULL,1,1,1,1,1),
	(68,'2016-09-16','2016-10-08',1,'2016-09-16',NULL,NULL,1,'2016-09-23',1,'2016-09-30',1,'2016-10-01',1,'2016-10-01',1,NULL,'i want all the service','upload6966631485906039662.jpg',0,0,68,1,NULL,1,1,NULL,1,1,1,1,1),
	(69,'2016-09-16','2016-10-08',1,'2016-09-16',NULL,NULL,1,'2016-09-23',1,'2016-09-30',1,'2016-10-01',1,'2016-10-01',1,NULL,'i want all the service','upload3441212215558086984.jpg',0,0,69,1,NULL,1,1,NULL,1,1,1,1,1),
	(70,'2016-09-16','2016-10-08',1,'2016-09-16',NULL,NULL,1,'2016-09-23',1,'2016-09-30',1,'2016-10-01',1,'2016-10-01',1,NULL,'i want all the service','upload6788667150567296220.jpg',0,0,70,1,NULL,1,1,NULL,1,1,1,1,1),
	(71,'2016-09-16','2016-10-08',1,'2016-09-16',NULL,NULL,1,'2016-09-23',1,'2016-09-30',1,'2016-10-01',1,'2016-10-01',1,NULL,'i want all the service','upload5739776916054816739.jpg',0,0,71,1,NULL,1,1,NULL,1,1,1,1,1),
	(72,'2016-09-16','2016-10-08',1,'2016-09-16',NULL,NULL,1,'2016-09-23',1,'2016-09-30',1,'2016-10-01',1,'2016-10-01',1,NULL,'i want all the service','upload27555420965245515.jpg',0,0,72,1,NULL,1,1,NULL,1,1,1,1,1),
	(73,'2016-09-16','2016-10-08',1,'2016-09-16',NULL,NULL,1,'2016-09-23',1,'2016-09-30',1,'2016-10-01',1,'2016-10-01',1,NULL,'i want all the service','upload494918198889227256.jpg',0,0,73,1,NULL,1,1,NULL,1,1,1,1,1),
	(74,'2016-09-16','2016-10-08',1,'2016-09-16',NULL,NULL,1,'2016-09-23',1,'2016-09-30',1,'2016-10-01',1,'2016-10-01',1,NULL,'i want all the service','upload4114786446337041385.jpg',0,0,74,1,NULL,1,1,NULL,1,1,1,1,1),
	(75,'2016-09-16','2016-10-08',1,'2016-09-16',NULL,NULL,1,'2016-09-23',1,'2016-09-30',1,'2016-10-01',1,'2016-10-01',1,NULL,'i want all the service','upload1622710396692001836.jpg',0,0,75,1,NULL,1,1,NULL,1,1,1,1,1),
	(76,'2016-09-16','2016-10-08',1,'2016-09-16',NULL,NULL,1,'2016-09-23',1,'2016-09-30',1,'2016-10-01',1,'2016-10-01',1,NULL,'i want all the service','upload6833696533345725229.jpg',0,0,76,1,NULL,1,1,NULL,1,1,1,1,1),
	(77,'2016-09-16','2016-10-08',1,'2016-09-16',NULL,NULL,1,'2016-09-23',1,'2016-09-30',1,'2016-10-01',1,'2016-10-01',1,NULL,'i want all the service','upload3291630794785212604.jpg',0,0,77,1,NULL,1,1,NULL,1,1,1,1,1),
	(78,'2016-09-16','2016-10-08',1,'2016-09-16',NULL,NULL,1,'2016-09-23',1,'2016-09-30',1,'2016-10-01',1,'2016-10-01',1,NULL,'i want all the service','upload6966631485906039662.jpg',0,0,78,1,NULL,1,1,NULL,1,1,1,1,1),
	(79,'2016-09-16','2016-10-08',1,'2016-09-16',NULL,NULL,1,'2016-09-23',1,'2016-09-30',1,'2016-10-01',1,'2016-10-01',1,NULL,'i want all the service','upload3441212215558086984.jpg',0,0,79,1,NULL,1,1,NULL,1,1,1,1,1),
	(80,'2016-09-16','2016-10-08',1,'2016-09-16',NULL,NULL,1,'2016-09-23',1,'2016-09-30',1,'2016-10-01',1,'2016-10-01',1,NULL,'i want all the service','upload6788667150567296220.jpg',0,0,80,1,NULL,1,1,NULL,1,1,1,1,1),
	(81,'2016-09-16','2016-10-08',1,'2016-09-16',NULL,NULL,1,'2016-09-23',1,'2016-09-30',1,'2016-10-01',1,'2016-10-01',1,NULL,'i want all the service','upload5739776916054816739.jpg',0,0,81,1,NULL,1,1,NULL,1,1,1,1,1),
	(82,'2016-09-16','2016-10-08',1,'2016-09-16',NULL,NULL,1,'2016-09-23',1,'2016-09-30',1,'2016-10-01',1,'2016-10-01',1,NULL,'i want all the service','upload27555420965245515.jpg',0,0,82,1,NULL,1,1,NULL,1,1,1,1,1),
	(83,'2016-09-16','2016-10-08',1,'2016-09-16',NULL,NULL,1,'2016-09-23',1,'2016-09-30',1,'2016-10-01',1,'2016-10-01',1,NULL,'i want all the service','upload494918198889227256.jpg',0,0,83,1,NULL,1,1,NULL,1,1,1,1,1),
	(84,'2016-09-16','2016-10-08',1,'2016-09-16',NULL,NULL,1,'2016-09-23',1,'2016-09-30',1,'2016-10-01',1,'2016-10-01',1,NULL,'i want all the service','upload4114786446337041385.jpg',0,0,84,1,NULL,1,1,NULL,1,1,1,1,1),
	(85,'2016-09-16','2016-10-08',1,'2016-09-16',NULL,NULL,1,'2016-09-23',1,'2016-09-30',1,'2016-10-01',1,'2016-10-01',1,NULL,'i want all the service','upload1622710396692001836.jpg',0,0,85,1,NULL,1,1,NULL,1,1,1,1,1),
	(86,'2016-09-16','2016-10-08',1,'2016-09-16',NULL,NULL,1,'2016-09-23',1,'2016-09-30',1,'2016-10-01',1,'2016-10-01',1,NULL,'i want all the service','upload6833696533345725229.jpg',0,0,86,1,NULL,1,1,NULL,1,1,1,1,1),
	(87,'2016-09-16','2016-10-08',1,'2016-09-16',NULL,NULL,1,'2016-09-23',1,'2016-09-30',1,'2016-10-01',1,'2016-10-01',1,NULL,'i want all the service','upload3291630794785212604.jpg',0,0,87,1,NULL,1,1,NULL,1,1,1,1,1),
	(88,'2016-09-16','2016-10-08',1,'2016-09-16',NULL,NULL,1,'2016-09-23',1,'2016-09-30',1,'2016-10-01',1,'2016-10-01',1,NULL,'i want all the service','upload6966631485906039662.jpg',0,0,88,1,NULL,1,1,NULL,1,1,1,1,1),
	(89,'2016-09-16','2016-10-08',1,'2016-09-16',NULL,NULL,1,'2016-09-23',1,'2016-09-30',1,'2016-10-01',1,'2016-10-01',1,NULL,'i want all the service','upload3441212215558086984.jpg',0,0,89,1,NULL,1,1,NULL,1,1,1,1,1),
	(90,'2016-09-16','2016-10-08',1,'2016-09-16',NULL,NULL,1,'2016-09-23',1,'2016-09-30',1,'2016-10-01',1,'2016-10-01',1,NULL,'i want all the service','upload6788667150567296220.jpg',0,0,90,1,NULL,1,1,NULL,1,1,1,1,1),
	(91,'2016-09-16','2016-10-08',1,'2016-09-16',NULL,NULL,1,'2016-09-23',1,'2016-09-30',1,'2016-10-01',1,'2016-10-01',1,NULL,'i want all the service','upload5739776916054816739.jpg',0,0,91,1,NULL,1,1,NULL,1,1,1,1,1),
	(92,'2016-09-16','2016-10-08',1,'2016-09-16',NULL,NULL,1,'2016-09-23',1,'2016-09-30',1,'2016-10-01',1,'2016-10-01',1,NULL,'i want all the service','upload27555420965245515.jpg',0,0,92,1,NULL,1,1,NULL,1,1,1,1,1),
	(93,'2016-09-16','2016-10-08',1,'2016-09-16',NULL,NULL,1,'2016-09-23',1,'2016-09-30',1,'2016-10-01',1,'2016-10-01',1,NULL,'i want all the service','upload494918198889227256.jpg',0,0,93,1,NULL,1,1,NULL,1,1,1,1,1),
	(94,'2016-09-16','2016-10-08',1,'2016-09-16',NULL,NULL,1,'2016-09-23',1,'2016-09-30',1,'2016-10-01',1,'2016-10-01',1,NULL,'i want all the service','upload4114786446337041385.jpg',0,0,94,1,NULL,1,1,NULL,1,1,1,1,1),
	(95,'2016-09-16','2016-10-08',1,'2016-09-16',NULL,NULL,1,'2016-09-23',1,'2016-09-30',1,'2016-10-01',1,'2016-10-01',1,NULL,'i want all the service','upload1622710396692001836.jpg',0,0,95,1,NULL,1,1,NULL,1,1,1,1,1),
	(96,'2016-09-16','2016-10-08',1,'2016-09-16',NULL,NULL,1,'2016-09-23',1,'2016-09-30',1,'2016-10-01',1,'2016-10-01',1,NULL,'i want all the service','upload6833696533345725229.jpg',0,0,96,1,NULL,1,1,NULL,1,1,1,1,1),
	(97,'2016-09-16','2016-10-08',1,'2016-09-16',NULL,NULL,1,'2016-09-23',1,'2016-09-30',1,'2016-10-01',1,'2016-10-01',1,NULL,'i want all the service','upload3291630794785212604.jpg',0,0,97,1,NULL,1,1,NULL,1,1,1,1,1),
	(98,'2016-09-16','2016-10-08',1,'2016-09-16',NULL,NULL,1,'2016-09-23',1,'2016-09-30',1,'2016-10-01',1,'2016-10-01',1,NULL,'i want all the service','upload6966631485906039662.jpg',0,0,98,1,NULL,1,1,NULL,1,1,1,1,1),
	(99,'2016-09-16','2016-10-08',1,'2016-09-16',NULL,NULL,1,'2016-09-23',1,'2016-09-30',1,'2016-10-01',1,'2016-10-01',1,NULL,'i want all the service','upload3441212215558086984.jpg',0,0,99,1,NULL,1,1,NULL,1,1,1,1,1),
	(100,'2016-10-05','2016-10-08',1,'2016-09-16',NULL,NULL,0,'2016-09-23',1,'2016-09-30',1,'2016-10-01',1,'2016-10-01',1,NULL,'i want all the service1111222123123123','upload6788667150567296220.jpg',0,0,100,4,NULL,1,1,NULL,1,1,1,1,1),
	(102,NULL,NULL,NULL,NULL,NULL,NULL,NULL,NULL,NULL,NULL,NULL,NULL,NULL,NULL,NULL,NULL,NULL,NULL,NULL,NULL,102,1,NULL,1,1,NULL,1,1,1,1,1),
	(103,NULL,NULL,NULL,NULL,NULL,NULL,NULL,NULL,NULL,NULL,NULL,NULL,NULL,NULL,NULL,NULL,NULL,NULL,NULL,NULL,103,NULL,NULL,1,1,NULL,1,1,1,1,1),
	(105,'2016-10-04','2016-10-10',NULL,'2016-10-12',NULL,NULL,NULL,'2016-10-19',NULL,'2016-10-26',NULL,'2016-10-27',NULL,'2016-10-18',NULL,NULL,NULL,NULL,NULL,NULL,NULL,NULL,NULL,1,1,NULL,1,1,1,1,1),
	(106,NULL,NULL,NULL,NULL,NULL,NULL,NULL,NULL,NULL,NULL,NULL,NULL,NULL,NULL,NULL,NULL,NULL,NULL,NULL,NULL,110,1,NULL,1,1,NULL,3,1,1,1,1),
	(107,'2019-08-08','2019-11-21',1,'2019-11-21',1,NULL,1,'2019-11-21',1,'2019-11-21',1,'2019-11-21',1,'2019-11-21',0,NULL,'12asd12122222','upload1479893683596021258.jpg',2,NULL,101,2,1,1,3,NULL,1,1,1,1,1),
	(108,'2016-10-30','2016-11-07',1,'2016-10-31',NULL,NULL,1,'2016-10-31',1,'2016-11-09',1,'2016-11-08',1,'2016-11-09',0,NULL,'good student','upload5149998914011810229.jpg',0,0,119,1,NULL,1,59,NULL,1,1,1,1,1),
	(109,NULL,NULL,NULL,NULL,NULL,NULL,NULL,NULL,NULL,NULL,NULL,NULL,NULL,NULL,NULL,NULL,NULL,NULL,0,0,138,1,1,1,1,NULL,1,1,1,1,1);

/*!40000 ALTER TABLE `mbe_student` ENABLE KEYS */;
UNLOCK TABLES;


# Dump of table mbe_training
# ------------------------------------------------------------

DROP TABLE IF EXISTS `mbe_training`;

CREATE TABLE `mbe_training` (
  `id` bigint(20) NOT NULL AUTO_INCREMENT,
  `is_top` bit(1) DEFAULT NULL,
  `priority` int(11) DEFAULT NULL,
  `service_available` bit(1) DEFAULT NULL,
  `phone_number` varchar(255) DEFAULT NULL,
  `is_language` int(11) DEFAULT NULL,
  `is_esl` int(11) DEFAULT NULL,
  `is_ielts` int(11) DEFAULT NULL,
  `is_toefl` int(11) DEFAULT NULL,
  `is_english_course` int(11) DEFAULT NULL,
  `is_english_sat` int(11) DEFAULT NULL,
  `is_french` int(11) DEFAULT NULL,
  `is_science` int(11) DEFAULT NULL,
  `is_math` int(11) DEFAULT NULL,
  `is_physics` int(11) DEFAULT NULL,
  `is_chemistry` int(11) DEFAULT NULL,
  `is_music` int(11) DEFAULT NULL,
  `is_piano` int(11) DEFAULT NULL,
  `is_saxophone` int(11) DEFAULT NULL,
  `is_guitar` int(11) DEFAULT NULL,
  `is_sing` int(11) DEFAULT NULL,
  `is_sport` int(11) DEFAULT NULL,
  `is_swimming` int(11) DEFAULT NULL,
  `is_skiting` int(11) DEFAULT NULL,
  `is_badminton` int(11) DEFAULT NULL,
  `is_fencing` int(11) DEFAULT NULL,
  `is_dancing` int(11) DEFAULT NULL,
  `is_child_dancing` int(11) DEFAULT NULL,
  `is_adult_dancing` int(11) DEFAULT NULL,
  `is_drawing` int(11) DEFAULT NULL,
  `is_driving` int(11) DEFAULT NULL,
  `other_service` varchar(255) DEFAULT NULL,
  `service_description` varchar(255) DEFAULT NULL,
  `main_image` varchar(255) DEFAULT NULL,
  `deal_number` int(11) DEFAULT NULL,
  `recommend_number` int(11) DEFAULT NULL,
  `user_id` bigint(20) DEFAULT NULL,
  `servic_city_id` bigint(20) DEFAULT NULL,
  PRIMARY KEY (`id`),
  UNIQUE KEY `user_id` (`user_id`),
  KEY `fk_mbe_training_servic_city_id` (`servic_city_id`),
  CONSTRAINT `fk_mbe_training_servic_city_id` FOREIGN KEY (`servic_city_id`) REFERENCES `mad_city` (`id`),
  CONSTRAINT `fk_mbe_training_user_id` FOREIGN KEY (`user_id`) REFERENCES `mbe_user` (`id`)
) ENGINE=InnoDB DEFAULT CHARSET=utf8;

LOCK TABLES `mbe_training` WRITE;
/*!40000 ALTER TABLE `mbe_training` DISABLE KEYS */;

INSERT INTO `mbe_training` (`id`, `is_top`, `priority`, `service_available`, `phone_number`, `is_language`, `is_esl`, `is_ielts`, `is_toefl`, `is_english_course`, `is_english_sat`, `is_french`, `is_science`, `is_math`, `is_physics`, `is_chemistry`, `is_music`, `is_piano`, `is_saxophone`, `is_guitar`, `is_sing`, `is_sport`, `is_swimming`, `is_skiting`, `is_badminton`, `is_fencing`, `is_dancing`, `is_child_dancing`, `is_adult_dancing`, `is_drawing`, `is_driving`, `other_service`, `service_description`, `main_image`, `deal_number`, `recommend_number`, `user_id`, `servic_city_id`)
VALUES
	(1,b'1',1,b'1','416 5558888',1,0,0,1,0,0,0,1,1,1,1,1,0,1,0,1,1,1,0,1,0,1,1,1,1,1,'no service','this is good service','upload5739776916054816739.jpg',3,4,1,1),
	(2,b'1',1,b'1','416 5558888',1,0,0,1,0,0,0,1,1,1,1,1,0,1,0,1,1,1,0,1,0,1,1,1,1,1,'no service','this is good service. thank you very much.','upload27555420965245515.jpg',0,0,2,1),
	(3,b'1',1,b'1','416 5558888',1,0,0,1,0,0,0,0,1,1,1,1,0,1,0,1,0,1,0,1,0,1,1,1,1,1,'no service','this is good service','upload494918198889227256.jpg',0,0,3,1),
	(4,b'1',1,b'1','416 5558888',1,0,0,1,0,0,0,0,1,1,1,1,0,1,0,1,0,1,0,1,0,1,1,1,1,1,'no service','this is good service','upload4114786446337041385.jpg',0,0,4,1),
	(5,b'1',1,b'1','416 5558888',1,0,0,1,0,0,0,1,1,1,1,1,0,1,0,1,0,1,0,1,0,1,1,1,1,1,'no service','this is good service','upload1622710396692001836.jpg',0,0,5,1),
	(6,b'1',1,b'1','416 5558888',1,0,0,1,0,0,0,1,1,1,1,1,0,1,0,1,0,1,0,1,0,1,1,1,1,1,'no service','this is good service','upload6833696533345725229.jpg',0,0,6,1),
	(7,b'1',1,b'1','416 5558888',1,0,0,1,0,0,0,1,1,1,1,1,0,1,0,1,0,1,0,1,0,1,1,1,1,1,'no service','this is good service','upload3291630794785212604.jpg',0,0,7,1),
	(8,b'0',1,b'1','416 5558888',1,0,0,1,0,0,0,1,1,1,1,1,0,1,0,1,0,1,0,1,0,1,1,1,1,1,'no service','this is good service','upload6966631485906039662.jpg',0,0,8,1),
	(9,b'0',1,b'1','416 5558888',1,0,0,1,0,0,0,1,1,1,1,1,0,1,0,1,0,1,0,1,0,1,1,1,1,1,'no service','this is good service','upload3441212215558086984.jpg',0,0,9,1),
	(10,b'0',1,b'1','416 5558888',1,0,0,1,0,0,0,1,1,1,1,1,0,1,0,1,0,1,0,1,0,1,1,1,1,1,'no service','this is good service','upload6788667150567296220.jpg',0,0,10,1),
	(11,b'0',1,b'1','416 5558888',1,0,0,1,0,0,0,1,1,1,1,1,0,1,0,1,0,1,0,1,0,1,1,1,1,1,'no service','this is good service','upload2022485175543772259.jpg',0,0,11,1),
	(12,b'0',1,b'1','416 5558888',1,0,0,1,0,0,0,1,1,1,1,1,0,1,0,1,0,1,0,1,0,1,1,1,1,1,'no service','this is good service','upload2655649186330638179.jpg',0,0,12,1),
	(13,b'0',1,b'1','416 5558888',1,0,0,1,0,0,0,1,1,1,1,1,0,1,0,1,0,1,0,1,0,1,1,1,1,1,'no service','this is good service','upload6371162368877969306.jpg',0,0,13,1),
	(14,b'0',1,b'1','416 5558888',1,0,0,1,0,0,0,1,1,1,1,1,0,1,0,1,0,1,0,1,0,1,1,1,1,1,'no service','this is good service','upload7704606271973179352.jpg',0,0,14,1),
	(15,b'0',1,b'1','416 5558888',1,0,0,1,0,0,0,1,1,1,1,1,0,1,0,1,0,1,0,1,0,1,1,1,1,1,'no service','this is good service','upload9102327266608709912.jpg',0,0,15,1),
	(16,b'0',1,b'1','416 5558888',1,0,0,1,0,0,0,1,1,1,1,1,0,1,0,1,0,1,0,1,0,1,1,1,1,1,'no service','this is good service','upload2515537559691726320.jpg',0,0,16,1),
	(17,b'0',1,b'1','416 5558888',1,0,0,1,0,0,0,1,1,1,1,1,0,1,0,1,0,1,0,1,0,1,1,1,1,1,'no service','this is good service','upload3343769364587798301.jpg',0,0,17,1),
	(18,b'0',1,b'1','416 5558888',1,0,0,1,0,0,0,1,1,1,1,1,0,1,0,1,0,1,0,1,0,1,1,1,1,1,'no service','this is good service','upload5358927215822276271.jpg',0,0,18,1),
	(19,b'0',1,b'1','416 5558888',1,0,0,1,0,0,0,1,1,1,1,1,0,1,0,1,0,1,0,1,0,1,1,1,1,1,'no service','this is good service','upload2701393744860253944.jpg',0,0,19,1),
	(20,b'0',1,b'1','416 5558888',1,0,0,1,0,0,0,1,1,1,1,1,0,1,0,1,0,1,0,1,0,1,1,1,1,1,'no service','this is good service','upload1521577864166076031.jpg',0,0,20,1),
	(21,b'0',1,b'1','416 5558888',1,0,0,1,0,0,0,1,1,1,1,1,0,1,0,1,0,1,0,1,0,1,1,1,1,1,'no service','this is good service','upload9201599501466722869.jpg',0,0,21,1),
	(22,b'0',1,b'1','416 5558888',1,0,0,1,0,0,0,1,1,1,1,1,0,1,0,1,0,1,0,1,0,1,1,1,1,1,'no service','this is good service','upload3132404087411658805.jpg',0,0,22,1),
	(23,b'0',1,b'1','416 5558888',1,0,0,1,0,0,0,1,1,1,1,1,0,1,0,1,0,1,0,1,0,1,1,1,1,1,'no service','this is good service','upload6638408015611321039.jpg',0,0,23,1),
	(24,b'0',1,b'1','416 5558888',1,0,0,1,0,0,0,1,1,1,1,1,0,1,0,1,0,1,0,1,0,1,1,1,1,1,'no service','this is good service','upload2017766068504486646.jpg',0,0,24,1),
	(25,b'0',1,b'1','416 5558888',1,0,0,1,0,0,0,1,1,1,1,1,0,1,0,1,0,1,0,1,0,1,1,1,1,1,'no service','this is good service','upload1855621003366305304.jpg',0,0,25,1),
	(26,b'0',1,b'1','416 5558888',1,0,0,1,0,0,0,1,1,1,1,1,0,1,0,1,0,1,0,1,0,1,1,1,1,1,'no service','this is good service','upload7097384912214259.jpg',0,0,26,1),
	(27,b'0',1,b'1','416 5558888',1,0,0,1,0,0,0,1,1,1,1,1,0,1,0,1,0,1,0,1,0,1,1,1,1,1,'no service','this is good service','upload2429863974943504498.jpg',0,0,27,1),
	(28,b'0',1,b'1','416 5558888',1,0,0,1,0,0,0,1,1,1,1,1,0,1,0,1,0,1,0,1,0,1,1,1,1,1,'no service','this is good service','upload8025205459755638314.jpg',0,0,28,1),
	(29,b'0',1,b'1','416 5558888',1,0,0,1,0,0,0,1,1,1,1,1,0,1,0,1,0,1,0,1,0,1,1,1,1,1,'no service','this is good service','upload7763163782581816012.jpg',0,0,29,1),
	(30,b'0',1,b'1','416 5558888',1,0,0,1,0,0,0,1,1,1,1,1,0,1,0,1,0,1,0,1,0,1,1,1,1,1,'no service','this is good service','upload6366322771421706735.jpg',0,0,30,1),
	(31,b'0',1,b'1','416 5558888',1,0,0,1,0,0,0,1,1,1,1,1,0,1,0,1,0,1,0,1,0,1,1,1,1,1,'no service','this is good service','upload5739776916054816739.jpg',0,0,31,1),
	(32,b'0',1,b'1','416 5558888',1,0,0,1,0,0,0,1,1,1,1,1,0,1,0,1,0,1,0,1,0,1,1,1,1,1,'no service','this is good service','upload27555420965245515.jpg',0,0,32,1),
	(33,b'0',1,b'1','416 5558888',1,0,0,1,0,0,0,1,1,1,1,1,0,1,0,1,0,1,0,1,0,1,1,1,1,1,'no service','this is good service','upload494918198889227256.jpg',0,0,33,1),
	(34,b'0',1,b'1','416 5558888',1,0,0,1,0,0,0,1,1,1,1,1,0,1,0,1,0,1,0,1,0,1,1,1,1,1,'no service','this is good service','upload4114786446337041385.jpg',0,0,34,1),
	(35,b'0',1,b'1','416 5558888',1,0,0,1,0,0,0,1,1,1,1,1,0,1,0,1,0,1,0,1,0,1,1,1,1,1,'no service','this is good service','upload1622710396692001836.jpg',0,0,35,1),
	(36,b'0',1,b'1','416 5558888',1,0,0,1,0,0,0,1,1,1,1,1,0,1,0,1,0,1,0,1,0,1,1,1,1,1,'no service','this is good service','upload6833696533345725229.jpg',0,0,36,1),
	(37,b'0',1,b'1','416 5558888',1,0,0,1,0,0,0,1,1,1,1,1,0,1,0,1,0,1,0,1,0,1,1,1,1,1,'no service','this is good service','upload3291630794785212604.jpg',0,0,37,1),
	(38,b'0',1,b'1','416 5558888',1,0,0,1,0,0,0,1,1,1,1,1,0,1,0,1,0,1,0,1,0,1,1,1,1,1,'no service','this is good service','upload6966631485906039662.jpg',0,0,38,1),
	(39,b'0',1,b'1','416 5558888',1,0,0,1,0,0,0,1,1,1,1,1,0,1,0,1,0,1,0,1,0,1,1,1,1,1,'no service','this is good service','upload3441212215558086984.jpg',0,0,39,1),
	(40,b'0',1,b'1','416 5558888',1,0,0,1,0,0,0,1,1,1,1,1,0,1,0,1,0,1,0,1,0,1,1,1,1,1,'no service','this is good service','upload6788667150567296220.jpg',0,0,40,1),
	(41,b'0',1,b'1','416 5558888',1,0,0,1,0,0,0,1,1,1,1,1,0,1,0,1,0,1,0,1,0,1,1,1,1,1,'no service','this is good service','upload2022485175543772259.jpg',0,0,41,1),
	(42,b'0',1,b'1','416 5558888',1,0,0,1,0,0,0,1,1,1,1,1,0,1,0,1,0,1,0,1,0,1,1,1,1,1,'no service','this is good service','upload2655649186330638179.jpg',0,0,42,1),
	(43,b'0',1,b'1','416 5558888',1,0,0,1,0,0,0,1,1,1,1,1,0,1,0,1,0,1,0,1,0,1,1,1,1,1,'no service','this is good service','upload6371162368877969306.jpg',0,0,43,1),
	(44,b'0',1,b'1','416 5558888',1,0,0,1,0,0,0,1,1,1,1,1,0,1,0,1,0,1,0,1,0,1,1,1,1,1,'no service','this is good service','upload7704606271973179352.jpg',0,0,44,1),
	(45,b'0',1,b'1','416 5558888',1,0,0,1,0,0,0,1,1,1,1,1,0,1,0,1,0,1,0,1,0,1,1,1,1,1,'no service','this is good service','upload9102327266608709912.jpg',0,0,45,1),
	(46,b'0',1,b'1','416 5558888',1,0,0,1,0,0,0,1,1,1,1,1,0,1,0,1,0,1,0,1,0,1,1,1,1,1,'no service','this is good service','upload2515537559691726320.jpg',0,0,46,1),
	(47,b'0',1,b'1','416 5558888',1,0,0,1,0,0,0,1,1,1,1,1,0,1,0,1,0,1,0,1,0,1,1,1,1,1,'no service','this is good service','upload3343769364587798301.jpg',0,0,47,1),
	(48,b'0',1,b'1','416 5558888',1,0,0,1,0,0,0,1,1,1,1,1,0,1,0,1,0,1,0,1,0,1,1,1,1,1,'no service','this is good service','upload5358927215822276271.jpg',0,0,48,1),
	(49,b'0',1,b'1','416 5558888',1,0,0,1,0,0,0,1,1,1,1,1,0,1,0,1,0,1,0,1,0,1,1,1,1,1,'no service','this is good service','upload2701393744860253944.jpg',0,0,49,1),
	(50,b'0',1,b'1','416 5558888',1,0,0,1,0,0,0,1,1,1,1,1,0,1,0,1,0,1,0,1,0,1,1,1,1,1,'no service','this is good service','upload1521577864166076031.jpg',0,0,50,1),
	(51,b'0',1,b'1','416 5558888',1,0,0,1,0,0,0,1,1,1,1,1,0,1,0,1,0,1,0,1,0,1,1,1,1,1,'no service','this is good service','upload9201599501466722869.jpg',0,0,51,1),
	(52,b'0',1,b'1','416 5558888',1,0,0,1,0,0,0,1,1,1,1,1,0,1,0,1,0,1,0,1,0,1,1,1,1,1,'no service','this is good service','upload3132404087411658805.jpg',0,0,52,1),
	(53,b'0',1,b'1','416 5558888',1,0,0,1,0,0,0,1,1,1,1,1,0,1,0,1,0,1,0,1,0,1,1,1,1,1,'no service','this is good service','upload6638408015611321039.jpg',0,0,53,1),
	(54,b'0',1,b'1','416 5558888',1,0,0,1,0,0,0,1,1,1,1,1,0,1,0,1,0,1,0,1,0,1,1,1,1,1,'no service','this is good service','upload2017766068504486646.jpg',0,0,54,1),
	(55,b'0',1,b'1','416 5558888',1,0,0,1,0,0,0,1,1,1,1,1,0,1,0,1,0,1,0,1,0,1,1,1,1,1,'no service','this is good service','upload1855621003366305304.jpg',0,0,55,1),
	(56,b'0',1,b'1','416 5558888',1,0,0,1,0,0,0,1,1,1,1,1,0,1,0,1,0,1,0,1,0,1,1,1,1,1,'no service','this is good service','upload7097384912214259.jpg',0,0,56,1),
	(57,b'0',1,b'1','416 5558888',1,0,0,1,0,0,0,1,1,1,1,1,0,1,0,1,0,1,0,1,0,1,1,1,1,1,'no service','this is good service','upload2429863974943504498.jpg',0,0,57,1),
	(58,b'0',1,b'1','416 5558888',1,0,0,1,0,0,0,1,1,1,1,1,0,1,0,1,0,1,0,1,0,1,1,1,1,1,'no service','this is good service','upload8025205459755638314.jpg',0,0,58,1),
	(59,b'0',1,b'1','416 5558888',1,0,0,1,0,0,0,1,1,1,1,1,0,1,0,1,0,1,0,1,0,1,1,1,1,1,'no service','this is good service','upload7763163782581816012.jpg',0,0,59,1),
	(60,b'0',1,b'1','416 5558888',1,0,0,1,0,0,0,1,1,1,1,1,0,1,0,1,0,1,0,1,0,1,1,1,1,1,'no service','this is good service','upload6366322771421706735.jpg',0,0,60,1),
	(61,b'0',0,b'1','1212',1,1,1,0,0,1,1,1,1,0,1,1,1,0,1,1,1,0,0,1,1,1,1,0,0,0,'123','12312','upload6655982262710654871.jpg',0,2,101,2),
	(62,b'0',0,b'1','123123123',1,1,0,1,0,0,1,1,1,0,0,1,0,0,0,1,1,1,0,1,0,0,0,0,1,0,'lala','this is from yao','upload5145056772938098805.jpg',0,0,119,3),
	(63,b'0',0,b'1','1212',1,1,0,0,1,1,0,1,1,0,1,1,1,0,1,0,1,1,0,1,0,1,1,0,0,1,'','','upload1838842461148298028.jpg',0,4,138,3),
	(64,b'0',0,b'1','',0,0,0,0,0,0,0,0,0,0,0,0,0,0,0,0,0,0,0,0,0,0,0,0,0,0,'','','',0,0,140,1);

/*!40000 ALTER TABLE `mbe_training` ENABLE KEYS */;
UNLOCK TABLES;


# Dump of table mbe_user
# ------------------------------------------------------------

DROP TABLE IF EXISTS `mbe_user`;

CREATE TABLE `mbe_user` (
  `id` bigint(20) NOT NULL AUTO_INCREMENT,
  `mmb_user_id` varchar(255) DEFAULT NULL,
  `display_name` varchar(255) DEFAULT NULL,
  `blacklist` bit(1) DEFAULT NULL,
  `is_guardian` bit(1) DEFAULT NULL,
  `is_rent` bit(1) DEFAULT NULL,
  `is_training` bit(1) DEFAULT NULL,
  `is_student` bit(1) DEFAULT NULL,
  `is_sale` bit(1) DEFAULT NULL,
  `credit_point` int(11) DEFAULT NULL,
  `deal_number` int(11) DEFAULT NULL,
  `recommend_number` int(11) DEFAULT NULL,
  `user_id` bigint(20) DEFAULT NULL,
  `reference_id` bigint(20) DEFAULT NULL,
  `transfer_credit_id` bigint(20) DEFAULT NULL,
  `main_image` varchar(255) DEFAULT NULL,
  `phone_number` varchar(255) DEFAULT NULL,
  `guardian_search` varchar(255) DEFAULT NULL,
  `training_search` varchar(255) DEFAULT NULL,
  `house_search` varchar(255) DEFAULT NULL,
  `student_search` varchar(255) DEFAULT NULL,
  PRIMARY KEY (`id`),
  KEY `fk_mbe_user_user_id` (`user_id`),
  KEY `fk_mbe_user_reference_id` (`reference_id`),
  KEY `fk_mbe_user_transfer_credit_id` (`transfer_credit_id`),
  CONSTRAINT `fk_mbe_user_reference_id` FOREIGN KEY (`reference_id`) REFERENCES `mbe_user` (`id`),
  CONSTRAINT `fk_mbe_user_transfer_credit_id` FOREIGN KEY (`transfer_credit_id`) REFERENCES `mbe_user` (`id`),
  CONSTRAINT `fk_mbe_user_user_id` FOREIGN KEY (`user_id`) REFERENCES `jhi_user` (`id`)
) ENGINE=InnoDB DEFAULT CHARSET=utf8;

LOCK TABLES `mbe_user` WRITE;
/*!40000 ALTER TABLE `mbe_user` DISABLE KEYS */;

INSERT INTO `mbe_user` (`id`, `mmb_user_id`, `display_name`, `blacklist`, `is_guardian`, `is_rent`, `is_training`, `is_student`, `is_sale`, `credit_point`, `deal_number`, `recommend_number`, `user_id`, `reference_id`, `transfer_credit_id`, `main_image`, `phone_number`, `guardian_search`, `training_search`, `house_search`, `student_search`)
VALUES
	(1,'1523','luyao1',b'1',NULL,NULL,NULL,NULL,NULL,0,0,0,5,NULL,NULL,'upload5739776916054816739.jpg','416 5558888',NULL,NULL,NULL,NULL),
	(2,'1524','luyao2',b'0',NULL,NULL,NULL,NULL,NULL,0,0,0,6,102,1,'upload27555420965245515.jpg','416 5558888',NULL,NULL,NULL,NULL),
	(3,'1525','luyao3',b'0',NULL,NULL,NULL,NULL,NULL,0,0,0,7,NULL,NULL,'upload494918198889227256.jpg',NULL,NULL,NULL,NULL,NULL),
	(4,'1526','luyao4',b'0',NULL,NULL,NULL,NULL,NULL,0,0,0,8,NULL,NULL,'upload4114786446337041385.jpg',NULL,NULL,NULL,NULL,NULL),
	(5,'1527','luyao5',b'0',NULL,NULL,NULL,NULL,NULL,0,0,0,9,NULL,NULL,'upload1622710396692001836.jpg',NULL,NULL,NULL,NULL,NULL),
	(6,'1528','luyao6',b'0',NULL,NULL,NULL,NULL,NULL,0,0,0,10,NULL,NULL,'upload6833696533345725229.jpg',NULL,NULL,NULL,NULL,NULL),
	(7,'1529','luyao7',b'0',NULL,NULL,NULL,NULL,NULL,0,0,0,11,NULL,NULL,'upload3291630794785212604.jpg',NULL,NULL,NULL,NULL,NULL),
	(8,'1530','luyao8',b'1',NULL,NULL,NULL,NULL,NULL,0,0,0,12,NULL,NULL,'upload6966631485906039662.jpg',NULL,NULL,NULL,NULL,NULL),
	(9,'1531','luyao9',b'1',NULL,NULL,NULL,NULL,NULL,0,0,0,13,NULL,NULL,'upload3441212215558086984.jpg',NULL,NULL,NULL,NULL,NULL),
	(10,'1532','luyao10',b'0',NULL,NULL,NULL,NULL,NULL,0,0,0,14,NULL,NULL,'upload6788667150567296220.jpg',NULL,NULL,NULL,NULL,NULL),
	(11,'1533','luyao11',b'0',NULL,NULL,NULL,NULL,NULL,0,0,0,15,NULL,NULL,'upload2022485175543772259.jpg',NULL,NULL,NULL,NULL,NULL),
	(12,'1534','luyao12',b'0',NULL,NULL,NULL,NULL,NULL,0,0,0,16,NULL,NULL,'upload2655649186330638179.jpg',NULL,NULL,NULL,NULL,NULL),
	(13,'1535','luyao13',b'0',NULL,NULL,NULL,NULL,NULL,0,0,0,17,NULL,NULL,'upload6371162368877969306.jpg',NULL,NULL,NULL,NULL,NULL),
	(14,'1536','luyao14',b'0',NULL,NULL,NULL,NULL,NULL,0,0,0,18,NULL,NULL,'upload7704606271973179352.jpg',NULL,NULL,NULL,NULL,NULL),
	(15,'1537','luyao15',b'0',NULL,NULL,NULL,NULL,NULL,0,0,0,19,NULL,NULL,'upload9102327266608709912.jpg',NULL,NULL,NULL,NULL,NULL),
	(16,'1538','luyao16',b'0',NULL,NULL,NULL,NULL,NULL,0,0,0,20,NULL,NULL,'upload2515537559691726320.jpg',NULL,NULL,NULL,NULL,NULL),
	(17,'1539','luyao17',b'0',NULL,NULL,NULL,NULL,NULL,0,0,0,21,NULL,NULL,'upload3343769364587798301.jpg',NULL,NULL,NULL,NULL,NULL),
	(18,'1540','luyao18',b'0',NULL,NULL,NULL,NULL,NULL,0,0,0,22,NULL,NULL,'upload5358927215822276271.jpg',NULL,NULL,NULL,NULL,NULL),
	(19,'1541','luyao19',b'0',NULL,NULL,NULL,NULL,NULL,0,0,0,23,NULL,NULL,'upload2701393744860253944.jpg',NULL,NULL,NULL,NULL,NULL),
	(20,'1542','luyao20',b'0',NULL,NULL,NULL,NULL,NULL,0,0,0,24,NULL,NULL,'upload1521577864166076031.jpg',NULL,NULL,NULL,NULL,NULL),
	(21,'1543','luyao21',b'0',NULL,NULL,NULL,NULL,NULL,0,0,0,25,NULL,NULL,'upload9201599501466722869.jpg',NULL,NULL,NULL,NULL,NULL),
	(22,'1544','luyao22',b'0',NULL,NULL,NULL,NULL,NULL,0,0,0,26,NULL,NULL,'upload3132404087411658805.jpg',NULL,NULL,NULL,NULL,NULL),
	(23,'1545','luyao23',b'0',NULL,NULL,NULL,NULL,NULL,0,0,0,27,NULL,NULL,'upload6638408015611321039.jpg',NULL,NULL,NULL,NULL,NULL),
	(24,'1546','luyao24',b'0',NULL,NULL,NULL,NULL,NULL,0,0,0,28,NULL,NULL,'upload2017766068504486646.jpg',NULL,NULL,NULL,NULL,NULL),
	(25,'1547','luyao25',b'0',NULL,NULL,NULL,NULL,NULL,0,0,0,29,NULL,NULL,'upload1855621003366305304.jpg',NULL,NULL,NULL,NULL,NULL),
	(26,'1548','luyao26',b'1',NULL,NULL,NULL,NULL,NULL,0,0,0,30,NULL,NULL,'upload7097384912214259.jpg',NULL,NULL,NULL,NULL,NULL),
	(27,'1549','luyao27',b'0',NULL,NULL,NULL,NULL,NULL,0,0,0,31,NULL,NULL,'upload2429863974943504498.jpg',NULL,NULL,NULL,NULL,NULL),
	(28,'1550','luyao28',b'0',NULL,NULL,NULL,NULL,NULL,0,0,0,32,NULL,NULL,'upload8025205459755638314.jpg',NULL,NULL,NULL,NULL,NULL),
	(29,'1551','luyao29',b'0',NULL,NULL,NULL,NULL,NULL,0,0,0,33,NULL,NULL,'upload7763163782581816012.jpg',NULL,NULL,NULL,NULL,NULL),
	(30,'1552','luyao30',b'0',NULL,NULL,NULL,NULL,NULL,0,0,0,34,NULL,NULL,'upload6366322771421706735.jpg',NULL,NULL,NULL,NULL,NULL),
	(31,'1553','luyao31',b'1',NULL,NULL,NULL,NULL,NULL,0,0,0,35,NULL,NULL,NULL,NULL,NULL,NULL,NULL,NULL),
	(32,'1554','luyao32',b'0',NULL,NULL,NULL,NULL,NULL,0,0,0,36,NULL,NULL,NULL,NULL,NULL,NULL,NULL,NULL),
	(33,'1555','luyao33',b'0',NULL,NULL,NULL,NULL,NULL,0,0,0,37,NULL,NULL,NULL,NULL,NULL,NULL,NULL,NULL),
	(34,'1556','luyao34',b'0',NULL,NULL,NULL,NULL,NULL,0,0,0,38,NULL,NULL,NULL,NULL,NULL,NULL,NULL,NULL),
	(35,'1557','luyao35',b'0',NULL,NULL,NULL,NULL,NULL,0,0,0,39,NULL,NULL,NULL,NULL,NULL,NULL,NULL,NULL),
	(36,'1558','luyao36',b'0',NULL,NULL,NULL,NULL,NULL,0,0,0,40,NULL,NULL,NULL,NULL,NULL,NULL,NULL,NULL),
	(37,'1559','luyao37',b'0',NULL,NULL,NULL,NULL,NULL,0,0,0,41,NULL,NULL,NULL,NULL,NULL,NULL,NULL,NULL),
	(38,'1560','luyao38',b'0',NULL,NULL,NULL,NULL,NULL,0,0,0,42,NULL,NULL,NULL,NULL,NULL,NULL,NULL,NULL),
	(39,'1561','luyao39',b'0',NULL,NULL,NULL,NULL,NULL,0,0,0,43,NULL,NULL,NULL,NULL,NULL,NULL,NULL,NULL),
	(40,'1562','luyao40',b'0',NULL,NULL,NULL,NULL,NULL,0,0,0,44,NULL,NULL,NULL,NULL,NULL,NULL,NULL,NULL),
	(41,'1563','luyao41',b'0',NULL,NULL,NULL,NULL,NULL,0,0,0,45,NULL,NULL,NULL,NULL,NULL,NULL,NULL,NULL),
	(42,'1564','luyao42',b'0',NULL,NULL,NULL,NULL,NULL,0,0,0,46,NULL,NULL,NULL,NULL,NULL,NULL,NULL,NULL),
	(43,'1565','luyao43',b'0',NULL,NULL,NULL,NULL,NULL,0,0,0,47,NULL,NULL,NULL,NULL,NULL,NULL,NULL,NULL),
	(44,'1566','luyao44',b'0',NULL,NULL,NULL,NULL,NULL,0,0,0,48,NULL,NULL,NULL,NULL,NULL,NULL,NULL,NULL),
	(45,'1567','luyao45',b'0',NULL,NULL,NULL,NULL,NULL,0,0,0,49,NULL,NULL,NULL,NULL,NULL,NULL,NULL,NULL),
	(46,'1568','luyao46',b'0',NULL,NULL,NULL,NULL,NULL,0,0,0,50,NULL,NULL,NULL,NULL,NULL,NULL,NULL,NULL),
	(47,'1569','luyao47',b'0',NULL,NULL,NULL,NULL,NULL,0,0,0,51,NULL,NULL,NULL,NULL,NULL,NULL,NULL,NULL),
	(48,'1570','luyao48',b'0',NULL,NULL,NULL,NULL,NULL,0,0,0,52,NULL,NULL,NULL,NULL,NULL,NULL,NULL,NULL),
	(49,'1571','luyao49',b'0',NULL,NULL,NULL,NULL,NULL,0,0,0,53,NULL,NULL,NULL,NULL,NULL,NULL,NULL,NULL),
	(50,'1572','luyao50',b'0',NULL,NULL,NULL,NULL,NULL,0,0,0,54,NULL,NULL,NULL,NULL,NULL,NULL,NULL,NULL),
	(51,'1573','luyao51',b'0',NULL,NULL,NULL,NULL,NULL,0,0,0,55,NULL,NULL,NULL,NULL,NULL,NULL,NULL,NULL),
	(52,'1574','luyao52',b'0',NULL,NULL,NULL,NULL,NULL,0,0,0,56,NULL,NULL,NULL,NULL,NULL,NULL,NULL,NULL),
	(53,'1575','luyao53',b'0',NULL,NULL,NULL,NULL,NULL,0,0,0,57,NULL,NULL,NULL,NULL,NULL,NULL,NULL,NULL),
	(54,'1576','luyao54',b'0',NULL,NULL,NULL,NULL,NULL,0,0,0,58,NULL,NULL,NULL,NULL,NULL,NULL,NULL,NULL),
	(55,'1577','luyao55',b'0',NULL,NULL,NULL,NULL,NULL,0,0,0,59,NULL,NULL,NULL,NULL,NULL,NULL,NULL,NULL),
	(56,'1578','luyao56',b'0',NULL,NULL,NULL,NULL,NULL,0,0,0,60,NULL,NULL,NULL,NULL,NULL,NULL,NULL,NULL),
	(57,'1579','luyao57',b'0',NULL,NULL,NULL,NULL,NULL,0,0,0,61,NULL,NULL,NULL,NULL,NULL,NULL,NULL,NULL),
	(58,'1580','luyao58',b'0',NULL,NULL,NULL,NULL,NULL,0,0,0,62,NULL,NULL,NULL,NULL,NULL,NULL,NULL,NULL),
	(59,'1581','luyao59',b'0',NULL,NULL,NULL,NULL,NULL,0,0,0,63,NULL,NULL,NULL,NULL,NULL,NULL,NULL,NULL),
	(60,'1582','luyao60',b'0',NULL,NULL,NULL,NULL,NULL,0,0,0,64,NULL,NULL,NULL,NULL,NULL,NULL,NULL,NULL),
	(61,'1583','luyao61',b'0',NULL,NULL,NULL,NULL,NULL,0,0,0,65,NULL,NULL,NULL,NULL,NULL,NULL,NULL,NULL),
	(62,'1584','luyao62',b'0',NULL,NULL,NULL,NULL,NULL,0,0,0,66,NULL,NULL,NULL,NULL,NULL,NULL,NULL,NULL),
	(63,'1585','luyao63',b'0',NULL,NULL,NULL,NULL,NULL,0,0,0,67,NULL,NULL,NULL,NULL,NULL,NULL,NULL,NULL),
	(64,'1586','luyao64',b'0',NULL,NULL,NULL,NULL,NULL,0,0,0,68,NULL,NULL,NULL,NULL,NULL,NULL,NULL,NULL),
	(65,'1587','luyao65',b'0',NULL,NULL,NULL,NULL,NULL,0,0,0,69,NULL,NULL,NULL,NULL,NULL,NULL,NULL,NULL),
	(66,'1588','luyao66',b'0',NULL,NULL,NULL,NULL,NULL,0,0,0,70,NULL,NULL,NULL,NULL,NULL,NULL,NULL,NULL),
	(67,'1589','luyao67',b'0',NULL,NULL,NULL,NULL,NULL,0,0,0,71,68,68,NULL,NULL,NULL,NULL,NULL,NULL),
	(68,'1590','luyao68',b'0',NULL,NULL,NULL,NULL,NULL,0,0,0,72,NULL,NULL,NULL,NULL,NULL,NULL,NULL,NULL),
	(69,'1591','luyao69',b'0',NULL,NULL,NULL,NULL,NULL,0,0,0,73,NULL,NULL,NULL,NULL,NULL,NULL,NULL,NULL),
	(70,'1592','luyao70',b'0',NULL,NULL,NULL,NULL,NULL,0,0,0,74,NULL,NULL,NULL,NULL,NULL,NULL,NULL,NULL),
	(71,'1593','luyao71',b'0',NULL,NULL,NULL,NULL,NULL,0,0,0,75,NULL,NULL,NULL,NULL,NULL,NULL,NULL,NULL),
	(72,'1594','luyao72',b'0',NULL,NULL,NULL,NULL,NULL,0,0,0,76,NULL,NULL,NULL,NULL,NULL,NULL,NULL,NULL),
	(73,'1595','luyao73',b'0',NULL,NULL,NULL,NULL,NULL,0,0,0,77,NULL,NULL,NULL,NULL,NULL,NULL,NULL,NULL),
	(74,'1596','luyao74',b'0',NULL,NULL,NULL,NULL,NULL,0,0,0,78,NULL,NULL,NULL,NULL,NULL,NULL,NULL,NULL),
	(75,'1597','luyao75',b'0',NULL,NULL,NULL,NULL,NULL,0,0,0,79,NULL,NULL,NULL,NULL,NULL,NULL,NULL,NULL),
	(76,'1598','luyao76',b'0',NULL,NULL,NULL,NULL,NULL,0,0,0,80,NULL,NULL,NULL,NULL,NULL,NULL,NULL,NULL),
	(77,'1599','luyao77',b'0',NULL,NULL,NULL,NULL,NULL,0,0,0,81,NULL,NULL,NULL,NULL,NULL,NULL,NULL,NULL),
	(78,'1600','luyao78',b'0',NULL,NULL,NULL,NULL,NULL,0,0,0,82,NULL,NULL,NULL,NULL,NULL,NULL,NULL,NULL),
	(79,'1601','luyao79',b'0',NULL,NULL,NULL,NULL,NULL,0,0,0,83,NULL,NULL,NULL,NULL,NULL,NULL,NULL,NULL),
	(80,'1602','luyao80',b'0',NULL,NULL,NULL,NULL,NULL,0,0,0,84,NULL,NULL,NULL,NULL,NULL,NULL,NULL,NULL),
	(81,'1603','luyao81',b'0',NULL,NULL,NULL,NULL,NULL,0,0,0,85,NULL,NULL,NULL,NULL,NULL,NULL,NULL,NULL),
	(82,'1604','luyao82',b'0',NULL,NULL,NULL,NULL,NULL,0,0,0,86,NULL,NULL,NULL,NULL,NULL,NULL,NULL,NULL),
	(83,'1605','luyao83',b'0',NULL,NULL,NULL,NULL,NULL,0,0,0,87,NULL,NULL,NULL,NULL,NULL,NULL,NULL,NULL),
	(84,'1606','luyao84',b'0',NULL,NULL,NULL,NULL,NULL,0,0,0,88,NULL,NULL,NULL,NULL,NULL,NULL,NULL,NULL),
	(85,'1607','luyao85',b'0',NULL,NULL,NULL,NULL,NULL,0,0,0,89,NULL,NULL,NULL,NULL,NULL,NULL,NULL,NULL),
	(86,'1608','luyao86',b'0',NULL,NULL,NULL,NULL,NULL,0,0,0,90,NULL,NULL,NULL,NULL,NULL,NULL,NULL,NULL),
	(87,'1609','luyao87',b'0',NULL,NULL,NULL,NULL,NULL,0,0,0,91,NULL,NULL,NULL,NULL,NULL,NULL,NULL,NULL),
	(88,'1610','luyao88',b'0',NULL,NULL,NULL,NULL,NULL,0,0,0,92,NULL,NULL,NULL,NULL,NULL,NULL,NULL,NULL),
	(89,'1611','luyao89',b'0',NULL,NULL,NULL,NULL,NULL,0,0,0,93,NULL,NULL,NULL,NULL,NULL,NULL,NULL,NULL),
	(90,'1612','luyao90',b'0',NULL,NULL,NULL,NULL,NULL,0,0,0,94,NULL,NULL,NULL,NULL,NULL,NULL,NULL,NULL),
	(91,'1613','luyao91',b'0',NULL,NULL,NULL,NULL,NULL,0,0,0,95,NULL,NULL,NULL,NULL,NULL,NULL,NULL,NULL),
	(92,'1614','luyao92',b'0',NULL,NULL,NULL,NULL,NULL,0,0,0,96,NULL,NULL,NULL,NULL,NULL,NULL,NULL,NULL),
	(93,'1615','luyao93',b'0',NULL,NULL,NULL,NULL,NULL,0,0,0,97,NULL,NULL,NULL,NULL,NULL,NULL,NULL,NULL),
	(94,'1616','luyao94',b'0',NULL,NULL,NULL,NULL,NULL,0,0,0,98,NULL,NULL,NULL,NULL,NULL,NULL,NULL,NULL),
	(95,'1617','luyao95',b'0',NULL,NULL,NULL,NULL,NULL,0,0,0,99,NULL,NULL,NULL,NULL,NULL,NULL,NULL,NULL),
	(96,'1618','luyao96',b'0',NULL,NULL,NULL,NULL,NULL,0,0,0,100,NULL,NULL,NULL,NULL,NULL,NULL,NULL,NULL),
	(97,'1619','luyao97',b'0',NULL,NULL,NULL,NULL,NULL,0,0,0,101,NULL,NULL,NULL,NULL,NULL,NULL,NULL,NULL),
	(98,'1620','luyao98',b'0',NULL,NULL,NULL,NULL,NULL,0,0,0,102,NULL,NULL,NULL,NULL,NULL,NULL,NULL,NULL),
	(99,'1621','luyao99',b'0',NULL,NULL,NULL,NULL,NULL,0,0,0,103,NULL,NULL,NULL,NULL,NULL,NULL,NULL,NULL),
	(100,'1622','luyao100',b'0',NULL,NULL,NULL,NULL,NULL,0,0,0,104,NULL,NULL,NULL,NULL,NULL,NULL,NULL,NULL),
	(101,'1623','luyao101',b'0',NULL,NULL,NULL,NULL,NULL,NULL,NULL,NULL,105,53,55,NULL,NULL,NULL,NULL,NULL,NULL),
	(102,'1624','luyao102',b'0',NULL,NULL,NULL,NULL,NULL,NULL,NULL,NULL,106,NULL,NULL,NULL,NULL,NULL,NULL,NULL,NULL),
	(103,'1625','luyao103',b'0',NULL,NULL,NULL,NULL,NULL,NULL,NULL,NULL,107,NULL,NULL,NULL,NULL,NULL,NULL,NULL,NULL),
	(104,'1626','luyao104',b'0',NULL,NULL,NULL,NULL,NULL,NULL,NULL,NULL,108,NULL,NULL,NULL,NULL,NULL,NULL,NULL,NULL),
	(105,'1627','luyao106',b'0',NULL,NULL,NULL,NULL,NULL,NULL,NULL,NULL,109,NULL,NULL,NULL,NULL,NULL,NULL,NULL,NULL),
	(106,'1628','luyao107',b'0',NULL,NULL,NULL,NULL,NULL,NULL,NULL,NULL,110,NULL,NULL,NULL,NULL,NULL,NULL,NULL,NULL),
	(107,'1629','luyao108',b'0',NULL,NULL,NULL,NULL,NULL,NULL,NULL,NULL,111,NULL,NULL,NULL,NULL,NULL,NULL,NULL,NULL),
	(108,'1630','luyao109',b'0',NULL,NULL,NULL,NULL,NULL,NULL,NULL,NULL,112,NULL,NULL,NULL,NULL,NULL,NULL,NULL,NULL),
	(109,'1631','luyao110',b'0',NULL,NULL,NULL,NULL,NULL,NULL,NULL,NULL,113,NULL,NULL,NULL,NULL,NULL,NULL,NULL,NULL),
	(110,'1632','luyao111',b'0',NULL,NULL,NULL,NULL,NULL,NULL,NULL,NULL,114,NULL,NULL,NULL,NULL,NULL,NULL,NULL,NULL),
	(111,'1633','luyao112',b'0',NULL,NULL,NULL,NULL,NULL,NULL,NULL,NULL,115,NULL,NULL,NULL,NULL,NULL,NULL,NULL,NULL),
	(112,'1634','luyao133',b'0',NULL,NULL,NULL,NULL,NULL,NULL,NULL,NULL,116,NULL,NULL,NULL,NULL,NULL,NULL,NULL,NULL),
	(113,'1635','luyao1222',b'0',NULL,NULL,NULL,NULL,NULL,NULL,NULL,NULL,117,NULL,NULL,NULL,NULL,NULL,NULL,NULL,NULL),
	(114,'1636','luyao140',b'0',NULL,NULL,NULL,NULL,NULL,NULL,NULL,NULL,118,NULL,NULL,NULL,NULL,NULL,NULL,NULL,NULL),
	(115,'1637','luyao141',b'0',NULL,NULL,NULL,NULL,NULL,NULL,NULL,NULL,119,NULL,NULL,NULL,NULL,NULL,NULL,NULL,NULL),
	(116,'1638','luyao142',b'0',NULL,NULL,NULL,NULL,NULL,NULL,NULL,NULL,120,1,2,NULL,NULL,NULL,NULL,NULL,NULL),
	(117,'1639','luyao151',b'0',NULL,NULL,NULL,NULL,NULL,NULL,NULL,NULL,121,NULL,NULL,NULL,NULL,NULL,NULL,NULL,NULL),
	(118,'1640','luyao153',b'0',NULL,NULL,NULL,NULL,NULL,NULL,NULL,NULL,122,NULL,NULL,NULL,NULL,NULL,NULL,NULL,NULL),
	(119,'1641','luyao200',b'0',NULL,NULL,NULL,NULL,NULL,NULL,NULL,NULL,123,NULL,NULL,NULL,NULL,NULL,NULL,NULL,NULL),
	(120,'1642','luyao202',b'0',NULL,NULL,NULL,NULL,NULL,NULL,NULL,NULL,124,NULL,NULL,NULL,NULL,NULL,NULL,NULL,NULL),
	(121,'1643','luyao203',b'0',NULL,NULL,NULL,NULL,NULL,NULL,NULL,NULL,125,NULL,NULL,NULL,NULL,NULL,NULL,NULL,NULL),
	(122,'1644','luyao204',b'0',NULL,NULL,NULL,NULL,NULL,NULL,NULL,NULL,126,NULL,NULL,NULL,NULL,NULL,NULL,NULL,NULL),
	(123,'1645','luyao205',b'0',NULL,NULL,NULL,NULL,NULL,NULL,NULL,NULL,127,NULL,NULL,NULL,NULL,NULL,NULL,NULL,NULL),
	(124,'1646','luyao212',b'0',NULL,NULL,NULL,NULL,NULL,NULL,NULL,NULL,128,NULL,NULL,NULL,NULL,NULL,NULL,NULL,NULL),
	(125,'1647','luyao301',b'0',NULL,NULL,NULL,NULL,NULL,NULL,NULL,NULL,129,NULL,NULL,NULL,NULL,NULL,NULL,NULL,NULL),
	(126,'1648','luyao302',b'0',NULL,NULL,NULL,NULL,NULL,NULL,NULL,NULL,130,NULL,NULL,NULL,NULL,NULL,NULL,NULL,NULL),
	(127,'1649','luyao333',b'0',NULL,NULL,NULL,NULL,NULL,NULL,NULL,NULL,131,NULL,NULL,NULL,NULL,NULL,NULL,NULL,NULL),
	(128,'1650','luyao502',b'0',NULL,NULL,NULL,NULL,NULL,NULL,NULL,NULL,132,NULL,NULL,NULL,NULL,NULL,NULL,NULL,NULL),
	(129,'1651','luyao303',b'0',NULL,NULL,NULL,NULL,NULL,NULL,NULL,NULL,133,NULL,NULL,NULL,NULL,NULL,NULL,NULL,NULL),
	(130,'1652','luyao304',b'0',NULL,NULL,NULL,NULL,NULL,NULL,NULL,NULL,134,NULL,NULL,NULL,NULL,NULL,NULL,NULL,NULL),
	(131,'1653','luyao305',b'0',NULL,NULL,NULL,NULL,NULL,NULL,NULL,NULL,135,NULL,NULL,NULL,NULL,NULL,NULL,NULL,NULL),
	(132,'1654','luyao306',b'0',NULL,NULL,NULL,NULL,NULL,NULL,NULL,NULL,136,NULL,NULL,NULL,NULL,NULL,NULL,NULL,NULL),
	(133,'1655','luyao307',b'0',NULL,NULL,NULL,NULL,NULL,NULL,NULL,NULL,137,NULL,NULL,NULL,NULL,NULL,NULL,NULL,NULL),
	(134,'1656','luyao311',b'0',NULL,NULL,NULL,NULL,NULL,NULL,NULL,NULL,138,NULL,NULL,NULL,NULL,NULL,NULL,NULL,NULL),
	(135,'1657','luyao312',b'0',NULL,NULL,NULL,NULL,NULL,NULL,NULL,NULL,139,NULL,NULL,NULL,NULL,NULL,NULL,NULL,NULL),
	(136,'1658','luyao313',b'0',NULL,NULL,NULL,NULL,NULL,NULL,NULL,NULL,140,NULL,NULL,NULL,NULL,NULL,NULL,NULL,NULL),
	(137,'1659','luyao314',b'0',NULL,NULL,NULL,NULL,NULL,NULL,NULL,NULL,141,NULL,NULL,NULL,NULL,NULL,NULL,NULL,NULL),
	(138,'1660','luyao315',b'0',NULL,NULL,NULL,NULL,NULL,NULL,NULL,NULL,142,33,34,NULL,NULL,NULL,NULL,NULL,NULL),
	(139,'1661','luyao316',b'0',NULL,NULL,NULL,NULL,NULL,NULL,NULL,NULL,143,NULL,NULL,NULL,NULL,NULL,NULL,NULL,NULL),
	(140,'1662','luyao317',b'0',NULL,NULL,NULL,NULL,NULL,NULL,NULL,NULL,144,NULL,NULL,NULL,NULL,NULL,NULL,NULL,NULL),
	(141,'1663','luyao318',b'0',NULL,NULL,NULL,NULL,NULL,NULL,NULL,NULL,145,NULL,NULL,NULL,NULL,'','','',''),
	(142,'1664','luyao319',b'0',NULL,NULL,NULL,NULL,NULL,NULL,NULL,NULL,146,NULL,NULL,NULL,NULL,'','','',''),
	(143,'1665','luyao320',b'0',NULL,NULL,NULL,NULL,NULL,NULL,NULL,NULL,147,NULL,NULL,NULL,NULL,'','','',''),
	(144,'1666','luyao321',b'0',NULL,NULL,NULL,NULL,NULL,NULL,NULL,NULL,148,NULL,NULL,NULL,NULL,'','','',''),
	(145,'1667','luyao322',b'0',NULL,NULL,NULL,NULL,NULL,NULL,NULL,NULL,149,NULL,NULL,NULL,NULL,'','','',''),
	(146,'1668','luyao323',b'0',NULL,NULL,NULL,NULL,NULL,NULL,NULL,NULL,150,NULL,NULL,NULL,NULL,'','','',''),
	(147,'1669','luyao324',b'0',NULL,NULL,NULL,NULL,NULL,NULL,NULL,NULL,151,NULL,NULL,NULL,NULL,'','','',''),
	(148,'1670','luyao325',b'0',NULL,NULL,NULL,NULL,NULL,NULL,NULL,NULL,152,NULL,NULL,NULL,NULL,'','','',''),
	(149,'1671','luyao326',b'0',NULL,NULL,NULL,NULL,NULL,NULL,NULL,NULL,153,NULL,NULL,NULL,NULL,'','','',''),
	(150,'1672','luyao327',b'0',NULL,NULL,NULL,NULL,NULL,NULL,NULL,NULL,154,NULL,NULL,NULL,NULL,'','','',''),
	(151,'1673','luyao328',b'0',NULL,NULL,NULL,NULL,NULL,NULL,NULL,NULL,155,NULL,NULL,NULL,NULL,'','','',''),
	(152,'1674','luyao329',b'0',NULL,NULL,NULL,NULL,NULL,NULL,NULL,NULL,156,NULL,NULL,NULL,NULL,'','','',''),
	(153,'1675','John',b'0',NULL,NULL,NULL,NULL,NULL,NULL,NULL,NULL,157,NULL,NULL,NULL,NULL,'','','',''),
	(154,'1676','Mike',b'0',NULL,NULL,NULL,NULL,NULL,NULL,NULL,NULL,158,NULL,NULL,NULL,NULL,'','','',''),
	(155,'1677','luyao666',b'0',NULL,NULL,NULL,NULL,NULL,NULL,NULL,NULL,159,NULL,NULL,NULL,NULL,'','','','');

/*!40000 ALTER TABLE `mbe_user` ENABLE KEYS */;
UNLOCK TABLES;


# Dump of table mgl_image
# ------------------------------------------------------------

DROP TABLE IF EXISTS `mgl_image`;

CREATE TABLE `mgl_image` (
  `id` bigint(20) NOT NULL AUTO_INCREMENT,
  `deleted` bit(1) DEFAULT NULL,
  `updated_date` timestamp NULL DEFAULT NULL,
  `image_type` varchar(255) DEFAULT NULL,
  `small` varchar(255) DEFAULT NULL,
  `medium` varchar(255) DEFAULT NULL,
  `large` varchar(255) DEFAULT NULL,
  `original` varchar(255) DEFAULT NULL,
  `info_id` bigint(20) DEFAULT NULL,
  PRIMARY KEY (`id`),
  KEY `fk_mgl_image_info_id` (`info_id`)
) ENGINE=InnoDB DEFAULT CHARSET=utf8;

LOCK TABLES `mgl_image` WRITE;
/*!40000 ALTER TABLE `mgl_image` DISABLE KEYS */;

INSERT INTO `mgl_image` (`id`, `deleted`, `updated_date`, `image_type`, `small`, `medium`, `large`, `original`, `info_id`)
VALUES
	(1,b'0','2016-12-31 16:14:42','INFO_IMAGE','small.upload5808153365050305018.jpg','medium.upload5808153365050305018.jpg','large.upload5808153365050305018.jpg','original.upload5808153365050305018.jpg',2),
	(2,b'1','2017-01-15 15:39:45','INFO_IMAGE','small.upload7743772187577536107.jpg','medium.upload7743772187577536107.jpg','large.upload7743772187577536107.jpg','original.upload7743772187577536107.jpg',1),
	(3,b'0','2017-01-15 15:20:18','INFO_IMAGE','small.upload3958842647955643365.jpg','medium.upload3958842647955643365.jpg','large.upload3958842647955643365.jpg','original.upload3958842647955643365.jpg',1),
	(4,b'0','2017-01-15 15:20:27','INFO_IMAGE','small.upload1266992564113201216.jpg','medium.upload1266992564113201216.jpg','large.upload1266992564113201216.jpg','original.upload1266992564113201216.jpg',1),
	(5,b'0','2017-01-15 15:40:09','INFO_IMAGE','small.upload1550642914185381712.jpg','medium.upload1550642914185381712.jpg','large.upload1550642914185381712.jpg','original.upload1550642914185381712.jpg',1);

/*!40000 ALTER TABLE `mgl_image` ENABLE KEYS */;
UNLOCK TABLES;


# Dump of table mgl_more_service
# ------------------------------------------------------------

DROP TABLE IF EXISTS `mgl_more_service`;

CREATE TABLE `mgl_more_service` (
  `id` bigint(20) NOT NULL AUTO_INCREMENT,
  `education_standard` int(11) DEFAULT NULL,
  `airport_pickup` varchar(255) DEFAULT NULL,
  `airport_pickup_price` double DEFAULT NULL,
  `school_pickup` varchar(255) DEFAULT NULL,
  `school_pickup_price` double DEFAULT NULL,
  `course_training` varchar(255) DEFAULT NULL,
  `course_training_price` double DEFAULT NULL,
  `course_planing` varchar(255) DEFAULT NULL,
  `course_planing_price` double DEFAULT NULL,
  `visa_application` varchar(255) DEFAULT NULL,
  `visa_application_price` double DEFAULT NULL,
  `permit_application` varchar(255) DEFAULT NULL,
  `permit_application_price` double DEFAULT NULL,
  `switch_school` varchar(255) DEFAULT NULL,
  `switch_school_price` double DEFAULT NULL,
  `service_description` varchar(255) DEFAULT NULL,
  PRIMARY KEY (`id`)
) ENGINE=InnoDB DEFAULT CHARSET=utf8;

LOCK TABLES `mgl_more_service` WRITE;
/*!40000 ALTER TABLE `mgl_more_service` DISABLE KEYS */;

INSERT INTO `mgl_more_service` (`id`, `education_standard`, `airport_pickup`, `airport_pickup_price`, `school_pickup`, `school_pickup_price`, `course_training`, `course_training_price`, `course_planing`, `course_planing_price`, `visa_application`, `visa_application_price`, `permit_application`, `permit_application_price`, `switch_school`, `switch_school_price`, `service_description`)
VALUES
	(1,1,'FREE',0,'FIXED_PRICE',54,'FREE',123,'FREE',0,'FIXED_PRICE',150,'FIXED_PRICE',150,'NEGOTIATE',0,'we can give you all the good service'),
	(2,0,'NONE',0,'NONE',54,'NONE',123,'FREE',0,'FIXED_PRICE',150,'FIXED_PRICE',150,'NEGOTIATE',0,'we can give you all the good service'),
	(3,0,'NONE',0,'NONE',54,'FIXED_PRICE',123,'FREE',0,'FIXED_PRICE',150,'FIXED_PRICE',150,'NEGOTIATE',0,'we can give you all the good service'),
	(4,1,'NONE',0,'FIXED_PRICE',54,'FIXED_PRICE',123,'NONE',0,'FIXED_PRICE',150,'FIXED_PRICE',150,'NEGOTIATE',0,'we can give you all the good service'),
	(5,1,'FREE',0,'NONE',54,'FIXED_PRICE',123,'FREE',0,'FIXED_PRICE',150,'FIXED_PRICE',150,'NEGOTIATE',0,'we can give you all the good service'),
	(6,1,'NONE',0,'FIXED_PRICE',54,'FIXED_PRICE',123,'FREE',0,'FIXED_PRICE',150,'FIXED_PRICE',150,'NEGOTIATE',0,'we can give you all the good service'),
	(7,1,'FREE',0,'NONE',54,'NONE',123,'NONE',0,'FIXED_PRICE',150,'FIXED_PRICE',150,'NEGOTIATE',0,'we can give you all the good service'),
	(8,1,'FREE',0,'FIXED_PRICE',511,'FIXED_PRICE',123,'FREE',0,'FIXED_PRICE',150,'FIXED_PRICE',150,'NEGOTIATE',0,'we can give you all the good service11'),
	(9,1,'FREE',0,'FIXED_PRICE',54,'NONE',123,'NONE',0,'FIXED_PRICE',150,'FIXED_PRICE',150,'NEGOTIATE',0,'we can give you all the good service'),
	(10,1,'NONE',0,'FIXED_PRICE',54,'FIXED_PRICE',123,'FREE',0,'FIXED_PRICE',150,'FIXED_PRICE',150,'NEGOTIATE',0,'we can give you all the good service'),
	(11,1,'FREE',0,'NONE',54,'NONE',123,'FREE',0,'FIXED_PRICE',150,'FIXED_PRICE',150,'NEGOTIATE',0,'we can give you all the good service'),
	(12,1,'FREE',0,'FIXED_PRICE',54,'FIXED_PRICE',123,'NONE',0,'FIXED_PRICE',150,'FIXED_PRICE',150,'NEGOTIATE',0,'we can give you all the good service'),
	(13,1,'NONE',0,'FIXED_PRICE',54,'FIXED_PRICE',123,'FREE',0,'FIXED_PRICE',150,'FIXED_PRICE',150,'NEGOTIATE',0,'we can give you all the good service'),
	(14,1,'FREE',0,'NONE',54,'NONE',123,'FREE',0,'FIXED_PRICE',150,'FIXED_PRICE',150,'NEGOTIATE',0,'we can give you all the good service'),
	(15,1,'FREE',0,'FIXED_PRICE',54,'FIXED_PRICE',123,'NONE',0,'FIXED_PRICE',150,'FIXED_PRICE',150,'NEGOTIATE',0,'we can give you all the good service'),
	(16,1,'NONE',0,'FIXED_PRICE',54,'FIXED_PRICE',123,'FREE',0,'FIXED_PRICE',150,'FIXED_PRICE',150,'NEGOTIATE',0,'we can give you all the good service'),
	(17,1,'FREE',0,'NONE',54,'NONE',123,'FREE',0,'FIXED_PRICE',150,'FIXED_PRICE',150,'NEGOTIATE',0,'we can give you all the good service'),
	(18,1,'FREE',0,'FIXED_PRICE',54,'FIXED_PRICE',123,'NONE',0,'FIXED_PRICE',150,'FIXED_PRICE',150,'NEGOTIATE',0,'we can give you all the good service'),
	(19,1,'NONE',0,'FIXED_PRICE',54,'FIXED_PRICE',123,'FREE',0,'FIXED_PRICE',150,'FIXED_PRICE',150,'NEGOTIATE',0,'we can give you all the good service'),
	(20,1,'FREE',0,'NONE',54,'NONE',123,'FREE',0,'FIXED_PRICE',150,'FIXED_PRICE',150,'NEGOTIATE',0,'we can give you all the good service'),
	(21,1,'NONE',0,'FIXED_PRICE',54,'FIXED_PRICE',123,'NONE',0,'FIXED_PRICE',150,'FIXED_PRICE',150,'NEGOTIATE',0,'we can give you all the good service'),
	(22,1,'FREE',0,'FIXED_PRICE',54,'FIXED_PRICE',123,'FREE',0,'FIXED_PRICE',150,'FIXED_PRICE',150,'NEGOTIATE',0,'we can give you all the good service'),
	(23,1,'NONE',0,'FIXED_PRICE',54,'NONE',123,'FREE',0,'FIXED_PRICE',150,'FIXED_PRICE',150,'NEGOTIATE',0,'we can give you all the good service'),
	(24,1,'FREE',0,'FIXED_PRICE',54,'FIXED_PRICE',123,'FREE',0,'FIXED_PRICE',150,'FIXED_PRICE',150,'NEGOTIATE',0,'we can give you all the good service'),
	(25,1,'FREE',0,'NONE',54,'NONE',123,'FREE',0,'FIXED_PRICE',150,'FIXED_PRICE',150,'NEGOTIATE',0,'we can give you all the good service'),
	(26,1,'FREE',0,'FIXED_PRICE',54,'FIXED_PRICE',123,'NONE',0,'FIXED_PRICE',150,'FIXED_PRICE',150,'NEGOTIATE',0,'we can give you all the good service'),
	(27,1,'FREE',0,'FIXED_PRICE',54,'FIXED_PRICE',123,'FREE',0,'FIXED_PRICE',150,'FIXED_PRICE',150,'NEGOTIATE',0,'we can give you all the good service'),
	(28,1,'FREE',0,'FIXED_PRICE',54,'NONE',123,'FREE',0,'FIXED_PRICE',150,'FIXED_PRICE',150,'NEGOTIATE',0,'we can give you all the good service'),
	(29,1,'FREE',0,'NONE',54,'FIXED_PRICE',123,'FREE',0,'FIXED_PRICE',150,'FIXED_PRICE',150,'NEGOTIATE',0,'we can give you all the good service'),
	(30,1,'NONE',0,'FIXED_PRICE',54,'NONE',123,'NONE',0,'FIXED_PRICE',150,'FIXED_PRICE',150,'NEGOTIATE',0,'we can give you all the good service'),
	(31,1,'FREE',0,'NONE',54,'NONE',123,'FREE',0,'FIXED_PRICE',150,'FIXED_PRICE',150,'NEGOTIATE',0,'we can give you all the good service'),
	(32,1,'FREE',0,'FIXED_PRICE',54,'FIXED_PRICE',123,'FREE',0,'FIXED_PRICE',150,'FIXED_PRICE',150,'NEGOTIATE',0,'we can give you all the good service'),
	(33,1,'NONE',0,'FIXED_PRICE',54,'NONE',123,'FREE',0,'FIXED_PRICE',150,'FIXED_PRICE',150,'NEGOTIATE',0,'we can give you all the good service'),
	(34,1,'FREE',0,'NONE',54,'FIXED_PRICE',123,'NONE',0,'FIXED_PRICE',150,'FIXED_PRICE',150,'NEGOTIATE',0,'we can give you all the good service'),
	(35,1,'FREE',0,'FIXED_PRICE',54,'FIXED_PRICE',123,'FREE',0,'FIXED_PRICE',150,'FIXED_PRICE',150,'NEGOTIATE',0,'we can give you all the good service'),
	(36,1,'FREE',0,'FIXED_PRICE',54,'FIXED_PRICE',123,'FREE',0,'FIXED_PRICE',150,'FIXED_PRICE',150,'NEGOTIATE',0,'we can give you all the good service'),
	(37,1,'FREE',0,'FIXED_PRICE',54,'NONE',123,'NONE',0,'FIXED_PRICE',150,'FIXED_PRICE',150,'NEGOTIATE',0,'we can give you all the good service'),
	(38,1,'NONE',0,'NONE',54,'FIXED_PRICE',123,'FREE',0,'FIXED_PRICE',150,'FIXED_PRICE',150,'NEGOTIATE',0,'we can give you all the good service'),
	(39,1,'FREE',0,'FIXED_PRICE',54,'FIXED_PRICE',123,'FREE',0,'FIXED_PRICE',150,'FIXED_PRICE',150,'NEGOTIATE',0,'we can give you all the good service'),
	(40,1,'FREE',0,'FIXED_PRICE',54,'FIXED_PRICE',123,'FREE',0,'FIXED_PRICE',150,'FIXED_PRICE',150,'NEGOTIATE',0,'we can give you all the good service'),
	(41,1,'NONE',0,'FIXED_PRICE',54,'NONE',123,'NONE',0,'FIXED_PRICE',150,'FIXED_PRICE',150,'NEGOTIATE',0,'we can give you all the good service'),
	(42,1,'FREE',0,'NONE',54,'FIXED_PRICE',123,'FREE',0,'FIXED_PRICE',150,'FIXED_PRICE',150,'NEGOTIATE',0,'we can give you all the good service'),
	(43,1,'NONE',0,'FIXED_PRICE',54,'FIXED_PRICE',123,'FREE',0,'FIXED_PRICE',150,'FIXED_PRICE',150,'NEGOTIATE',0,'we can give you all the good service'),
	(44,1,'FREE',0,'NONE',54,'NONE',123,'FREE',0,'FIXED_PRICE',150,'FIXED_PRICE',150,'NEGOTIATE',0,'we can give you all the good service'),
	(45,1,'FREE',0,'FIXED_PRICE',54,'FIXED_PRICE',123,'NONE',0,'FIXED_PRICE',150,'FIXED_PRICE',150,'NEGOTIATE',0,'we can give you all the good service'),
	(46,1,'NONE',0,'FIXED_PRICE',54,'FIXED_PRICE',123,'NONE',0,'FIXED_PRICE',150,'FIXED_PRICE',150,'NEGOTIATE',0,'we can give you all the good service'),
	(47,1,'FREE',0,'FIXED_PRICE',54,'NONE',123,'FREE',0,'FIXED_PRICE',150,'FIXED_PRICE',150,'NEGOTIATE',0,'we can give you all the good service'),
	(48,1,'FREE',0,'NONE',54,'FIXED_PRICE',123,'FREE',0,'FIXED_PRICE',150,'FIXED_PRICE',150,'NEGOTIATE',0,'we can give you all the good service'),
	(49,1,'NONE',0,'FIXED_PRICE',54,'FIXED_PRICE',123,'NONE',0,'FIXED_PRICE',150,'FIXED_PRICE',150,'NEGOTIATE',0,'we can give you all the good service'),
	(50,1,'FREE',0,'FIXED_PRICE',54,'FIXED_PRICE',123,'FREE',0,'FIXED_PRICE',150,'FIXED_PRICE',150,'NEGOTIATE',0,'we can give you all the good service'),
	(51,1,'FREE',0,'FIXED_PRICE',54,'FIXED_PRICE',123,'FREE',0,'FIXED_PRICE',150,'FIXED_PRICE',150,'NEGOTIATE',0,'we can give you all the good service'),
	(52,1,'NONE',0,'NONE',54,'FIXED_PRICE',123,'FREE',0,'FIXED_PRICE',150,'FIXED_PRICE',150,'NEGOTIATE',0,'we can give you all the good service'),
	(53,1,'NONE',0,'FIXED_PRICE',54,'FIXED_PRICE',123,'NONE',0,'FIXED_PRICE',150,'FIXED_PRICE',150,'NEGOTIATE',0,'we can give you all the good service'),
	(54,1,'FREE',0,'FIXED_PRICE',54,'NONE',123,'FREE',0,'FIXED_PRICE',150,'FIXED_PRICE',150,'NEGOTIATE',0,'we can give you all the good service'),
	(55,1,'NONE',0,'FIXED_PRICE',54,'FIXED_PRICE',123,'FREE',0,'FIXED_PRICE',150,'FIXED_PRICE',150,'NEGOTIATE',0,'we can give you all the good service'),
	(56,1,'FREE',0,'NONE',54,'FIXED_PRICE',123,'NONE',0,'FIXED_PRICE',150,'FIXED_PRICE',150,'NEGOTIATE',0,'we can give you all the good service'),
	(57,1,'FREE',0,'FIXED_PRICE',54,'FIXED_PRICE',123,'FREE',0,'FIXED_PRICE',150,'FIXED_PRICE',150,'NEGOTIATE',0,'we can give you all the good service'),
	(58,1,'NONE',0,'FIXED_PRICE',54,'NONE',123,'FREE',0,'FIXED_PRICE',150,'FIXED_PRICE',150,'NEGOTIATE',0,'we can give you all the good service'),
	(59,1,'FREE',0,'FIXED_PRICE',54,'FIXED_PRICE',123,'NONE',0,'FIXED_PRICE',150,'FIXED_PRICE',150,'NEGOTIATE',0,'we can give you all the good service'),
	(60,1,'FREE',0,'NONE',54,'FIXED_PRICE',123,'FREE',0,'FIXED_PRICE',150,'FIXED_PRICE',150,'NEGOTIATE',0,'we can give you all the good service'),
	(61,1,'FREE',0,'NONE',54,'FREE',123,'FREE',0,'FIXED_PRICE',150,'FIXED_PRICE',150,'NEGOTIATE',0,'we can give you all the good service'),
	(62,1,'NONE',0,'NONE',54,'NONE',123,'NONE',0,'FIXED_PRICE',150,'FIXED_PRICE',150,'NEGOTIATE',0,'we can give you all the good service'),
	(63,1,'NONE',0,'FIXED_PRICE',54,'FIXED_PRICE',123,'FREE',0,'FIXED_PRICE',150,'FIXED_PRICE',150,'NEGOTIATE',0,'we can give you all the good service'),
	(64,1,'NONE',0,'FIXED_PRICE',54,'FIXED_PRICE',123,'NONE',0,'FIXED_PRICE',150,'FIXED_PRICE',150,'NEGOTIATE',0,'we can give you all the good service'),
	(65,1,'FREE',0,'NONE',54,'FIXED_PRICE',123,'FREE',0,'FIXED_PRICE',150,'FIXED_PRICE',150,'NEGOTIATE',0,'we can give you all the good service'),
	(66,1,'FREE',0,'FIXED_PRICE',54,'FIXED_PRICE',123,'NONE',0,'FIXED_PRICE',150,'FIXED_PRICE',150,'NEGOTIATE',0,'we can give you all the good service'),
	(67,1,'FREE',0,'NONE',54,'NONE',123,'FREE',0,'FIXED_PRICE',150,'FIXED_PRICE',150,'NEGOTIATE',0,'we can give you all the good service'),
	(68,1,'FREE',0,'FIXED_PRICE',54,'FIXED_PRICE',123,'FREE',0,'FIXED_PRICE',150,'FIXED_PRICE',150,'NEGOTIATE',0,'we can give you all the good service'),
	(69,1,'FREE',0,'FIXED_PRICE',54,'FIXED_PRICE',123,'FREE',0,'FIXED_PRICE',150,'FIXED_PRICE',150,'NEGOTIATE',0,'we can give you all the good service'),
	(70,1,'NONE',0,'FIXED_PRICE',54,'NONE',123,'FREE',0,'FIXED_PRICE',150,'FIXED_PRICE',150,'NEGOTIATE',0,'we can give you all the good service'),
	(71,1,'FREE',0,'FIXED_PRICE',54,'NONE',123,'FREE',0,'FIXED_PRICE',150,'FIXED_PRICE',150,'NEGOTIATE',0,'we can give you all the good service'),
	(72,1,'FREE',0,'NONE',54,'FIXED_PRICE',123,'FREE',0,'FIXED_PRICE',150,'FIXED_PRICE',150,'NEGOTIATE',0,'we can give you all the good service'),
	(73,1,'FREE',0,'FIXED_PRICE',54,'FIXED_PRICE',123,'FREE',0,'FIXED_PRICE',150,'FIXED_PRICE',150,'NEGOTIATE',0,'we can give you all the good service'),
	(74,1,'FREE',0,'FIXED_PRICE',54,'FIXED_PRICE',123,'FREE',0,'FIXED_PRICE',150,'FIXED_PRICE',150,'NEGOTIATE',0,'we can give you all the good service'),
	(75,1,'NONE',0,'FIXED_PRICE',54,'NONE',123,'NONE',0,'FIXED_PRICE',150,'FIXED_PRICE',150,'NEGOTIATE',0,'we can give you all the good service'),
	(76,1,'FREE',0,'NONE',54,'FIXED_PRICE',123,'FREE',0,'FIXED_PRICE',150,'FIXED_PRICE',150,'NEGOTIATE',0,'we can give you all the good service'),
	(77,1,'FREE',0,'FIXED_PRICE',54,'NONE',123,'FREE',0,'FIXED_PRICE',150,'FIXED_PRICE',150,'NEGOTIATE',0,'we can give you all the good service'),
	(78,1,'FREE',0,'FIXED_PRICE',54,'FIXED_PRICE',123,'NONE',0,'FIXED_PRICE',150,'FIXED_PRICE',150,'NEGOTIATE',0,'we can give you all the good service'),
	(79,1,'FREE',0,'NONE',54,'FIXED_PRICE',123,'FREE',0,'FIXED_PRICE',150,'FIXED_PRICE',150,'NEGOTIATE',0,'we can give you all the good service'),
	(80,1,'NONE',0,'FIXED_PRICE',54,'NONE',123,'FREE',0,'FIXED_PRICE',150,'FIXED_PRICE',150,'NEGOTIATE',0,'we can give you all the good service'),
	(81,1,'FREE',0,'FIXED_PRICE',54,'FIXED_PRICE',123,'FREE',0,'FIXED_PRICE',150,'FIXED_PRICE',150,'NEGOTIATE',0,'we can give you all the good service'),
	(82,1,'FREE',0,'NONE',54,'FIXED_PRICE',123,'FREE',0,'FIXED_PRICE',150,'FIXED_PRICE',150,'NEGOTIATE',0,'we can give you all the good service'),
	(83,1,'FREE',0,'FIXED_PRICE',54,'FIXED_PRICE',123,'NONE',0,'FIXED_PRICE',150,'FIXED_PRICE',150,'NEGOTIATE',0,'we can give you all the good service'),
	(84,1,'FREE',0,'FIXED_PRICE',54,'NONE',123,'FREE',0,'FIXED_PRICE',150,'FIXED_PRICE',150,'NEGOTIATE',0,'we can give you all the good service'),
	(85,1,'NONE',0,'FIXED_PRICE',54,'FIXED_PRICE',123,'FREE',0,'FIXED_PRICE',150,'FIXED_PRICE',150,'NEGOTIATE',0,'we can give you all the good service'),
	(86,1,'FREE',0,'NONE',54,'FIXED_PRICE',123,'FREE',0,'FIXED_PRICE',150,'FIXED_PRICE',150,'NEGOTIATE',0,'we can give you all the good service'),
	(87,1,'FREE',0,'FIXED_PRICE',54,'FIXED_PRICE',123,'NONE',0,'FIXED_PRICE',150,'FIXED_PRICE',150,'NEGOTIATE',0,'we can give you all the good service'),
	(88,1,'FREE',0,'FIXED_PRICE',54,'FIXED_PRICE',123,'FREE',0,'NONE',150,'NONE',150,'NEGOTIATE',0,'we can give you all the good service'),
	(89,1,'NONE',0,'FIXED_PRICE',54,'FIXED_PRICE',123,'FREE',0,'FIXED_PRICE',150,'FIXED_PRICE',150,'NEGOTIATE',0,'we can give you all the good service'),
	(90,1,'FREE',0,'FIXED_PRICE',54,'FIXED_PRICE',123,'NONE',0,'FIXED_PRICE',150,'FIXED_PRICE',150,'NEGOTIATE',0,'we can give you all the good service'),
	(91,1,'NONE',0,'NONE',54,'FIXED_PRICE',123,'FREE',0,'FIXED_PRICE',150,'FIXED_PRICE',150,'NEGOTIATE',0,'we can give you all the good service'),
	(92,1,'FREE',0,'FIXED_PRICE',54,'FIXED_PRICE',123,'FREE',0,'NONE',150,'NONE',150,'NEGOTIATE',0,'we can give you all the good service'),
	(93,1,'FREE',0,'NONE',54,'FIXED_PRICE',123,'FREE',0,'FIXED_PRICE',150,'FIXED_PRICE',150,'NEGOTIATE',0,'we can give you all the good service'),
	(94,1,'FREE',0,'FIXED_PRICE',54,'FIXED_PRICE',123,'FREE',0,'FIXED_PRICE',150,'FIXED_PRICE',150,'NEGOTIATE',0,'we can give you all the good service'),
	(95,1,'FREE',0,'FIXED_PRICE',54,'FIXED_PRICE',123,'FREE',0,'FIXED_PRICE',150,'NONE',150,'NEGOTIATE',0,'we can give you all the good service'),
	(96,1,'NONE',0,'FIXED_PRICE',54,'NONE',123,'NONE',0,'FIXED_PRICE',150,'FIXED_PRICE',150,'NEGOTIATE',0,'we can give you all the good service'),
	(97,1,'FREE',0,'NONE',54,'FIXED_PRICE',123,'FREE',0,'FIXED_PRICE',150,'FIXED_PRICE',150,'NEGOTIATE',0,'we can give you all the good service'),
	(98,1,'FREE',0,'FIXED_PRICE',54,'FIXED_PRICE',123,'FREE',0,'NONE',150,'NONE',150,'NEGOTIATE',0,'we can give you all the good service'),
	(99,1,'FREE',0,'FIXED_PRICE',54,'FIXED_PRICE',123,'FREE',0,'FIXED_PRICE',150,'FIXED_PRICE',150,'NEGOTIATE',0,'we can give you all the good service'),
	(100,1,'FREE',101,'NONE',54,'FIXED_PRICE',123,'FREE',0,'FIXED_PRICE',150,'FIXED_PRICE',150,'NEGOTIATE',0,'we can give you all the good service'),
	(101,1,'FREE',NULL,'FIXED_PRICE',12,'NEGOTIATE',NULL,'NONE',12,'FREE',NULL,'NONE',12,'FIXED_PRICE',13,'123123'),
	(102,1,'FIXED_PRICE',12,'NEGOTIATE',12,'FREE',12,'NONE',12,'FREE',12,'NEGOTIATE',12,'NEGOTIATE',12,'123'),
	(103,1,'FREE',NULL,'FIXED_PRICE',100,'NEGOTIATE',NULL,'FREE',NULL,'NEGOTIATE',NULL,'FIXED_PRICE',100,'NEGOTIATE',NULL,NULL),
	(104,1,'FREE',NULL,'FIXED_PRICE',100,'NEGOTIATE',NULL,'FREE',NULL,'NEGOTIATE',NULL,'NONE',100,'NEGOTIATE',NULL,'this is goo d'),
	(105,1,'FREE',NULL,'FIXED_PRICE',100,'NEGOTIATE',NULL,'FREE',NULL,'NEGOTIATE',NULL,'FIXED_PRICE',100,'NEGOTIATE',NULL,'this is good'),
	(106,1,'FREE',NULL,'FIXED_PRICE',NULL,'FIXED_PRICE',12,'FIXED_PRICE',NULL,'FIXED_PRICE',12,'FIXED_PRICE',12,'NEGOTIATE',NULL,'good house'),
	(107,NULL,'FREE',NULL,'FIXED_PRICE',12,'FREE',NULL,'FIXED_PRICE',12,'FIXED_PRICE',12,'FREE',NULL,'FREE',NULL,'I like help people'),
	(108,1,'NONE',NULL,'NONE',NULL,'NONE',NULL,'NONE',NULL,'NONE',NULL,'NONE',NULL,NULL,NULL,NULL),
	(109,NULL,'FREE',12,'FREE',12,'FREE',12,'FREE',12,'FREE',12,'FREE',12,'FREE',12,NULL),
	(110,NULL,'FREE',12,'FIXED_PRICE',12,'FIXED_PRICE',12,'FIXED_PRICE',12,'FIXED_PRICE',12,'FIXED_PRICE',12,'FIXED_PRICE',12,'12');

/*!40000 ALTER TABLE `mgl_more_service` ENABLE KEYS */;
UNLOCK TABLES;


# Dump of table mrl_comment_guardian
# ------------------------------------------------------------

DROP TABLE IF EXISTS `mrl_comment_guardian`;

CREATE TABLE `mrl_comment_guardian` (
  `id` bigint(20) NOT NULL AUTO_INCREMENT,
  `created_date` timestamp NULL DEFAULT NULL,
  `is_publish` bit(1) DEFAULT NULL,
  `add_credit` bit(1) DEFAULT NULL,
  `description` varchar(255) DEFAULT NULL,
  `comment_image` varchar(255) DEFAULT NULL,
  `user_id` bigint(20) DEFAULT NULL,
  `guardian_id` bigint(20) DEFAULT NULL,
  PRIMARY KEY (`id`),
  KEY `fk_mrl_comment_guardian_user_id` (`user_id`),
  KEY `fk_mrl_comment_guardian_guardian_id` (`guardian_id`),
  CONSTRAINT `fk_mrl_comment_guardian_guardian_id` FOREIGN KEY (`guardian_id`) REFERENCES `mbe_guardian` (`id`),
  CONSTRAINT `fk_mrl_comment_guardian_user_id` FOREIGN KEY (`user_id`) REFERENCES `mbe_user` (`id`)
) ENGINE=InnoDB DEFAULT CHARSET=utf8;

LOCK TABLES `mrl_comment_guardian` WRITE;
/*!40000 ALTER TABLE `mrl_comment_guardian` DISABLE KEYS */;

INSERT INTO `mrl_comment_guardian` (`id`, `created_date`, `is_publish`, `add_credit`, `description`, `comment_image`, `user_id`, `guardian_id`)
VALUES
	(1,'2016-09-07 16:13:29',b'1',b'0','-()','upload6366322771421706735.jpg',2,1),
	(2,'2016-09-07 16:13:29',b'1',b'0','-()','upload6366322771421706735.jpg',2,1),
	(3,'2016-09-07 16:13:29',b'1',b'0','--16-1715','upload6366322771421706735.jpg',3,1),
	(4,'2016-09-07 16:13:29',b'1',b'0','2007NBA6NBA27216322.27.94.9','upload6366322771421706735.jpg',4,1),
	(5,'2016-09-07 16:13:29',b'1',b'0','2016125800\n\n','upload6366322771421706735.jpg',5,1),
	(6,'2016-09-07 16:13:29',b'1',b'0','CBA;NBA','upload6366322771421706735.jpg',6,1),
	(7,'2016-09-07 16:13:29',b'1',b'0','8610.73.02.535%','upload6366322771421706735.jpg',7,1),
	(8,'2016-09-07 16:13:29',b'1',b'0','comment the guardian1','upload6366322771421706735.jpg',8,1),
	(9,'2016-09-07 16:13:29',b'1',b'0','comment the guardian1','upload6366322771421706735.jpg',9,1),
	(10,'2016-09-07 16:13:29',b'1',b'0','comment the guardian1','upload6366322771421706735.jpg',10,1),
	(11,'2016-09-07 16:13:29',b'1',b'0','comment the guardian1','upload6366322771421706735.jpg',11,1),
	(12,'2016-09-07 16:13:29',b'1',b'0','comment the guardian1','upload6366322771421706735.jpg',12,1),
	(13,'2016-10-30 23:06:27',b'1',b'0','12',NULL,101,1),
	(14,'2016-10-30 23:19:38',b'1',b'0','123132',NULL,101,1),
	(15,'2016-10-30 23:21:57',b'1',b'0','123123','upload1191235095477344329.jpg',101,1),
	(16,'2016-11-03 19:42:07',b'1',b'0','1234','upload5501830461085239183.jpg',101,1),
	(17,'2016-11-03 19:42:24',b'1',b'0','567',NULL,101,1),
	(18,'2016-11-03 19:57:20',b'1',b'0','123123',NULL,101,1),
	(19,'2016-11-04 15:43:35',b'1',b'1','123123123ajskdfa;skldjfa; dfk','upload4720690267875701562.jpg',119,1),
	(20,'2016-11-07 00:12:21',b'1',b'0','123123',NULL,101,1),
	(21,'2016-11-07 00:12:01',b'0',b'1','456456',NULL,101,1);

/*!40000 ALTER TABLE `mrl_comment_guardian` ENABLE KEYS */;
UNLOCK TABLES;


# Dump of table mrl_comment_house
# ------------------------------------------------------------

DROP TABLE IF EXISTS `mrl_comment_house`;

CREATE TABLE `mrl_comment_house` (
  `id` bigint(20) NOT NULL AUTO_INCREMENT,
  `created_date` timestamp NULL DEFAULT NULL,
  `is_publish` bit(1) DEFAULT NULL,
  `add_credit` bit(1) DEFAULT NULL,
  `description` varchar(255) DEFAULT NULL,
  `comment_image` varchar(255) DEFAULT NULL,
  `user_id` bigint(20) DEFAULT NULL,
  `house_id` bigint(20) DEFAULT NULL,
  PRIMARY KEY (`id`),
  KEY `fk_mrl_comment_house_user_id` (`user_id`),
  KEY `fk_mrl_comment_house_house_id` (`house_id`),
  CONSTRAINT `fk_mrl_comment_house_house_id` FOREIGN KEY (`house_id`) REFERENCES `mbe_house` (`id`),
  CONSTRAINT `fk_mrl_comment_house_user_id` FOREIGN KEY (`user_id`) REFERENCES `mbe_user` (`id`)
) ENGINE=InnoDB DEFAULT CHARSET=utf8;

LOCK TABLES `mrl_comment_house` WRITE;
/*!40000 ALTER TABLE `mrl_comment_house` DISABLE KEYS */;

INSERT INTO `mrl_comment_house` (`id`, `created_date`, `is_publish`, `add_credit`, `description`, `comment_image`, `user_id`, `house_id`)
VALUES
	(1,'2016-09-07 16:13:29',b'1',b'0','comment house2','upload5739776916054816739.jpg',1,1),
	(2,'2016-09-07 16:13:29',b'1',b'0','-()','upload6366322771421706735.jpg',2,1),
	(3,'2016-09-07 16:13:29',b'1',b'0','--16-1715','upload6366322771421706735.jpg',3,1),
	(4,'2016-09-07 16:13:29',b'1',b'0','2007NBA6NBA27216322.27.94.9','upload6366322771421706735.jpg',4,1),
	(5,'2016-09-07 16:13:29',b'1',b'0','2016125800\n\n','upload6366322771421706735.jpg',5,1),
	(6,'2016-09-07 16:13:29',b'1',b'0','CBA;NBA','upload6366322771421706735.jpg',6,1),
	(7,'2016-09-07 16:13:29',b'1',b'0','8610.73.02.535%','upload6366322771421706735.jpg',7,1),
	(8,'2016-09-07 16:13:29',b'1',b'0','comment the guardian1','upload6366322771421706735.jpg',8,1),
	(9,'2016-09-07 16:13:29',b'1',b'0','comment the guardian1','upload6366322771421706735.jpg',9,1),
	(10,'2016-09-07 16:13:29',b'1',b'0','comment the guardian1','upload6366322771421706735.jpg',10,1),
	(11,'2016-09-07 16:13:29',b'1',b'0','comment the guardian1','upload6366322771421706735.jpg',11,1),
	(12,'2016-09-07 16:13:29',b'1',b'0','comment the guardian1','upload6366322771421706735.jpg',12,1),
	(13,'2016-11-07 15:12:09',b'0',b'0','123',NULL,101,1),
	(14,'2017-01-08 15:01:50',b'1',b'0','12',NULL,101,1),
	(15,'2017-02-02 13:23:52',b'1',b'0','1212','',101,108),
	(16,'2017-04-10 16:15:33',b'0',b'0','tyyy','',2,11);

/*!40000 ALTER TABLE `mrl_comment_house` ENABLE KEYS */;
UNLOCK TABLES;


# Dump of table mrl_comment_record
# ------------------------------------------------------------

DROP TABLE IF EXISTS `mrl_comment_record`;

CREATE TABLE `mrl_comment_record` (
  `id` bigint(20) NOT NULL AUTO_INCREMENT,
  `created_date` timestamp NULL DEFAULT NULL,
  `user_id` bigint(20) DEFAULT NULL,
  `comment_id` bigint(20) DEFAULT NULL,
  `comment_type_id` bigint(20) DEFAULT NULL,
  PRIMARY KEY (`id`)
) ENGINE=InnoDB DEFAULT CHARSET=utf8;

LOCK TABLES `mrl_comment_record` WRITE;
/*!40000 ALTER TABLE `mrl_comment_record` DISABLE KEYS */;

INSERT INTO `mrl_comment_record` (`id`, `created_date`, `user_id`, `comment_id`, `comment_type_id`)
VALUES
	(1,'2017-02-03 19:43:56',138,1,1),
	(2,'2017-02-04 23:33:56',138,1,1),
	(3,'2017-02-06 15:14:35',138,1,1),
	(4,'2017-02-07 20:58:34',102,1,1);

/*!40000 ALTER TABLE `mrl_comment_record` ENABLE KEYS */;
UNLOCK TABLES;


# Dump of table mrl_comment_student
# ------------------------------------------------------------

DROP TABLE IF EXISTS `mrl_comment_student`;

CREATE TABLE `mrl_comment_student` (
  `id` bigint(20) NOT NULL AUTO_INCREMENT,
  `created_date` timestamp NULL DEFAULT NULL,
  `is_publish` bit(1) DEFAULT NULL,
  `add_credit` bit(1) DEFAULT NULL,
  `description` varchar(255) DEFAULT NULL,
  `comment_image` varchar(255) DEFAULT NULL,
  `user_id` bigint(20) DEFAULT NULL,
  `student_id` bigint(20) DEFAULT NULL,
  PRIMARY KEY (`id`),
  KEY `fk_mrl_comment_student_user_id` (`user_id`),
  KEY `fk_mrl_comment_student_student_id` (`student_id`),
  CONSTRAINT `fk_mrl_comment_student_student_id` FOREIGN KEY (`student_id`) REFERENCES `mbe_student` (`id`),
  CONSTRAINT `fk_mrl_comment_student_user_id` FOREIGN KEY (`user_id`) REFERENCES `mbe_user` (`id`)
) ENGINE=InnoDB DEFAULT CHARSET=utf8;

LOCK TABLES `mrl_comment_student` WRITE;
/*!40000 ALTER TABLE `mrl_comment_student` DISABLE KEYS */;

INSERT INTO `mrl_comment_student` (`id`, `created_date`, `is_publish`, `add_credit`, `description`, `comment_image`, `user_id`, `student_id`)
VALUES
	(1,'2016-09-07 16:13:29',b'1',b'0','comment student','upload27555420965245515.jpg',1,2),
	(2,'2016-09-07 16:13:29',b'1',b'0','comment student3','upload494918198889227256.jpg',1,2),
	(3,'2016-09-07 16:13:29',b'1',b'0','--16-1715','upload6366322771421706735.jpg',3,1),
	(4,'2016-09-07 16:13:29',b'1',b'0','2007NBA6NBA27216322.27.94.9','upload6366322771421706735.jpg',4,1),
	(5,'2016-09-07 16:13:29',b'1',b'0','2016125800\n\n','upload6366322771421706735.jpg',5,1),
	(6,'2016-09-07 16:13:29',b'1',b'0','CBA;NBA','upload6366322771421706735.jpg',6,1),
	(7,'2016-09-07 16:13:29',b'1',b'0','8610.73.02.535%','upload6366322771421706735.jpg',7,1),
	(8,'2016-09-07 16:13:29',b'1',b'0','-()','upload6366322771421706735.jpg',2,1),
	(9,'2016-09-07 16:13:29',b'1',b'0','comment the guardian1','upload6366322771421706735.jpg',9,1),
	(10,'2016-09-07 16:13:29',b'1',b'0','comment the guardian1','upload6366322771421706735.jpg',10,1),
	(11,'2016-09-07 16:13:29',b'1',b'0','comment the guardian1','upload6366322771421706735.jpg',11,1),
	(12,'2016-09-07 16:13:29',b'1',b'0','comment the guardian1','upload6366322771421706735.jpg',12,1),
	(13,'2016-11-03 21:53:54',b'1',b'0','123',NULL,101,107),
	(14,'2016-11-07 15:12:23',b'0',b'0','123',NULL,101,1),
	(15,'2017-02-02 15:39:01',b'1',b'0','12','',101,1),
	(16,'2017-02-02 16:02:26',b'0',b'0','123123','',101,1),
	(17,'2017-02-02 16:04:50',b'1',b'0','qwe','',101,5),
	(18,'2017-04-10 16:15:19',b'0',b'0','wwwww','',2,NULL);

/*!40000 ALTER TABLE `mrl_comment_student` ENABLE KEYS */;
UNLOCK TABLES;


# Dump of table mrl_comment_training
# ------------------------------------------------------------

DROP TABLE IF EXISTS `mrl_comment_training`;

CREATE TABLE `mrl_comment_training` (
  `id` bigint(20) NOT NULL AUTO_INCREMENT,
  `created_date` timestamp NULL DEFAULT NULL,
  `is_publish` bit(1) DEFAULT NULL,
  `add_credit` bit(1) DEFAULT NULL,
  `description` varchar(255) DEFAULT NULL,
  `comment_image` varchar(255) DEFAULT NULL,
  `user_id` bigint(20) DEFAULT NULL,
  `training_id` bigint(20) DEFAULT NULL,
  PRIMARY KEY (`id`),
  KEY `fk_mrl_comment_training_user_id` (`user_id`),
  KEY `fk_mrl_comment_training_training_id` (`training_id`),
  CONSTRAINT `fk_mrl_comment_training_training_id` FOREIGN KEY (`training_id`) REFERENCES `mbe_training` (`id`),
  CONSTRAINT `fk_mrl_comment_training_user_id` FOREIGN KEY (`user_id`) REFERENCES `mbe_user` (`id`)
) ENGINE=InnoDB DEFAULT CHARSET=utf8;

LOCK TABLES `mrl_comment_training` WRITE;
/*!40000 ALTER TABLE `mrl_comment_training` DISABLE KEYS */;

INSERT INTO `mrl_comment_training` (`id`, `created_date`, `is_publish`, `add_credit`, `description`, `comment_image`, `user_id`, `training_id`)
VALUES
	(1,'2016-09-07 16:13:29',b'1',b'0','comment training4','upload4114786446337041385.jpg',1,1),
	(2,'2016-09-07 16:13:29',b'1',b'0','-()','upload6366322771421706735.jpg',2,1),
	(3,'2016-09-07 16:13:29',b'1',b'0','--16-1715','upload6366322771421706735.jpg',3,1),
	(4,'2016-09-07 16:13:29',b'1',b'0','2007NBA6NBA27216322.27.94.9','upload6366322771421706735.jpg',4,1),
	(5,'2016-09-07 16:13:29',b'1',b'0','2016125800\n\n','upload6366322771421706735.jpg',5,1),
	(6,'2016-09-07 16:13:29',b'1',b'0','CBA;NBA','upload6366322771421706735.jpg',6,1),
	(7,'2016-09-07 16:13:29',b'1',b'0','8610.73.02.535%','upload6366322771421706735.jpg',7,1),
	(8,'2016-09-07 16:13:29',b'1',b'0','-()','upload6366322771421706735.jpg',2,1),
	(9,'2016-09-07 16:13:29',b'1',b'0','comment the guardian1','upload6366322771421706735.jpg',9,1),
	(10,'2016-09-07 16:13:29',b'1',b'0','comment the guardian1','upload6366322771421706735.jpg',10,1),
	(11,'2016-09-07 16:13:29',b'1',b'0','comment the guardian1','upload6366322771421706735.jpg',11,1),
	(12,'2016-09-07 16:13:29',b'1',b'0','comment the guardian1','upload6366322771421706735.jpg',12,1),
	(13,'2016-11-03 19:42:41',b'1',b'0','123',NULL,101,1),
	(14,'2016-11-07 15:12:04',b'0',b'0','qweqweqwe','upload4901740484179306489.jpg',119,1),
	(15,'2017-01-23 00:24:21',b'1',b'0','','upload2481103921270580814.jpg',138,1),
	(16,'2017-01-23 00:26:02',b'1',b'0','12','upload2633307552831619751.jpg',138,1);

/*!40000 ALTER TABLE `mrl_comment_training` ENABLE KEYS */;
UNLOCK TABLES;


# Dump of table mrl_complain_guardian
# ------------------------------------------------------------

DROP TABLE IF EXISTS `mrl_complain_guardian`;

CREATE TABLE `mrl_complain_guardian` (
  `id` bigint(20) NOT NULL AUTO_INCREMENT,
  `created_date` timestamp NULL DEFAULT NULL,
  `complaint_phone_number` varchar(255) DEFAULT NULL,
  `wechat_number` varchar(255) DEFAULT NULL,
  `complain_status` varchar(255) DEFAULT NULL,
  `description` varchar(255) DEFAULT NULL,
  `user_id` bigint(20) DEFAULT NULL,
  `guardian_id` bigint(20) DEFAULT NULL,
  PRIMARY KEY (`id`),
  KEY `fk_mrl_complain_guardian_user_id` (`user_id`),
  KEY `fk_mrl_complain_guardian_guardian_id` (`guardian_id`),
  CONSTRAINT `fk_mrl_complain_guardian_guardian_id` FOREIGN KEY (`guardian_id`) REFERENCES `mbe_guardian` (`id`),
  CONSTRAINT `fk_mrl_complain_guardian_user_id` FOREIGN KEY (`user_id`) REFERENCES `mbe_user` (`id`)
) ENGINE=InnoDB DEFAULT CHARSET=utf8;

LOCK TABLES `mrl_complain_guardian` WRITE;
/*!40000 ALTER TABLE `mrl_complain_guardian` DISABLE KEYS */;

INSERT INTO `mrl_complain_guardian` (`id`, `created_date`, `complaint_phone_number`, `wechat_number`, `complain_status`, `description`, `user_id`, `guardian_id`)
VALUES
	(1,'2016-12-09 14:24:22','416 888 9999','12314123','UNPROCESSED','not happy1',1,5),
	(2,'2016-10-30 20:40:39','12','12','UNPROCESSED','12',101,1),
	(3,'2016-11-12 13:23:16','121212','12','PROCESSED','12',101,1),
	(4,'2016-10-30 20:49:31','12','sd','UNPROCESSED','sd',101,1),
	(5,'2016-11-12 13:23:18','123','123','PROCESSED','123',101,1),
	(6,'2016-11-04 15:43:41','awe','qweq','UNPROCESSED','qweqwe',119,1),
	(7,'2017-04-10 14:25:54','6472228899','wwww','UNPROCESSED','wwwwww',2,9);

/*!40000 ALTER TABLE `mrl_complain_guardian` ENABLE KEYS */;
UNLOCK TABLES;


# Dump of table mrl_complain_house
# ------------------------------------------------------------

DROP TABLE IF EXISTS `mrl_complain_house`;

CREATE TABLE `mrl_complain_house` (
  `id` bigint(20) NOT NULL AUTO_INCREMENT,
  `created_date` timestamp NULL DEFAULT NULL,
  `complaint_phone_number` varchar(255) DEFAULT NULL,
  `wechat_number` varchar(255) DEFAULT NULL,
  `complain_status` varchar(255) DEFAULT NULL,
  `description` varchar(255) DEFAULT NULL,
  `user_id` bigint(20) DEFAULT NULL,
  `house_id` bigint(20) DEFAULT NULL,
  PRIMARY KEY (`id`),
  KEY `fk_mrl_complain_house_user_id` (`user_id`),
  KEY `fk_mrl_complain_house_house_id` (`house_id`),
  CONSTRAINT `fk_mrl_complain_house_house_id` FOREIGN KEY (`house_id`) REFERENCES `mbe_house` (`id`),
  CONSTRAINT `fk_mrl_complain_house_user_id` FOREIGN KEY (`user_id`) REFERENCES `mbe_user` (`id`)
) ENGINE=InnoDB DEFAULT CHARSET=utf8;

LOCK TABLES `mrl_complain_house` WRITE;
/*!40000 ALTER TABLE `mrl_complain_house` DISABLE KEYS */;

INSERT INTO `mrl_complain_house` (`id`, `created_date`, `complaint_phone_number`, `wechat_number`, `complain_status`, `description`, `user_id`, `house_id`)
VALUES
	(1,'2016-11-12 13:23:41','416 888 9999','ad','PROCESSED','sdfassdf2',1,1),
	(2,'2016-10-30 20:50:39','12','12','UNPROCESSED','12',101,1),
	(3,'2016-11-12 13:23:49','123','123','PROCESSED','123',101,1),
	(4,'2017-01-08 15:01:39','12','12','UNPROCESSED','12',101,1),
	(5,'2017-04-10 15:02:51','647','ww','UNPROCESSED','weeeee',2,11),
	(6,'2017-04-10 16:15:50','6478900000','we','UNPROCESSED','tyyy',2,11);

/*!40000 ALTER TABLE `mrl_complain_house` ENABLE KEYS */;
UNLOCK TABLES;


# Dump of table mrl_complain_training
# ------------------------------------------------------------

DROP TABLE IF EXISTS `mrl_complain_training`;

CREATE TABLE `mrl_complain_training` (
  `id` bigint(20) NOT NULL AUTO_INCREMENT,
  `created_date` timestamp NULL DEFAULT NULL,
  `complaint_phone_number` varchar(255) DEFAULT NULL,
  `wechat_number` varchar(255) DEFAULT NULL,
  `complain_status` varchar(255) DEFAULT NULL,
  `description` varchar(255) DEFAULT NULL,
  `user_id` bigint(20) DEFAULT NULL,
  `training_id` bigint(20) DEFAULT NULL,
  PRIMARY KEY (`id`),
  KEY `fk_mrl_complain_training_user_id` (`user_id`),
  KEY `fk_mrl_complain_training_training_id` (`training_id`),
  CONSTRAINT `fk_mrl_complain_training_training_id` FOREIGN KEY (`training_id`) REFERENCES `mbe_training` (`id`),
  CONSTRAINT `fk_mrl_complain_training_user_id` FOREIGN KEY (`user_id`) REFERENCES `mbe_user` (`id`)
) ENGINE=InnoDB DEFAULT CHARSET=utf8;

LOCK TABLES `mrl_complain_training` WRITE;
/*!40000 ALTER TABLE `mrl_complain_training` DISABLE KEYS */;

INSERT INTO `mrl_complain_training` (`id`, `created_date`, `complaint_phone_number`, `wechat_number`, `complain_status`, `description`, `user_id`, `training_id`)
VALUES
	(1,'2016-11-12 13:23:32','416 888 9999','3212','PROCESSED','123123sasdfja;sdf 33',1,1),
	(2,'2016-10-30 20:49:40','55','55','UNPROCESSED','555',101,1),
	(3,'2016-11-03 20:13:26','123','123','UNPROCESSED','123',101,1),
	(4,'2017-01-23 00:25:25','1231','123','UNPROCESSED','ac f',138,1);

/*!40000 ALTER TABLE `mrl_complain_training` ENABLE KEYS */;
UNLOCK TABLES;


# Dump of table mrl_house_near_school
# ------------------------------------------------------------

DROP TABLE IF EXISTS `mrl_house_near_school`;

CREATE TABLE `mrl_house_near_school` (
  `id` bigint(20) NOT NULL AUTO_INCREMENT,
  `created_date` timestamp NULL DEFAULT NULL,
  `school_id` bigint(20) DEFAULT NULL,
  `house_id` bigint(20) DEFAULT NULL,
  PRIMARY KEY (`id`),
  KEY `fk_mrl_house_near_school_school_id` (`school_id`),
  KEY `fk_mrl_house_near_school_house_id` (`house_id`),
  CONSTRAINT `fk_mrl_house_near_school_house_id` FOREIGN KEY (`house_id`) REFERENCES `mbe_house` (`id`),
  CONSTRAINT `fk_mrl_house_near_school_school_id` FOREIGN KEY (`school_id`) REFERENCES `mbe_school` (`id`)
) ENGINE=InnoDB DEFAULT CHARSET=utf8;



# Dump of table mrl_recommend_guardian
# ------------------------------------------------------------

DROP TABLE IF EXISTS `mrl_recommend_guardian`;

CREATE TABLE `mrl_recommend_guardian` (
  `id` bigint(20) NOT NULL AUTO_INCREMENT,
  `created_date` timestamp NULL DEFAULT NULL,
  `user_id` bigint(20) DEFAULT NULL,
  `guardian_id` bigint(20) DEFAULT NULL,
  `type` int(11) DEFAULT NULL,
  PRIMARY KEY (`id`),
  KEY `fk_mrl_recommend_guardian_user_id` (`user_id`),
  KEY `fk_mrl_recommend_guardian_guardian_id` (`guardian_id`),
  CONSTRAINT `fk_mrl_recommend_guardian_guardian_id` FOREIGN KEY (`guardian_id`) REFERENCES `mbe_guardian` (`id`),
  CONSTRAINT `fk_mrl_recommend_guardian_user_id` FOREIGN KEY (`user_id`) REFERENCES `mbe_user` (`id`)
) ENGINE=InnoDB DEFAULT CHARSET=utf8;

LOCK TABLES `mrl_recommend_guardian` WRITE;
/*!40000 ALTER TABLE `mrl_recommend_guardian` DISABLE KEYS */;

INSERT INTO `mrl_recommend_guardian` (`id`, `created_date`, `user_id`, `guardian_id`, `type`)
VALUES
	(1,'2016-09-18 17:30:23',1,106,1),
	(2,'2016-09-18 17:34:55',2,106,1),
	(3,'2016-09-18 17:36:37',3,106,1),
	(4,'2016-09-23 15:23:13',4,106,1),
	(5,'2016-10-02 12:48:52',5,106,1),
	(6,'2016-09-18 17:30:23',6,106,1),
	(7,'2016-09-18 17:34:55',7,106,1),
	(8,'2016-09-18 17:36:37',8,106,1),
	(9,'2016-09-23 15:23:13',9,106,1),
	(10,'2016-10-02 12:48:52',10,106,1),
	(11,'2016-10-23 20:03:53',11,106,1),
	(12,'2016-10-23 20:04:02',12,106,1),
	(13,'2016-10-23 20:04:30',13,106,1),
	(14,'2016-10-23 20:15:49',14,106,1),
	(15,'2016-10-24 00:15:23',15,106,1),
	(16,'2016-11-03 13:24:44',16,106,1),
	(17,'2016-11-03 13:31:47',17,106,1),
	(18,'2016-11-03 14:20:21',18,106,1),
	(19,'2016-11-03 15:20:52',101,1,1),
	(20,'2016-11-04 15:29:00',1,107,1),
	(21,'2016-11-04 15:29:14',2,107,1),
	(22,'2016-11-04 15:43:19',119,1,1),
	(23,'2016-11-04 15:45:22',4,107,1),
	(24,'2016-11-19 23:30:02',22,106,NULL),
	(25,'2016-11-19 23:31:05',23,106,NULL),
	(26,'2016-11-19 23:31:17',24,106,NULL),
	(27,'2016-11-19 23:32:37',19,106,NULL),
	(28,'2016-12-09 16:53:05',3,67,NULL),
	(29,'2017-01-22 22:51:22',13,109,1),
	(30,'2017-01-29 17:40:58',3,109,0),
	(31,'2017-04-10 15:48:58',102,2,0),
	(32,'2017-04-10 15:49:11',1,2,0),
	(33,'2017-04-10 15:49:33',149,2,0);

/*!40000 ALTER TABLE `mrl_recommend_guardian` ENABLE KEYS */;
UNLOCK TABLES;


# Dump of table mrl_recommend_house
# ------------------------------------------------------------

DROP TABLE IF EXISTS `mrl_recommend_house`;

CREATE TABLE `mrl_recommend_house` (
  `id` bigint(20) NOT NULL AUTO_INCREMENT,
  `created_date` timestamp NULL DEFAULT NULL,
  `user_id` bigint(20) DEFAULT NULL,
  `house_id` bigint(20) DEFAULT NULL,
  `type` int(11) DEFAULT NULL,
  PRIMARY KEY (`id`),
  KEY `fk_mrl_recommend_house_user_id` (`user_id`),
  KEY `fk_mrl_recommend_house_house_id` (`house_id`),
  CONSTRAINT `fk_mrl_recommend_house_house_id` FOREIGN KEY (`house_id`) REFERENCES `mbe_house` (`id`),
  CONSTRAINT `fk_mrl_recommend_house_user_id` FOREIGN KEY (`user_id`) REFERENCES `mbe_user` (`id`)
) ENGINE=InnoDB DEFAULT CHARSET=utf8;

LOCK TABLES `mrl_recommend_house` WRITE;
/*!40000 ALTER TABLE `mrl_recommend_house` DISABLE KEYS */;

INSERT INTO `mrl_recommend_house` (`id`, `created_date`, `user_id`, `house_id`, `type`)
VALUES
	(1,'2016-09-18 18:22:55',3,1,0),
	(2,'2016-10-26 16:05:56',1,101,0),
	(3,'2016-10-26 17:11:05',2,101,0),
	(4,'2016-10-26 17:11:22',3,102,0),
	(5,'2016-10-26 19:08:26',3,101,0),
	(6,'2016-10-26 22:55:17',4,102,0),
	(7,'2016-11-03 13:52:08',4,101,0),
	(8,'2016-11-03 14:00:07',5,101,0),
	(9,'2016-11-03 15:32:16',101,1,0),
	(10,'2016-11-04 15:33:48',1,104,0),
	(11,'2017-01-22 23:35:19',1,108,0),
	(12,'2017-01-22 23:35:24',33,108,0),
	(13,'2017-01-24 21:38:46',33,103,0),
	(14,'2017-01-29 16:41:50',101,108,1),
	(15,'2017-01-29 17:10:03',2,108,0),
	(16,'2017-01-29 17:20:10',3,108,0),
	(17,'2017-01-29 17:38:38',4,108,0),
	(18,'2017-01-29 18:28:29',138,108,1),
	(19,'2017-04-10 16:01:04',149,109,0);

/*!40000 ALTER TABLE `mrl_recommend_house` ENABLE KEYS */;
UNLOCK TABLES;


# Dump of table mrl_recommend_student
# ------------------------------------------------------------

DROP TABLE IF EXISTS `mrl_recommend_student`;

CREATE TABLE `mrl_recommend_student` (
  `id` bigint(20) NOT NULL AUTO_INCREMENT,
  `created_date` timestamp NULL DEFAULT NULL,
  `user_id` bigint(20) DEFAULT NULL,
  `student_id` bigint(20) DEFAULT NULL,
  `type` int(11) DEFAULT NULL,
  PRIMARY KEY (`id`),
  KEY `fk_mrl_recommend_student_user_id` (`user_id`),
  KEY `fk_mrl_recommend_student_student_id` (`student_id`),
  CONSTRAINT `fk_mrl_recommend_student_student_id` FOREIGN KEY (`student_id`) REFERENCES `mbe_student` (`id`),
  CONSTRAINT `fk_mrl_recommend_student_user_id` FOREIGN KEY (`user_id`) REFERENCES `mbe_user` (`id`)
) ENGINE=InnoDB DEFAULT CHARSET=utf8;

LOCK TABLES `mrl_recommend_student` WRITE;
/*!40000 ALTER TABLE `mrl_recommend_student` DISABLE KEYS */;

INSERT INTO `mrl_recommend_student` (`id`, `created_date`, `user_id`, `student_id`, `type`)
VALUES
	(1,'2016-09-18 18:23:00',3,1,1),
	(2,'2016-11-03 21:10:00',101,107,1),
	(3,'2016-11-03 21:51:24',101,1,1);

/*!40000 ALTER TABLE `mrl_recommend_student` ENABLE KEYS */;
UNLOCK TABLES;


# Dump of table mrl_recommend_training
# ------------------------------------------------------------

DROP TABLE IF EXISTS `mrl_recommend_training`;

CREATE TABLE `mrl_recommend_training` (
  `id` bigint(20) NOT NULL AUTO_INCREMENT,
  `created_date` timestamp NULL DEFAULT NULL,
  `user_id` bigint(20) DEFAULT NULL,
  `training_id` bigint(20) DEFAULT NULL,
  `type` int(11) DEFAULT NULL,
  PRIMARY KEY (`id`),
  KEY `fk_mrl_recommend_training_user_id` (`user_id`),
  KEY `fk_mrl_recommend_training_training_id` (`training_id`),
  CONSTRAINT `fk_mrl_recommend_training_training_id` FOREIGN KEY (`training_id`) REFERENCES `mbe_training` (`id`),
  CONSTRAINT `fk_mrl_recommend_training_user_id` FOREIGN KEY (`user_id`) REFERENCES `mbe_user` (`id`)
) ENGINE=InnoDB DEFAULT CHARSET=utf8;

LOCK TABLES `mrl_recommend_training` WRITE;
/*!40000 ALTER TABLE `mrl_recommend_training` DISABLE KEYS */;

INSERT INTO `mrl_recommend_training` (`id`, `created_date`, `user_id`, `training_id`, `type`)
VALUES
	(1,'2016-09-18 18:23:03',3,1,0),
	(2,'2016-10-24 00:23:17',1,61,0),
	(3,'2016-10-24 00:23:45',2,61,0),
	(4,'2016-10-24 14:48:05',3,61,0),
	(5,'2016-11-03 13:31:35',4,61,0),
	(6,'2016-11-03 15:21:17',101,1,0),
	(7,'2016-11-04 15:31:31',1,62,0),
	(8,'2016-11-19 23:32:53',5,61,0),
	(9,'2016-11-19 23:32:59',6,61,0),
	(10,'2016-12-09 14:34:22',7,61,0),
	(11,'2017-01-22 22:52:16',3,63,0),
	(12,'2017-01-22 22:52:25',33,63,0),
	(13,'2017-01-22 22:53:21',14,63,0),
	(14,'2017-01-29 17:55:59',4,63,0),
	(15,'2017-02-08 16:32:25',8,61,0);

/*!40000 ALTER TABLE `mrl_recommend_training` ENABLE KEYS */;
UNLOCK TABLES;


# Dump of table mrl_student_apply_school
# ------------------------------------------------------------

DROP TABLE IF EXISTS `mrl_student_apply_school`;

CREATE TABLE `mrl_student_apply_school` (
  `id` bigint(20) NOT NULL AUTO_INCREMENT,
  `created_date` timestamp NULL DEFAULT NULL,
  `grade` int(11) DEFAULT NULL,
  `school_id` bigint(20) DEFAULT NULL,
  `student_id` bigint(20) DEFAULT NULL,
  PRIMARY KEY (`id`),
  KEY `fk_mrl_student_apply_school_school_id` (`school_id`),
  KEY `fk_mrl_student_apply_school_student_id` (`student_id`),
  CONSTRAINT `fk_mrl_student_apply_school_school_id` FOREIGN KEY (`school_id`) REFERENCES `mbe_school` (`id`),
  CONSTRAINT `fk_mrl_student_apply_school_student_id` FOREIGN KEY (`student_id`) REFERENCES `mbe_student` (`id`)
) ENGINE=InnoDB DEFAULT CHARSET=utf8;

LOCK TABLES `mrl_student_apply_school` WRITE;
/*!40000 ALTER TABLE `mrl_student_apply_school` DISABLE KEYS */;

INSERT INTO `mrl_student_apply_school` (`id`, `created_date`, `grade`, `school_id`, `student_id`)
VALUES
	(1,NULL,NULL,NULL,NULL),
	(2,'2016-10-02 12:42:25',NULL,2,1),
	(3,'2016-10-02 12:42:38',NULL,3,1),
	(4,'2016-10-02 15:15:13',NULL,10,1),
	(5,'2016-10-02 15:15:31',NULL,3,2),
	(6,'2016-10-03 11:19:32',NULL,1,2),
	(8,'2016-11-04 15:39:57',NULL,60,108),
	(9,'2016-11-04 15:40:17',NULL,61,108),
	(10,'2016-11-05 23:25:01',NULL,63,107),
	(11,'2017-04-10 14:51:18',NULL,79,19);

/*!40000 ALTER TABLE `mrl_student_apply_school` ENABLE KEYS */;
UNLOCK TABLES;



/*!40111 SET SQL_NOTES=@OLD_SQL_NOTES */;
/*!40101 SET SQL_MODE=@OLD_SQL_MODE */;
/*!40014 SET FOREIGN_KEY_CHECKS=@OLD_FOREIGN_KEY_CHECKS */;
/*!40101 SET CHARACTER_SET_CLIENT=@OLD_CHARACTER_SET_CLIENT */;
/*!40101 SET CHARACTER_SET_RESULTS=@OLD_CHARACTER_SET_RESULTS */;
/*!40101 SET COLLATION_CONNECTION=@OLD_COLLATION_CONNECTION */;
